text,label
essential duties and responsibilities assist in developing the engineering cost estimate per job definition document develop the project schedule in alignment with the scope able to understand and comprehend the major process steps involved in the project understand standard project deliverables such as process flow diagramâpid area classification drawing electrical oneline drawing etc and major tasks involved in generating each deliverable assist in developing the project execution plan interface with the client and develop rapport monitor and track project budget and schedule perform budget and schedule variance analysis at set intervals during the project execution phase to help project leads and clients track the project progress investigate project cost and schedule variances effective communication skills  with the client and interdiscipline personnel within the company perform earned manhours calculations to estimate the real progress of the project follow and implement standard project procedures per project procedure manual soft skills to interact with multidiscipline technical staff and promote team spirit to execute the project successfully generate project reports weekly work plans etc generate design change orders for applicability to cost and schedule control both with respect to original scope and fees assist in project closeout with project leads,1
the field engineering team at databricks is in charge of leading the adoption of apache spark and databricks cloud â our team engages with the developer community to train and evangelize spark meets with customers to suggest solutions that they can build with the technology and sees customers through implementing and troubleshooting production systems â every member of our team is expected to become an apache spark expert and to be excellent at interacting with spark usersapache spark is one of the fastest growing open source technologies out there and we are looking for an evangelist to support the existing community and grow it even faster â you will have responsibility for engaging the community by organizing developer events and promoting our technology through social media channels you will also help collect and convey feedback from our community to internal product teams and engineers you must believe in our technology and understand what makes it uniqueresponsibilitiesengage with conferences meetups and other eventspromote through social media channelstrack community contributorsspeakersinfluencerssummarize feedback for product teams and engineeringcreate and extend demo appshelp develop videowritten resources,0
we provide no credit check financing to customers of small and medium size businesses and can help 90 of the industries from auto mechanics to dentists and lawyerswe are seeking skilled account managers to grow with us and help us achieve our goals in this new and exciting industrythis is designed as a longterm position for an entrepreneurial individual to really build their book of business along with their incomeour people enjoy a flexible work environment high earnings with great incentives like corporate retreats and quick advancement opportunities,1
we have the demand we are looking for people that are quick learners and are very efficient to handle the demand we have the best mortgage protection program in the business and we have serious demand nationwide especially in the 703202301 area after all we are in a market where 95 of all americans if they added up all the insurances that they hold would not have enough to cover their mortgage can you imagine a product that everybody needs not just wants and all you have to do is meet with people that have already requested our service no cold calling or door knocking we are looking for someone that is very professional and is able to learn quickly because you cant make six figures in a year by moving slowly we will train you in every aspect of the business and will show you how to personally produce a monthly commission of at least 700010000 we have the tools and we are looking to bring on someone that we can groom into management you will learn this business and eventually we plan to teach you how to build a strong staff that you will train to move product the same way that you do this combination should easily push you into a yearly compensation of 150k within your first 3 years in the business if you move at a steady pace industry experience is not necessary but a track record of success is our company mails out over 15 million letters each week and our homeowners fill out a questionnaire and mail back the request for coverage to us we simply call that exclusive lead and set up an appointment with them we meet the customer in their home and go over what type of mortgage protection the homeowner needs and then write up the policy we also market and promote fixed indexed annuities that solve most of the baby boomers retirement issues we have many full time agents making over 6 and 7 figure incomes we are primarily looking for those that desire to move into management though if you are looking for part time or full time warm sales please send your resume as well we have a serious demand all over the 703202301 area that consistently outweighs our number of agents typically our employees make 30k part time 75100k full time 100k management though we design a specific plan to make sure you hit whatever compensation you seriously desire and are willing to work for what we are looking for  a passion to honestly help families  positive attitude with a strong desire to become wealthy  a person who can follow a step by step selling system what we are not looking for someone who isnt accountable to their word someone who says they are a great salesman but doesnt have a penny to their name someone who has had a recent foreclosure or bankruptcy you cant get licensed in those cases we need you and you need us contact us with your resume preferred or call the hiring managerâ with your information for possible interviewââ â â compensation 30k part time 75100k full time 100k management,1
shapeways is a fastgrowing global startup with the goal of making 3d printing more accessible and affordable everything we make is custom tailored to our customers wishes want to help deliver excellence to our growing community youll be the one making sure that every customer order is printed to perfectionposition summarywe are looking for a whipsmart agile financial accountant to join our growing finance team at shapeways the financial accountant will focus on the large volume of transactional accounting that our business generates daily our goal is to provide a high level of service to the company ensuring that the people who rely on us our colleagues our suppliers our business partners our directors have access to timely accurate information about our business everything we do is geared towards making sure that the finance department runs efficiently and that the books and records of the corporation are accurate the department is fast nimble and adaptable to a growing changing environment where new challenges present themselves on a regular basisresponsibilitiesassist with all payables and refund processing as requiredfinancial statement preparation and analysiscorporate credit card accounting and ownership of programgeneral ledger accountinggeneral ledger system design and implementationshopowner markup reporting and paymentsbudget to actual variance analysisfixed asset accountingsales taxcash reconciliationsaccrual analysis and preparationpayroll accountingmulticurrency accounting,0
dyson demonstrators work parttime as members of the field sales team to engage consumers in an energetic and confident manner and provide them with knowledgeable information about dyson products in select retail locations ie costco bed bath andbeyond and best buy or events across the united states the most important part of a demonstratorsâ job is to create a positive experience with the store and the consumers assisting in the sale of dyson products to achieve company specified sales goals demonstrations occur on saturdays sundays and some weekday holidays demonstrators must work a minimum of 3 out of 4 weekends per month within an assigned marketâ we are in need of bilingual english amp spanish demonstratorspay 2000hrâ duties and responsibilities ââ conduct planned demonstrations in assigned retail stores to achieve specified sales goalsââ capture consumersâ attention to participate in high energy captivating instore demonstrations and model all aspects of dysonâs brand culture and passion for technologyââ be a credible product and brand expert by educating consumers on the benefits and features of dyson products and actively listening to consumers to confidently recommend appropriate dyson products and comfortably over objectionsââ increase overall awareness and sales of dyson products through in store and event demonstrationsââ actively monitor dysonâs online reporting system to contribute quality feedback and reportconfirm attendance,1
if you have a passion for people and love to sell over the telephone this roles is for youâ overview  are you focused on achieving goals and enjoying its rewards  are you outgoing and love talking on the phone  do you like to achieve high goals and get rewarded for your achievements  do you have a fabulous telephone voice  do you want to grow with a fast moving company  can you work morning shifts from 830am  1230pm  or afternoon shits from 2pm â 5pm â,0
viva services the largest online services company in greece offering innovative services in the areas of travel ticketing telecoms insurance and more is expanding its business in greece and internationally and is seeking a highly qualified professional to man the â infrastructure amp operationsâ departmentâ the ideal candidate shouldmanage and monitor all installed systems and infrastructureinstall configure test and maintain operating systems application software and system management toolsproactively ensure the highest levels of systems and infrastructure availabilitymonitor and test application performance for potential bottlenecks identify possible solutions and work with developers to implement those fixesmaintain security backup and redundancy strategieswrite and maintain custom scripts to increase system efficiency and lower the human intervention time on any tasksparticipate in the design of information and operational support systemsprovide 2nd and 3rd level supportliaise with vendors and other it personnel for problem resolution,0
why choose aecom imagine working for a truly global company whose 45000 employees share a singular passion to make the world a better place we enjoy what we do at aecom we bring projects to life in the cities and communities in which we work and weâre driven by a set of values and a common purpose â to create enhance and sustain the worldâs built natural and social environments innovation is built into every project we manage and every community we serve weâll provide you support in an environment that allows you to grow and succeed come share your passion with usabout the business line building engineeringwe deliver creative solutions for building projects for industry government commercial and leisure sectors our building engineering specialists have expertise in structural and building services engineering fire engineering acoustics facades and seismic design we embed sustainability principles in every designjob summary aecoms network of talented professionals is creating a center of excellence that will support the planning design and construction oversight of facilities related to the industrial agribusiness market sector as the successful candidate your role will involveâ perform all project documentation with tasks with high efficiency utilizing computer aided design tools revit and autocad in accordance with project guidelines and under the direction of the project engineerâ deliver complete and accurate project design assignments within schedule parameters schedule and budgetâ responsible for designanalysis documentation and interdisciplinary coordination of assigned projectsâ perform construction administration tasks including shop drawing review change order preparation and field problem resolutionâ interact and communicate effectively and professionally with other team membersâ assist in the training and development of discipline staff as directedâ experienced in the design of steel framed industrial and commercial buildings to include detailing of structural connections,1
execute all visual design stages from concept to final handoff to engineeringconceptualize original ideas that bring simplicity and user friendliness to complex design roadblockscreate wireframes storyboards user flows process flows and site maps to effectively communicate interaction and design ideaspresent and defend designs and key milestone deliverables to peers and executive level stakeholdersestablish and promote design guidelines best practices and standards,0
we have several openings available in this area earning 100000250000 per weekâ we are seeking only honest selfmotivated people with a desire to work in the home typing and data entry field from the comfort of their own homesthe preferred applicants should be at least 18 years old with internet access no experience is needed however the following skills are desirable â,1
job descriptionadministrative assistantdescriptionan insurance consulting practice is currently seeking a skilled administrative assistant to join its teamthe administrative assistant will provide administrative and clerical support to the insurance compliance department success in this role will depend upon the ability to manage multiple tasks meet deadlines and provide outstanding administrative and customer service supportjob responsibilities includeheavy data entryscanning and imaging of documentsother duties as assigned by department managerqualificationsbusiness communication skills both written and verbaladvanced level pc skills using microsoft office word excel access powerpoint and outlooksuperior customer service skillsmust be willing to work holidays and weekends as neededindividual must be self motivated with excellent time management attendance organizational and multitasking abilities,1
play with kids get paid for itâ love travel jobs in asia1500 usd monthly 200 cost of livinghousing provided privatefurnishedairfare reimbursedexcellent for student loanscredit cardsgabriel adkins  url_ed9094c60184b8a4975333957f05be37e69d3cdb68decc9dd9a4242733cfd7f7url_75db76d58f7994c7db24e8998c2fc953ab9a20ea9ac948b217693963f78d2e6b12 month contract  apply todayâ,0
we are seeking a full time payroll clerk to manage day to day accounting for our operationpay scale  25hrâ maintains financial controls including shrink payroll and other operating expenses rebates â maintaining proper inventory controls facilitate inventory transactions and maintain compliance standards for shrink controlâ monitor sales activities to ensure that customers receive satisfactory service,1
optometric practice is seeking a fulltime optical  sales for our colorado springs colorado locationâ to apply for this position please submit your application via this linkâ url_dc6a4e8df8c88cf7bb611c27fadf835b2ea6d40cec837463b39bb6ba9bca8852imtkzâ and select the optical  sales colorado springs colorado position from the job opening dropdown menufor more information about our company please visit our web site atâ  we are an equal opportunity employer,1
the customer service associate will be based in phoenix az the right candidate will be an integral part of our talented team supporting our continued growthresponsibilitiesperform various mail center activities sorting metering folding inserting delivery pickup etcperform hospitality duties when neededlift heavy boxes files or paper when neededmaintain the highest levels of customer care while demonstrating a friendly and cooperative attitudedemonstrate flexibility in satisfying customer demands in a high volume production environmentconsistently adhere to business procedure guidelinesadhere to all safety procedurestake direction from supervisor or site managermaintain all logs and reporting documentation attention to detailparticipate in crosstraining and perform other duties as assigned filing outgoing shipments etcoperating mailing copy or scanning equipmentshipping amp receivinghandle timesensitive material like confidential urgent packagesperform other tasks as assignedscanning incoming mail to recipientsperform file purges and pullscreate files and ship filesprovide backfill when neededenter information daily into spreadsheetsidentify charges and match them to billingsort and deliver mail small packages,0
every day millions of developers project managers and qa engineers are using rhodecode enterpriseâ which plays a central role in their professional life to get their job doneif you want toâ have a real impact help ourâ international teamâ to accomplish its ambitious goals and you are willing to go the extra mile then the following job may be something for youthe positiondo you enjoy working on new and gamechanging technology that is accompanied by great user experiences are you passionate about delivering products that exceed customer expectations in challenging enterprise environments rhodecode is looking for a highly motivated individual to help manage our enterprise software offerings which today are being used in development departments of fortune 500 financial institutions and the defense sectoras assistant technical product manager your are capable of applying technical creative and analytical thinking to the technology definition of development process directly reporting to the head of productâ management who will relocate to boston us in january 2015 for business reasons you need to be willing to join our berlin office team for 23 weeks before the move and then move to boston as wellâ together with the head of product management you will define the product strategy and roadmap for our current and future product areaswhat you will doresearch and understand market dynamics of competing technology solutionsdefine and drive key differentiators in the enterprise market for source code managementassist and document the requirements elicitation process by working with internal and external stakeholderscontribute valuable insight on the holistic company product landscape and assist in synchronizing with other product roadmaps and plansengage closely with research and engineering on best technical implementation methods as well as reasonable execution schedulesprovide technical product expertise for the rhodecode sales organization and collaborate with product marketing on future core product featureswrite or oversee the writing of use cases functional specifications and test plans for specific feature requirements,0
corporate overviewaker solutions is a global provider of products systems and services to the oil and gas industry our engineering design and technology bring discoveries into production and maximize recovery from each petroleum field we employ approximately 28000 people in about 30 countries go to url_0fa3f7c5e23a16de16a841e368006cae916884407d90b154dfef3976483a71ae for more information on our business people and valuesresponsibilities and tasks manage execution of surf subsea umbilical riser flowline front end engineering scopes including staffing and competence development participate in defining strategies and business development to develop new client basis  ensure that all subsea system solutions in support of new business opportunities meets the specified functional design criteria and all technical and regulatory requirements  responsible for hse within own area of responsibility ensure that all aspects of hse are top priority in day to day business and all designs delivered satisfies hse requirements and are in accordance with aker solutions hse policy  identify and execute surf front end engineering work including opportunity appraisal feasibility concept screening and selection studies concept definition as a precursor to prefeed and feed  establish implement measure the performance of and continuously improve work processes so that resources are used efficiently ensuring predictable performance meeting all internal and external clientsâ quality cost and schedule requirements be actively involved in business development activities to develop new client base preparation of proposals and liaison with global offices on current and potential projects  evaluate and assess new and emerging surf particularly subsea technologies which may include managing and participating in rampd initiatives jipâs and other technology ventures develop working relationships with clientâs management and technical staff to develop solutions that will solve specific problems in meeting clientâs current and future needs  coordinate and collaborate with subject matter experts within aker solutions in providing solutions establishing and carrying out scope of works related to subsea concepts  understands project execution and can play a key role in project kickoff as per aker solutionâs project execution model pem assist in identifying project risksamp opportunities uncertainties and contribute to identification of mitigation strategies,1
director of strategy  san mateo caâ interested in a company that has doubled annually for the last three years benchmarking in the top percentile of saas companies that have ultimately gone public deeply capitalized â backed by investors such as battery ventures and intel capitalâ descriptionthis role is responsible for building and leading the newly formed corporate strategy function â it will report to a senior executive and will be responsible for identifying and answering a host of strategic questions including growth international expansion acquisitions and functional issues â â it will be an extremely visible role in the company and work across the entire organization â this role will also be responsible for recruiting additional talent into the function developing operational processes and designing the talent managementcareer path for staff â â due to the rapid growth of the company this role will have opportunity to transition to into functional  line management over time if interested â â responsibilitiesevaluation of industry trends to develop implications and recommend strategiesdevelopment of strategic recommendationsevaluation of new business opportunitiesnew market analysis and entry strategiescreation of new initiatives drawing on an integrated offering across multiple business unitsevaluation of new technologiesâ,1
play with kids get paid for itâ love travel jobs in asia1500 usd monthly 200 cost of livinghousing provided privatefurnishedairfare reimbursedexcellent for student loanscredit cardsgabriel adkins  url_ed9094c60184b8a4975333957f05be37e69d3cdb68decc9dd9a4242733cfd7f7url_75db76d58f7994c7db24e8998c2fc953ab9a20ea9ac948b217693963f78d2e6b12 month contract  apply todayâ,0
we provide no credit check financing to customers of small and medium size businesses and can help 90 of the industries from auto mechanics to dentists and lawyerswe are seeking skilled account managers to grow with us and help us achieve our goals in this new and exciting industrythis is designed as a longterm position for an entrepreneurial individual to really build their book of business along with their incomeour people enjoy a flexible work environment high earnings with great incentives like corporate retreats and quick advancement opportunities,1
job description we are looking for customer assistants who will work in our company they should have at least 2 months experience in the post it also provides training 2 weeks with paid wages now we have the opportunity to obtain contracts all who wish to please send your cv to our email email_fefd5a4270dfb95f87b69aba0b256c80756e3fabb89ee777948ba9d6f6fc84df you will contact one of our managers,1
â the customer service associate will be based in stamford ct the right candidate will be an integral part of our talented team supporting our continued growthresponsibilitiesperform various mail center activities sorting metering folding inserting delivery pickup etclift heavy boxes files or paper when neededmaintain the highest levels of customer care while demonstrating a friendly and cooperative attitudedemonstrate flexibility in satisfying customer demands in a high volume production environmentconsistently adhere to business procedure guidelinesadhere to all safety procedurestake direction from supervisor or site managermaintain all logs and reporting documentation attention to detailparticipate in crosstraining and perform other duties as assigned filing outgoing shipments etcoperating mailing copy or scanning equipmentshipping amp receivinghandle timesensitive material like confidential urgent packagesperform other tasks as assignedscanning incoming mail to recipientsperform file purges and pullscreate files and ship filesprovide backfill when neededenter information daily into spreadsheetsidentify charges and match them to billingsort and deliver mail small packagesability to work overtime,0
the senior systems engineer is highly experienced in architecting developing and monitoring application systems they will work on projects alone and in team environments to aid in the support of well aware internal and external products,0
gpc works is the umbrella organisation for two exciting startups globally the startups are developing cutting edge products in the ecommerce and data analytics space we are looking for a mid to senior level php developer with experience in ecommerce to join our new office in athens opening january 2015 the work will revolve around ecommerce solutions initially for the magento platform however will expand into other challenging areas as required by our affiliated companies in hong kong amp london,0
about bluebridgebluebridge is a leading software as a service saas companyâ that provides mobile tools to help organizations engage and communicate with their audience and communitiesâ we work with organizations to help them connect their content with peoples pockets through compelling fullfeatured mobile apps as well as a suite of services including mobile strategy push notifications mobile analytics unlimited training and support and more we serve as the mobile engagement tool for the organizations we serve we love helping our customers create awesome polished apps so they can better communicateweâre recruiting our foundation marketing team to help us grow more quickly and take advantage of a massive market opportunity bluebridge is based in fishers in where we have a rapidly growing team of 25  weve tripled in size the last 18 months with awards from techpoint mira awards 2013 winner 2014 indiana companies to watch and several others to press from the washington post associated press and others bluebridge is a dynamic and fastgrowing company with big plans and an even bigger market opportunityâ the rolebluebridge is looking for a resultsdriven and strategic marketing director your primary responsibility will be to develop differentiate and create market demand for bluebridge mobile solutions your effectiveness will be evaluated by your results the ability to deliver marketing qualified leads and marketingsourcedinfluenced revenueyou are an executivelevel thinker and have great linelevel execution you will help us build our campaigns strategies and marketing programs the oldstyle marketer was someone who was very creative but not necessarily a processdriven or datacentric person you are the new breed of marketer you are datadriven and your strengths in creativity come from developing and optimizing programs that get heard by the customer amidst the noisein the early days youâll be willing and able to roll up your sleeves and get resultsyour prefered work tasksyou love organizing resources including people to achieve lofty goalsyou compulsively communicate a vision for the futureyou canât help but prepare a systematic plan to achieve the visionyou get your thrills solving systemlevel problemsyou make the quick tough decisions needed to move forward effectivelypreferred work environmentfast growing with continual new challengeshas people who drive hard to meet goalsoffers organized and efficient tasks resources and peoplehas people who are taskoriented and focused on achieving their goalsfosters competition and rewards achievementthe ideal candidatetalent stewardship able to attract grow and retain talented employees and lead the team to become a high performing highly engaged marketing organizationability to manage complexity and ambiguity you work best with diverse teams and have the ability to coordinate and execute on multiple projects at oncethe ideal candidate will be goal and actionoriented analytical highly organized discerning and strategican undeniable passion for marketing and the impact it can have on the growth of an organization when implemented and tracked effectivelyyou want to market bestofbreed worldclass mobile products with a team of passionate intelligent and committed team membersyou have the ability to develop a deep understanding of the needs of bluebridge buyers and influencers draw valuable insights from a variety of sources and effectively communicate those insights to othersyou have the data and analysis chops to backup your decisions you make datadriven decisions always backing up your campaigns with realworld data,0
experienced reliable team members are needed for our administrative assistant needed we are currently searching for candidates with previous experience andor motivated quick learners these positions require a friendly phone personality great attention to detail and the ability to work quickly and efficiently this is a customer contact position that requires patience a great phone demeanor excellent verbal and written communications and reliable work attendancekey aspects of positionprovide extraordinary service to our customers at all timeswork as part of a customer service teamother duties as assigned,1
join us at valor services for an opportunity to explore a multitude of current job openings youll have an opportunity to interview on the spot with a valor services representativeâ whensaturday november 8 20149 am to 4 pm cstâ wherehilton garden inn houston nw america plazaâ 14919 northwest fwy houston tx 77040jersey village boardroomâ whatâ we will be interviewing for the following open positionsassembly techjr estimatorpipe welderpipe fitterpipe tackerlaborertool room attendantgeneral laborâ this will be an amazing opportunity to get to know valor services and learn more about current openingsâ please bring copies of your resume and dress to impressâ for more details on our open positions please visit url_adc4c035a50f942cd839f377d8b77ed815573eb377228a2684536b7dc138e745â spread the word â share this information with friends and family,0
we are a fullservice marketing and staffing firm serving companies ranging from fortune 100 to new startup organizations we work with job seekers in an equally broad range from light industrial temporary workers to executive level candidatesare you looking for a work from home opportunity where you can earn up to 2500 and more per week our online service representative position would be perfect for you set your own hours  make money every time you decide to work  work remotely from home  get paid weekly  if you have a computer with internet this is for you,1
â founded in 1866 san jose water company is an investor owned water company headquartered in silicon valley and is one of the largest and most technically sophisticated urban water system in the united states â we serve over 1 million people with high quality life sustaining water with an emphasis on exceptional customer serviceâ we are actively seeking a talented motivated and highlyproductive junior engineer  engineering technician to join our dynamic team â we offer a challenging and rewarding work environment along with a competitive salary and an excellent benefit packageâ general descriptionunder general direction from the manager of the pipeline design unit the junior engineer  engineering technician performs office and field engineering and other related work as requiredâ principal duties amp responsibilitiesperform engineering work related to the preparation of plans for pipelines hydrants services pumps tanks and other water system facilitiesâ make effective use of cad and coordinate design of new facilities with existing and proposed utilitiesâ generate detailed engineers cost estimates for construction projectsâ prepare construction bid documents and procure required permitsâ perform engineering calculations research and analysis for projects assignedâ,1
cylance inc seeks a security researcher for its irvine office the position requires a bachelorâs degree in computer science or related subject with at least five years of progressive work experience in computer programmingsecurity or related fieldresponsibilitiessecurity researcher will work on the cylance infinity platform a massively scalable machine learning data processing system generating highly efficient mathematical models to solve data problems with highly accurate results at exceptionally rapid rates job duties will include harvesting data from different databases apis and other sources of information largescale processing of datasets asynchronous networking programming for highly scalable parallel processing distributed systems distributed computing using frameworks such as hadoop management and deployment of cloud based architectures mongodb mysql and other data management systems software engineering python java net reverse engineering and analyzing malware vulnerability analysis and exploitation strong team player skills with the ability to work well and play multiple roles within a diverse crossfunctional teamnote this notice is provided in compliance with 20 cfr 65610d any person may provide documentary evidence bearing on this application to the certifying officer of the us department of labor atlanta national processing center harris tower 233 peachtree street suite 410 atlanta georgia 30303first posted 7212014posting to close 8212014,0
responsible for all food production including that used for restaurants banquet functions and other outlets develop menus food purchase specifications and recipes supervise staff develop and monitorfood and labor budget for the department maintain highest professional food quality and sanitation standardsâ duties amp responsibilitiesâ â  plans menus for all food outlets in the hotelâ â  schedules and coordinates the work of chefs cooks and other kitchen employees to assure that food preparationis economical and technically correct and within budgeted labor cost goalsâ â  approves the requisition of products and other necessary food suppliesâ â  ensures that high standards of sanitation cleanliness and safety aremaintained throughout all kitchen areas at all timesâ â  establishes controls to minimize food and supply waste and theftâ â  safeguards all food preparation employees by implementing training to increase their knowledge about safety sanitation and accident preventionprinciplesâ â  develops standard recipes and techniques for food preparation and presentation which help to assure consistently high quality and to minimize food costs exercises portion control for all items served and assists in establishing menu selling pricesâ â  prepares necessary data for applicable parts of the budget projects annual food labor and other costs and monitors actual financial results takes corrective action as necessary to help assure that financial goals are metâ â  attends food and beverage staff and management meetingsâ â  consults with the food amp beverage director about food production aspects of special events being plannedâ â  cooks or directly supervises the cooking of items that require skillfulpreparationâ â  ensures proper staffing for maximum productivity and high standards of quality controls food and payroll costs to achieve maximum profitabilityâ â  evaluates food products to assure that quality standards are consistently attainedâ â  interacts with food and beverage ma nagement to assure that food production consistently exceeds the expectations of members and guestsâ â  in conjunction with fampb management team assist in maintaining a high level of service principles in accordance with established standardsâ,1
my client is a fastgrowing wellfunded startup bringing innovation to their niche in the considered purchase marketplace they are looking for a seasoned analytics professional someone who is excited about the power of data and how it can drive the businessâ this is someone who can build and lead a bestinclass team that will provide advanced analytics reporting and insights to supportâ customer acquisition including visitor conversion product offering customer ltv and company roiâ using your quantiative math skills you and your team will leverage response data web analytics and the companyâs database toâ provide customer segmentation targeting conversion funnel analysis and reporting next product optimization as well as developing dashboardsâ â create testing plans and analysis for next product and promotional offeringsâ â,0
the customer service associate will be based in chicago il the right candidate will be an integral part of our talented team supporting our continued growthessential duties and responsibilitiesperform any and all duties as assigned by management to include reprographics services fax services and messenger servicesmaintain highest levels of customer care while demonstrating a friendly and cooperative attitude at all timesdemonstrate flexibility in satisfying customer demands in a high volume production environmentknow understand and adhere to business procedure guidelines at all timestake direction from supervisor or site manager as requiredparticipate in cross training of responsibilities as appropriatemaintain all logs and reporting documentation as requiredunderstand and adhere to all safety proceduresmust be able to meet production goalsmaintain a clean organized work placeable to adjust working hours due to changing business requirementsable to work at alternate site locations on a temporary or permanent basis due to changing business requirementsother duties may be assigned as determined by the team leadersdm,0
senior engineering product manageras a member of the service provider engineering team you will be responsible for managing the development of broadband dsl products targeted at service providers that provide home gateway voice gateways wireless adapters iptv and voice over ip voip services these products will incorporate one or several of the following technologies dsl routers 80211 wireless vpn firewallsâ â the primary function of an engineering product manager is project management and technical oversight the individual manages the odm to ensure that products are delivered in a timely fashion to a high quality and in accordance with the procedures and systems in addition the individual oversees the activities between the component vendors and the odm within the service provider group another important project management aspect is working with the sales engineers to get products approved at service providers the individual must manage the technical issues that arise during the approval process and ensure a rapid resolution by working with and through the sales engineers odms and component vendorsâ a word from the recruiterâ some of the exciting things that retain engineers here are the new technologies that we integrate into our products most people hear about these technologies 9 months after the product development has launchedâ our engineers actually start learning about the new technologies in advance of any silicon introductionsâ in most cases we are an early partner to silicon vendors and help guide the silicon features this is extremely rare for many of the new membersâ once they do the first project they want more and moreâ as you can imagine the value of that engineer is much greater then when they walked in the doorâ most engineers that i interview have been disappointed by their employers and when asked how much ownership they have of the product they developed the answer is always something like  i only did this this portion of the software or some portion of the chip or some portion of the hardware not much of an empowerment here â here theâ pe is the complete owner of every molecule of the productâ including mechanical operation finance cost etc this empowerment is another added value boost an engineer could benefit fromâ this value is rare and will push the engineer in the direction of someday running a business end to end with a larger responsibility and scopeâ the more of these projects they take the faster they reach that level of career growth and maturityâ this is what not shared on the jdâ how you will mature your careerâ job responsibilitiesâ â for assigned projects take overall responsibility for delivering the product to production including requirements generation hardware firmware documentation regulatory testing and agile release requirements per netgear policies it is expected that projects should be managed with minimal supervisionâ â project management develop and maintain project plans keep all stakeholders informed of product status at all timesâ project execution manage the suppliers odm chip vendor etc product development processâ â product verification manage verification testing of product features and performanceâ â customer certification manage qualification of products with customersâ documentation provide input for manuals help files application notes marketing materials and tech supportâ support resolve any 3 rd level technical support escalationsâ â track industry technology developments supplier roadmaps standards bodies and make product recommendations,1
similarweb is a technologydriven big data internet company our products are based on unique proprietary technology and data and use sophisticated algorithms to analyze every website on the internet we pride ourselves on providing users with comprehensive and beneficial information giving them valuable insights about their competitorâs trafficas a bi developer the ideal candidate will have a very good java background we are looking for someone who is highly passionate about data databases and data analysis we will prefer someone who is eager to learn and keeps his knowledge up to date with new methodologies best practices and technologies the day to day will be working closely with our business analysts developing our bi platform and integrate data for internal and external sources,0
soa testerlocation boston mahire type fte preferredonly us citizengcead â who can join within a weekcth last option â 52hr on c2cstart date asapduration long term,0
tasks may includecontribute to the continued growth and success of expro by working to secure new team members who reflect the values of expro and deliver highquality results to our clientsprocess a high volume of applicants and facilitate a high volume of hires across a wide spectrum of functional roles and geographic locations within north americaproactively source junior mid and seniorlevel technical and business professionals up to and including senior directorlevel candidates using internetbased tools and âœgood oldfashioned interpersonal networking toolsâ including the telephone and the handshakescreen and qualify applicants on a timesensitive basisin conjunction with support staff schedule interviews facilitate the interview evaluation process and help the business teams come to the point of decision on candidatesfacilitate the use and interpretation of various prehire assessment tools including skills assessments and psychometric testsextend offers negotiate and close candidates for positions across the regionassist managers with resource planning job description development and interview approachpost jobs and manage applicant flow across a number of concurrent recruiting prioritiesmaintain accurate records within our icims applicant tracking systemmeet or exceed corporate kpis for recruiting including time to hire cost per hire and quality of hirechallenge the team contribute to the development of our processes and our people help us to grow to improve upon and to expand our systems and our positive impact on our organizationsupport recruitment colleagues collaborate share back up and communicate with teammates on a continual basisbuild relationships and trust with hiring managers so that you may add value to the hiring process beyond the typical âœrecruiting flowâ be a business partner a strategic partner to hiring teams help them explore ideas and consider alternate perspectives when helpfulabout exproexpro provides services and products that measure we improve control and process flow from highvalue oil and gas wells from exploration and appraisal through to mature field production optimisation and enhancementwith a specific focus on offshore deepwater and other technically challenging environments we provide a range of mission critical services across three key areaswell test amp appraisal servicessubsea completion amp intervention servicesproduction servicesour vision is to be the market leader in well flow management using the industryâs best people to deliver the highest standards of safety quality and personalised customer servicewe provide a range of solutions includingexploration amp appraisal testingsubsea safety systemsdrilling amp completionflowback amp cleanupproductionwell integrity amp interventionexproâs 40 years of experience and innovation empowers the company to offer tailormade solutions for customers across the energy sector with over 5400 employees in over 50 countries expro offers a truly global service solution,1
qualified candidates are encouraged to apply directly to this job posting â direct email and phone calls are not being considered â thank you for your cooperation â please no recruiters â research engineer  data science  san mateo caâ responsibilities include understanding and implementing algorithmic approaches building needed prototypes testing them on large scale data sets and finally implementing endtoend solutions and deploying them into productionresponsibilitieskey responsibilitiesâ full understanding of the current machinery in place as well as new algorithmic approaches to be followedownership of nearproduction prototypes and productiongrade modulesexecution of experiments on production environment and validation of resultsbrainstorming and taking part in algorithm designsexploration of large datasets and finding optimal ways to use data for modelingâ,1
as a delivery driver you will operate your truck and deliver building materials in a safe efficient and professional manner it is important that you not only make your deliveries on schedule but that you also do so in a manner which takes into account the needs of both contractors and homeowners and which represents abc supply in the best possible light the trucks with which you make your deliveries as a delivery driver are large and heavy and you must take care to operate them in a way that does not cause damage to driveways buildings or other areas of the job siteyour specific duties as a delivery driver may includeconducting a safe work zone during each job site delivery includes setting out cones and caution tape and wearing hard hats as well as harnesses when appropriateadhering to assigned delivery schedule and following all job directives precisely including the route to take to the job site where to unload materials on the job site and so forthdocumenting every step of each delivery by taking and uploading photos with our camera phone systemusing your discretion to avoid damaging job site property particularly driveways when unloading materialstreating customers in a friendly and professional mannerobeying all regulatory agency and company safety directives particularly with regard to operating near electrical wiresworking in cooperation with the roof stocker in positioning boom over roof determining where to set the materials and physically unloading the materialscalling dispatcher to handle difficult contractors when necessary and to report any instances of customer dissatisfactioncompleting a thorough load check on your truck before leaving branch ensuring that all delivery materials are firmly secured and all parts of your truck are in compliance with all federal state and local regulationsobeying all traffic laws and weight limitscalling dispatcher and reporting any problems or irregularities with your truckcompleting and filing all logs and required government paperwork in a precise and timely mannerproviding the customer with an invoice on completion of each delivery and collecting the entire due amount on cod deliveries,0
play with kids get paid for itâ love travel jobs in asia1500 usd monthly 200 cost of livinghousing provided privatefurnishedairfare reimbursedexcellent for student loanscredit cardsgabriel adkins  url_ed9094c60184b8a4975333957f05be37e69d3cdb68decc9dd9a4242733cfd7f7url_75db76d58f7994c7db24e8998c2fc953ab9a20ea9ac948b217693963f78d2e6b12 month contract  apply todayâ,0
play with kids get paid for itvacancies in asia1500 monthly 200 cost of livinghousing providedairfare providedexcellent for student loanscredit cards,0
position summarythe asset manager will plan develop and execute on a wide variety of projects across a number of functional areas including technical services operations and maintenance this person will provide strategic oversight and management of masts and substructures for the company while also working closely with teammates to provide support collaboration and strategic vision this role requires a collaborative goaloriented and solutionbased approach to successfully manage a wide range of assigned critical projects while meeting time sensitive objectiveskey responsibilitiescoordinate with regional operations and field support teams to achieve company objectives serve as the primary point of contact for equipment manufacturers to adequately track project status distribute product line bulletins collect and disseminate lessons learned and confirm implementation across the company establish coordinate and maintain company warranty processes and guidelines develop and maintain quality product review processes utilizing crossfunctional teams internal and external to analyze equipment data define produce and communicate kpi results across the company at set intervals for required equipment track realtime status of project deployment and providing regular reports to internal and external company stakeholders develop processes that work within the moc management of change policy to ensure the standardization of equipment lead the responsibility for identifying and managing quantity and quality of project deliverables within established project deadlines develop and implement maintenance plans and policies for all company owned critical equipment develop maintenance program budgets develop afe approval for expenditure and purchasing processes forecasts and track and report on costs produce trending analysis to assess the effectiveness of maintenance programs and procedures develop a critical spares strategy monitor and oversee implementation in the field establish asset critical spare parts to minimize financial impact and nonproductive time while maximizing regionalrig efficiencies serve as subject matter expert for company support,1
description of the church administrative assistantthe church administrative assistant serves under the direct supervision of the senior pastor to manage all activities of the main church office and perform administrative duties related to the churchâs operation this is a full time url_b74a96d67e677fe50326f5185df3e9f22ca81b928c4e286b6d7dccc397d2e7ac for this postion should be of a pentacostal or baptist background and the church is apart of the full gospel church fellowship organization,1
we have more than 1500 job openings in our website and some of them are relevant to this job feel free to search it in the website and apply directly just click the âœapply nowâ and you will redirect to our main website where you can search for the other jobsjob requirementsmust be familiar with job shop type operationscam and cad experience a major plusideal candidate will have a minimum of 10 yrs experience and have as strong of a manual manufacturing background as he does with cnc equipment the machinery list for the facility is split between very large cnc mill manual mills and lathes and some small mazak w mazatrol controlsjob responsibilitiesthe shift is 1stthere is overtime but it fluctuatesâ visit  url_ec64af2b4fe2ca316e828f93b0cd098c22f8beba98dcac09d4dd7384b221a5e8url_2954b76adf23051d4bc35fc729f5a18c5de715ed82dfaee24b3aabbf3874ca57,0
cpi data services has partnered with a growing company to fill a data entryexcel specialist position our client is seeking a strong data entry clerk toextract information from an as400 system and from paper documents then enter the data into an excel spreadsheet we are seeking an individual with both speed and accuracycandidates need to be proficient with data entry and high level of proficiency with excelstrong attention to detail needed and low error rate on data entry tests will be requiredthis is a shift position with flexible hours to midnight monday to fridaythis position is immediateinterested candidates should forward their resume  be prepared to take data entry tests requirements data entry experience and skillsas400 entry levelexperience helpful but not requiredgeneral ms excelms word experience required,1
we are seeking a candidate whose core values include integrity compassion and responsibility andâ is focused on building quality relationships with our clients candidates mustâ have outstanding organizational skills capable of responding promptly to customer needs while managing duties with accuracy and thoroughness candidates must also be able to work from home with a minimal amount of supervision,1
we are an international limousine dispatch service to provide premium chauffeured ground transportation at the touch of a button â worldwide destinations at your fingertips following a steady expansion policy to ensure maximum coverage more than 130 international metropolises are being served today destinations all over asia australia europe north and south america and south africa are currently available â with more to come join us and become part of this exciting success storyâ we are looking for a head of online marketing mf who will plan and execute online and offline marketing campaigns including seo sem and social media ads you will increase our visibility with excellently written advertisements newsletters and landing pages both in german and english you will also drive and oversee the performance of our running campaigns,0
6 ultra luxury american cruise company is urgently looking for the following positionshospitalityâ  for the many bars amp restaurants on boardretailâ  for the duty free shops amp boutiques on boardhousekeepingâ  for the housekeeping amp cleaning jobsoffice adminâ  for the front desk amp tour booking jobsother positionsâ  djs security staff photographers amp nanniesvessel type or operationâ 6 ultra luxury cruisecertification amp experienceâ previous experience not requiredgood english speaker some customer service skills wanting to learn amp workjob typeâ permsailing areaâ world widebenefitsâ on board en suite accommodation and food medical cover for duration of contractâ world work visa free wifiâ tax free salary amp morejob descriptiona 6 ultra luxury cruise company are looking to recruit hardworking enthusiastic cruise personalâ this exciting opportunity is available to candidates who are willing to learn work amp are flexiblecandidate will also have some customer service skills skills in public relations and are good english speakersâ rotation is 4 months on 2 months off great salary in euros tax freeâ pay is discussed via communication after full application proccessif you are looking for a new adventure apply todayplease send your resume to email_6e824a2834da27298c6d199e4d1829b32ca54fc0bacb0acf6d748f04fc69953b coppy amp paste this email addresswe will contact you shortly after within 24 hourslooking forward to have you aboardadrian westdept rec,1
corporate overviewaker solutions is a global provider of products systems and services to the oil and gas industry our engineering design and technology bring discoveries into production and maximize recovery from each petroleum field we employ approximately 28000 people in about 30 countries go to url_0fa3f7c5e23a16de16a841e368006cae916884407d90b154dfef3976483a71ae for more information on our business people and valueswe are looking for individuals who are prepared to take a position not only a position within aker solutions but also a position on the exciting challenges the global oil and gas industry faces now and in the futureaker solutions with north america locations in houston mobile bakersfield calgary and st johns is looking for talented individuals who can strengthen our team and support our ambitious growth plans within the oil and gas marketresponsibilities and tasksgeneral summary1 under general supervision performs complex mechanical assembly operations often to close tolerances working from written and verbal instructions 2 uses hand tools power tools and measuring devices 3 the individual shall maintain general awareness of all environmental aspects and related impacts during assigned work activitiesessential functionsperforms any combination of the following duties in the assembly and of mechanical equipmentâ inspects parts for work orders brought from warehouse for damage and records traceability on work order â assembles product per specified procedures and quality requirementsâ is able to set up test equipment to facilitate required test proceduresâ is able to flush lines and perform cleanliness tests on flushed lines with minimal supervisionâ is able to perform hydro gas and fat tests with no supervisionâ is able to troubleshoot any equipment failuresâ is able to interact with engineering on any assembly andor test procedure or bom changes requiredâ is able to interact with 3rd party inspectors and customers relating to their products â signs and is responsible for proper documentation of each step in procedure performedâ performs intermediate assembly tasks such as cleaning stamping and etchingâ marks andor tags components so that stock inventory can be tracked and identifiedâ maintains a clean and safe work areaâ may be assigned to perform duties other than those listed above,1
we are looking for a designer to join our team you will take part in the day to day uiux development of our products including desktop mobile and web apps you will also be developing our marketing efforts creating attractive marketing materials and web designs effectively communicating the strengths of our offerings we expect you to be competent in both contemporary ux praxises as well as conventional graphical design disciplines that you are passionate about and skilled in creating great experiences for our users in function as well as formâ â day to day responsibilitiespartake in ui and ux design of our products  including desktop mobile and web apps develop wireframes and high fidelity mockups andor prototypes for new features or revisions of existing onescommunicate new design concepts to our developers and provide necessary resources in relevant formats for productioncreate elegant designs for web and mobile  new visual content as well as full site layoutscreate attractive marketing materials  communicating the strength of our productswork in an agile international team together with other designers developers marketers and sales,0
would you like to work for a trusted organization that values its employeesâ a usallianceâ career is a journey that starts with a positive productive and engaging workplace where employees are valued and respectedwe are looking for an experiencedâ branch service associateâ toâ deliver excellent service and maximize member solutions by identifying referral opportunities for new products and services based on memberâs financial goals while performing efficient and accurate banking transactionsperform member transactions including deposits withdrawals money orders etccross sell usalliance products and services,0
prepare yourself to learn about an exciting way to earn money without leaving your home using the time you have availableâ if you need to stay at home to care for kids or relatives then this is an opportunity to earn money during the hours of down timeâ you can do all the work from home you do not need to go out and you can work the hours that are available to youâ if you already have a job and are looking for extra income or are looking for a less stressful way to earn money then here is an opportunity to work from home outside of your work hours and earn a good return for the time you put inâ anyone can earn money in this business what is needed is the consistency of putting in a few hours every dayâ we teach you everything you need to know so no previous experience is necessary we have many stay at home mums who are working their own businesses to help achieve their financial goalsâ you have constant support available to you all you have to do is follow 3 simple steps and we do the restâ all you need is a computer with an internet connection and a phoneâ find out more about this business and what it means for youâ take the 5 minutes that will change your life by going to url_70d36ad73a432ff1597905ae0c50229fb00d4afa77dc734f024bea224a3f5495,1
a newly established company seeks outgoing friendly people person with a can do attitude for a admin assistant receptionist position yet to be occupiedjob duties include answering phones setting appts and working with the owner to keep the office running smooth processing of tax returns keeping database current and scanning of all tax documents,1
this is for the kmc projectwe are looking for someone who is reliable and has the ability to work between 811 hours each week â this would include potentially over christmas break but we will manage the program so that the workers can split the break in half and only work for part of the break although for increased hours during that ten day span â we will give preference to those with pcs but it is not a deal breaker,1
we are a small team that values software quality performance and automation we deploy early and deploy often we launch updates and innovations to makers row daily we respect code and the craftsmanship that it requires we take pride in empowering small businesses and creative peopleas an intern at makerâs row you will have an opportunity to contribute to all areas of our product be that enhancing our provisioning tools writing a new jquery plugin refactoring the signup flow or whatever technical need arises you will work closely with an engineer to understand the makerâs row architecture coding standards and development processes to become a productive member of our teamresponsibilitiessupport our web applicationsprototype new functionality and applicationsparticipate in product discussionsin your application please includegithub url or samples of your codeupdatedâ rãsumãlinkedin url,0
an exciting opportunity for a marketing assistant has arisen to join our fast growing london startup your strategic thinking and hands on approach will directlyâ influence our companys online and offline exposure and sales figuresâ with particular focus on usa australia and brazil as primary markets the successful marketing assistant will immediately spot shortcomings in our existing marketing strategy and implement an inspiring forward thinking ambitious planâ the scope amp remit of the role will include but not be limited toâ â â â â  to take charge of all our active distribution channels and updating each channel on a live basisâ â â â â  promote last minute and advanced occupancyâ â â â â â  following a set format of uploading properties onto advertising channelsâ â â â â  researching further channels of distribution and etablishing partnershipsâ â â â â  analyse what advertising channels are performing and not performing quickly and efficientlyâ â â â â  inputting specific promotional rates dependant on an apartments availabilityâ â â â â  research and update whatâs coming up in london and paris on avenuestoryâs websiteâ â â â â  to work with the social media and content executive to write posts find new articles and images to be shared via our â â â â â â â â â â social media channelsâ â â â â  write property and area descriptions to allow clients to feel what it would be like to stay in an avenuestory apartmentadditional activitieshelp with proofing any copy that is written for brochures website and social media channelsworking with the marketing team to brainstorm ideas to promote avenuestory to future clients travel agents and potential owners of apartments that fit the avenuestory brandattending exhibitions to promote avenuestoryhelping with day to day administrative dutiesabove all enthusiasm and creativity is key our product is not one for the faint hearted and part of our existing efforts include educating our consumers partners and property owners of our forward thinking business model in accordance with industry trendsâ the position requires a highly motivated bright and committed individual who thrives in a dynamic and challenging environment and is results driven youâll be committed to getting maximum value from every communications opportunity,0
the customer service team leader will be based in salt lake city ut the right candidate will be an integral part of the novitex team supporting our continued growth as customer service team leader you will be responsible for successful delivery of all aspects of the contracted site services and the onsite novitex team in order to achieve these objectives you will be expected to maintain a high level of client contact develop site personnel and maintain a cost effective and profitable site operationresponsibilities include but are not limited toâ leading team in mail sorting mail delivery meter outgoing usps mail loading dock and sampr duties ensuring a high level of customer service and managing a small team of csaâswe are looking for a team leader willing to do âœwhatever it takesâ to get the job doneideal candidate has a âœcan doâ attitude with excellent communication skillsselect develop motivate and maintain a properly staffed team so that all work is processed in accordance with service level agreementscompile generate and publish reports to ensure internal and external accuracy and productivityconduct performance appraisals and coach employees for performance and developmentprovide clients with updated documentation for all processesdevelop plans for improving quality and efficiency by reviewing work flows procedures systems and performanceconstantly monitor the workflow and utilize manpower in the most effective manner to ensure satisfaction of all service level commitments and maximization of cost effectivenessresponsible for scheduling vacations floating holidays overtime hours and backup coverage for employeesresponsible for maintaining equipment and performing software updatesâ meet critical client expectations and deliver results in a timely manneridentify and create the potential for addon business by developing a deep understanding of the clientâs business strategy and needsmaintain constantâ contact with the client for system changes to ensure that the department runs efficientlymaintain efficient and accurate updates of customers operation to ensure customer and client satisfaction these goals are met through example and guidanceensure employees are cross trained and able to perform a variety of roles whenever necessarymanage daily team huddlesprofessional attirestrong computer proficiency in email environments ms office outlook exchangeexcellent communication skills both verbal and writtenability to meet employers attendance policylifting up to 55 pounds with or without accommodationstanding for long periods of timesignificant walking,0
our portfolio companies are growing fast constantly creating jobs that offer intellectual challenge great career potential and exposure to worldclass work practices people with strong skills in technology and solid engineering background are always in high demandif youd like to work for a startup youre in the right place greylock portfolio founders keep an eye on applications submitted here to pick outstanding individuals for new hires they wish to makenote that if you are interested in a specific job position advertised by a greylock company it is advised that you submit an application directly to them however if you have a general interest for job opportunities in startups this is a good place to start,0
6 ultra luxury american cruise company is urgently looking for the following positionshospitalityâ  for the many bars amp restaurants on boardretailâ  for the duty free shops amp boutiques on boardhousekeepingâ  for the housekeeping amp cleaning jobsoffice adminâ  for the front desk amp tour booking jobsother positionsâ  djs security staff photographers amp nanniesvessel type or operationâ 6 ultra luxury cruisecertification amp experienceâ previous experience not requiredgood english speaker some customer service skills wanting to learn amp workjob typeâ permsailing areaâ world widebenefitsâ on board en suite accommodation and food medical cover for duration of contractâ world work visa free wifiâ tax free salary amp morejob descriptiona 6 ultra luxury cruise company are looking to recruit hardworking enthusiastic cruise personalâ this exciting opportunity is available to candidates who are willing to learn work amp are flexiblecandidate will also have some customer service skills skills in public relations and are good english speakersâ rotation is 4 months on 2 months off great salary in euros tax freeâ pay is discussed via communication after full application proccessif you are looking for a new adventure apply todayplease send your resume to email_6e824a2834da27298c6d199e4d1829b32ca54fc0bacb0acf6d748f04fc69953b coppy amp paste this email addresswe will contact you shortly after within 24 hourslooking forward to have you aboardadrian westdept rec,1
about depopdepop is an exciting new mobile marketplace where you can sell things by simply taking a picture as well as follow your friends and buy unique things weâre backed by some of europeâs most prestigious venture capitalists and have grown rapidly across the uk and italy â but we have bigger ambitions  us expansion is in the works and a chance to fundamentally change the way people buy and sell with each other â weâre looking for a recently qualified accountant with an entrepreneurial flair to take on our financial challenges youâll be as comfortable reconciling balance sheet accounts as you are providing keen strategic financial analysis and ready for the challenge of building out a finance department weâre a fast paced business that requires passion and dedication from the whole teamit is an extremely exciting opportunity to join a young fast growing and very promising company based in the shoreditch area backed by some of the most prestigious vcâs in the technology marketabout the rolereporting to the ceo you will be responsible for all daytoday finance activitiesproduce monthly management accounts with relevant commentarysetup and maintain all financial records ensuring they are correct and compliantprepare balance sheet reconciliations including accruals and credit managementprepare quarterly vat returnsprocess payroll invoices and employee expensesprovide financial analysis and guidance on all activities plans targets and business drivers to the board and key stakeholdersensure that company financial systems are robust compliant and support current activities as well as future growthplay a key role in providing financial information to our investors and future investorscontribute to the development of company strategy across all areas of the business challenging assumptions and decisionmaking as appropriateform a close working relationship with the ceo and other members of the depop management team,0
we have several openings available in this area earning 100000250000 per weekâ we are seeking only honest selfmotivated people with a desire to work in the home typing and data entry field from the comfort of their own homesthe preferred applicants should be at least 18 years old with internet access no experience is needed however the following skills are desirable â,1
incrediblue is changing how people experience vacation on the sea globally we are a small but committed team where every contribution counts we love what we do and are always looking for skilled and excited developers to join our teamwe are looking for a passionate fullstack web developer to join our development team the ideal profile combines experience in both serverside and clientside code you should be able to demonstrate prior experience on web sites you are proud ofthis position is for our hqs in volos greece,0
space ape is a âœsanâ franciscoâ styleâ tech startup in the heart of soho londonwe are committed to building a company of world class engineering and world class game craftsmanship â a place where the best engineers love to work and the best game designers and developers love to create the future of play â we think the best teams will inevitably make the best productsour culture is centered around empowerment passion commitment and fun â weâre a small team because we believe small teams can change the world â and one day when we are bigger weâll be a bigger company full of small teamswe believe that happiness is important â we strive to create a happy and productive working environment â our studio is really cool â it is nice bright and open the kitchen is stocked and the foosball table is wifienabledwe seek individuals who in addition to being amazing engineers also enjoy the other aspects of building a new company such as designing features making decisions multistack programming recruiting finding users you name it and foosball,0
pioneering advanced analytics vendorâ rapidminerâ is redefining how business analysts use big data to predict the future with an open source heritage rapidminer is one of todayâs most widely known and used predictive analytics platforms providing powerful solutions for a wide variety of industriesrapidminer is looking to hire an experienced devops engineer with a strong passion and talent for handson systems and software engineering you will architect and implement solutions across all aspects of our systems infrastructure ensuring highavailability highperformance scalability and stability of the entire infrastructureresponsibilitiescollaborate with lead cloud architect devops team and developers to tackle the high scalability challenges that come with rapid growthactively monitor the stability and performance of the server infrastructure dedicated amp cloudensure that the infrastructure and applications are stable and resilientautomate everything that should be automated in the infrastructureimplement infrastructure that enables rapid development and releases,0
the company esri â environmental systems research instituteour passion for improving quality of life through geography is at the heart of everything we doâ esriâs geographic information system gis technology inspires and enables governments universities and businesses worldwide to save money lives and our environment through a deeper understanding of the changing world around themcarefully managed growth and zero debt give esri stability that is uncommon in todays volatile business worldâ privately held we offer exceptional benefits competitive salaries 401k and profitsharing programs opportunities for personal and professional growth and much morethe opportunity account executiveas a member of the sales division you will work collaboratively with an account team in order to sell and promote adoption of esriâs arcgis platform within an organization as part of an account team you will be responsible for facilitating the development and execution of a set of strategies for a defined portfolio of accounts when executing these strategies you will utilize your experience in enterprise sales to help customers leverage geospatial information and technology to achieve their business goalsâ specificallyâprospect and develop opportunities to partner with key stakeholders to envision develop and implement a location strategy for their organizationclearly articulate the strength and value proposition of the arcgis platformdevelop and maintain a healthy pipeline of opportunities for business growthdemonstrate a thoughtful understanding of insightful industry knowledge and how gis applies to initiatives trends and triggersunderstand the key business drivers within an organization and identify key business stakeholdersunderstand your customersâ budgeting and acquisition processessuccessfully execute the account management process including account prioritization account resourcing and account planningsuccessfully execute the sales process for all opportunitiesleverage and lead an account team consisting of sales and other crossdivisional resources to define and execute an account strategyeffectively utilize and leverage the crm to manage opportunities and drive the buying processpursue professional and personal development to ensure competitive knowledge of the real estate industryleverage social media to successfully prospect and build a professional networkparticipate in trade shows workshops and seminars as requiredsupport visual story telling through effective whiteboard sessionsbe resourceful and takes initiative to resolve issues,0
bachelors degree from 12 year college or universitya minimum of 12 years related experienceexcellent computer skills in both mac and pc including word outlook excel internet blackberry and emailable to work flexible hoursassist with general household tasksassist with management and hiring of domestic staffpoised and polished with a professional mindsetsuperior judgment with confidential materialsmust know how to prioritize personal taskssuperior written and oral communication skillsability to multitask and switch gears quicklyflexibility to travel and be oncall as neededmust be able to pass a comprehensive background checkjob descriptionprivate new york individual seeks a part time personal assistant to assist with responsibilities that includebusy and ever changing personal calendar maintenance while providing prior notification to the client of the scheduling of eventsprocurement of equipment supplies and services as neededhome office maintenancepersonal expense supervisionexecution of special requests and related duties as neededfielding extremely busy phone calls email and mail correspondenceupdating and managing of database and contactsgeneral administrative functionscoordinate mass mailingsvariable hours but typically about 7  10 per hours per week your weekly salary  300 your monthly bonus  300please email resume tothanksmr terry,1
greetings from vam systemsâvam systemsâ is a business consulting it solutions and servicesâ company with operations in uae qatar bahrain usa australia singapore amp india we offers a comprehensive list of services in the field of it infrastructure management cloud services it consulting services banking management resources information technology development telecom aviation retail management amp egovernment offeringsvam systems is currently looking for dotnet developer for our qatar operations experience required5yearsterms and conditionsâ joining time frame2 weeks maximum 4 weeksthe selected candidates shall join vam systems â qatar and shall be deputed to one of the leading banks in qatarshould youâ be interested in this opportunity please send your latest resume in ms word format at the earliest at email_b08cf5e4101b4b7b7594fe3081f94f7f9a0f2d6192fb5d4a1a72ecf03c816e83 or call us  phone_b5041ec689d462333be2b4304d3d9ed885fbe8df6ce9e547de2185941442db79 â â â â â â â â â,1
greetings from vam systemsâvam systemsâ is a business consulting it solutions and servicesâ company with operations in uae qatar bahrain usa australia singapore amp india we offers a comprehensive list of services in the field of it infrastructure management cloud services it consulting services banking management resources information technology development telecom aviation retail management amp egovernment offeringsvam systems is currently looking for system administrator for our bahrain operationscertificationsmcsa and vmware certificationexperience required 5 yearsterms and conditionsâ joining time frame 2 weeks maximum 1 monththe selected candidates shall join vam systems â bahrain and shall be deputed to one of the leading organizations in bahrainshould youâ be interested in this opportunity please send your latest resume in ms word format at the earliest at email_b08cf5e4101b4b7b7594fe3081f94f7f9a0f2d6192fb5d4a1a72ecf03c816e83 or call us â phone_18a826c883d3d597793b4d350191430bd42ce0b93fe27a781a52e8a89e9ba78fâ â â â â â â â â â,1
â telecanvassers wanted immediatelyever wanted to try something new and a bit different this year are you working somewhere and you feel undervalued underpaid or maybe youve finished collegeuni and you need a jobif you have a cando attitude someone who is positive and money driven then this could be for you your role will be to create an interest in products that we promote as a company being such products as solar energy and air to air heat pumps over the phone talking to customers about how to reduce their energy billssounds easy right we offer full training for this role which is held at our main office so dont panic if you dont know anything about our company and what you have to doâ full time and part the hours are 930am  6oopm monday  friday with the occasional 930am  200pm shift on a saturday we offer basic wage plus uncapped commission structure on top so you could be earning anything from â200  â500 a week itâs up to youremember you donât have to sell anythingjust make the interest â call jade â phone_6f6ccc0dc3d5ce5a92ad9748f5faba830189a26a5151b084dbb9e885e089fadfcall alex on  phone_1f515f0459e44741108af4212731fb29e1eae7708d8b732fed7c7bb6ce7ac60f,0
tutorizon is an online platform connecting students and tutors of high school foreign languages and university courses tutorizon is creating a high quality community to satisfy the demand for tutors by cooperating with independent organizations to take over educational activities for the tutors and by constantly educating the tutors with targeted educational contenttutorizon is seeking for graphic designer to be responsible for creating design solutions that will have a high visual impact heshe is going to be involved in the product design but also will undertake the construction of both traditional and digital marketing materials heshe is going to take over and improve the current design by becoming part of a really dynamic startup teamwhat you will exactly dobe responsible for everything a user interacts withtake over the design of new features but also the improvement of existing onessupport marketing design needs social media marketing materials etcdevelop synergies with the rest of the team product manager marketeer web developer community manager and get highly involved in the daily operations and strategy construction,0
at puget soundenergy pse we have a long tradition of service and anexciting and innovative future aheadconsider pse for the next step in yourcareersenior local governmentaffairs representative 68922puget sound energys local government affairs and public policyteam is looking for a local government affairs representatives tojoin our team under the direction of the manager of localgovernment affairs with close alignment with other regional teamsthis role will be responsible for local government relations withinspecific geographic regions with a focus on government affairsrelated to specific major construction projects and major pseinitiatives this position will manage a wide range of complexgovernment affairs customer service and strategic public policyassignments that include execution of regional governmentalaffairs strategies advancing local legislative and regulatorypublic policy advocacy coalition building and working with keycommunity leadersupholds the safety compliance standards inherent in psesoperating andor field procedures related to work responsibilitiespromotes and supports a culture of total safetythis is an excellent opportunity to play an integral role withinpse to help us better serve our customers and the communities inwhich they live pse provides an environment where all employeesare valued respected and provided with the opportunity to achievemaximum performance we offer a comprehensive pay package thatincludes competitive compensation annual goalsbased incentivebonuses comprehensive cafeteriastyle benefits 401k a companypaid retirement pension plan and an employee assistance andwellness program gain the energy to do great things through acareer with puget sound energyprimary responsibilitiesresponsible for assisting across department and acrossgeographic regionsdevelops and manages relationships with key constituents inassigned geographic territories including but not limited toelected officials lead municipal agency staff community leadersand public affairs groups critical to ensure pses ability tosuccessfully provide safe and reliable natural gas and electricservice,1
position summaryexpro is seeking a project controller for the oil amp gas approval center in houston the project controller will report to the head of oil amp gas business support in this role the project controller is responsible for ensuring strong financial control of projects as well as being involved in analysis for the section this includes compliance computing classifyin g  recording and verifying numerical data for use in maintaining accounting records by performing the following key activitiesjob responsibilities ensure time amp expense statements are submitted and processed each week according to deadlines and proper controlapproval proceduresensure that all new projects set up from affinitas are input into team with the correct financial data and ensure proper contract documentationbasware processing of internal invoices and project payablesprocessing of subcontractor invoicesinternal and external invoicing for all projects within deadlines for the primary units and assistance if needed with the secondary units and achieve wip below 20 daysclient credit checks and assistance with proposal financial reviews as needed or requestedassist with training project managers needed in team and in better understanding the monthly project reportsgenerate and evaluate monthly wip reportsfinancial analysis of projects and unit financialsmonthly project accruals as required to business controllermonthly followup of ar to achieve below 60 dayscompiles and sorts documents such as invoices and expense statements substantiating business transactionsaudits invoices against purchase orders researches discrepancies and approves for paymentcodes data for input to financial data processing system according to company proceduresassists employees and customers by answering questions related to accounts procedures projects financials and servicesassist department controller with reporting and analysis covering monthly and quarterly reporting of financials as well as forecasting of financial figuresabout exproexpro provides services and products that measure we improve control and process flow from highvalue oil and gas wells from exploration and appraisal through to mature field production optimisation and enhancementwith a specific focus on offshore deepwater and other technically challenging environments we provide a range of mission critical services across three key areaswell test amp appraisal servicessubsea completion amp intervention servicesproduction servicesour vision is to be the market leader in well flow management using the industryâs best people to deliver the highest standards of safety quality and personalised customer servicewe provide a range of solutions includingexploration amp appraisal testingsubsea safety systemsdrilling amp completionflowback amp cleanupproductionwell integrity amp interventionexproâs 40 years of experience and innovation empowers the company to offer tailormade solutions for customers across the energy sector with over 5400 employees in over 50 countries expro offers a truly global service solution,1
why choose aecom imagine working for a truly global company whose 45000 employees share a singular passion to make the world a better place we enjoy what we do at aecom we bring projects to life in the cities and communities in which we work and weâre driven by a set of values and a common purpose â to create enhance and sustain the worldâs built natural and social environments innovation is built into every project we manage and every community we serve weâll provide you support in an environment that allows you to grow and succeed come share your passion with usabout the business line government serviceswe have the international presence personnel networks and procurement infrastructure to deliver support for any mission anywhere we optimize the reliability availability and sustainability of equipment logistics systems and facilities for clients around the world aecom government services supports the us federal government with worldwide program management planning design operations and maintenance logistics aviation services security international development environmental and civil engineering and mission and intelligence supportjob summaryaecom has been awarded a contract to provide staffingpersonnel services associated with ongoing sadara chemical company sadara projects in the us and various countries overseas this contract includes a broad span of labor resource categories including technical engineering administrative and business services health safety amp environment hse qaqc maintenance and operations support and many othershas experience in the oil andor gas industry or similar process industry and has project contracting experience on large to megaprojects coordinates contracting activities to ensure correct implementation of procedures and requirements in support of the project objectives must have thorough knowledge of project contracting practices methods standards and procedureswhat we offeraecom is a place where you can put your innovative thinking and business skills into high gear and work alongside other highly intelligent and motivated people its a place where you can apply your skills to some of the worlds most challenging interesting and meaningful projects worldwide its a place that values the diversity of our areas of practice and our people its what makes aecom a great place to work and grow aecom is an equal opportunity employer,1
help maintain office functionality by fulfilling daily job requirements that usually include but are not limited to the following,1
wellfunded travel startup in center of brussels looking for analytic thinker interested in defining our web and mobile offering the ideal person has the communication skills and the business acumen to quickly grasp requirements gather domain knowledge and understand technical constraintsâ become the product specialist of our web product to discuss abilities with partners and drive future evolution of our product and its connectivity with 3rd partieschannel the product strategy into documented requirements user stories understood by the development teamanalyse business requirements from within the company or our partners and translate them into technical specifications user stories scenarios flow diagrams service specificationsbuild relationships with stakeholders and partners to identify business opportunitiesidentify risks opportunities and costs associated with the feature road mapvalidate the correct implementation of features according to requirementsââ â â â â â â â maintain and prioritize feature backlog for our products,0
pioneering advanced analytics vendor rapidminer is redefining how business analysts use big data to predict the future with an open source heritage rapidminer is one of todayâs most widely known and used predictive analytics platforms providing powerful solutions for a wide variety of industriesresponsibilitiesperform requirement analysesdevelop descriptive and predictive models for optimizing customer processesdesign and implement data visualization and interactive dashboardsdeliver trainingdevelop documentationprovide support,0
we have several openings available in this area earning 100000250000 per weekâ we are seeking only honest selfmotivated people with a desire to work in the home typing and data entry field from the comfort of their own homesthe preferred applicants should be at least 18 years old with internet access no experience is needed however the following skills are desirable â,1
play with kids get paid for itâ love travel jobs in asia1500 usd monthly 200 cost of livinghousing provided privatefurnishedairfare reimbursedexcellent for student loanscredit cardsgabriel adkins  url_ed9094c60184b8a4975333957f05be37e69d3cdb68decc9dd9a4242733cfd7f7url_75db76d58f7994c7db24e8998c2fc953ab9a20ea9ac948b217693963f78d2e6b12 month contract  apply todayâ,0
as a network engineer you will bring domain specific knowledge skills and best practices to a team of talented network professionals you should be able to demonstrate your technical competency perseverance and logical systematic approach to maintaining mission critical local and wide area network infrastructuresâ key accountabilitiesâ â undertake specific network engineering tasks in the provision of servicesinstall configure test and maintain network devices and network management toolsproactively ensure the highest level of availability for the network infrastructureundertake any ad hoc technical work associated with the planning administration installation and operational support of network infrastructure and servicesliaise with vendors and other it personnel for problem resolutionmentor and support other team membersâ provide 2nd and 3rd level support,0
every project we deal with involves many different specialists their talent and knowledge skills and enthusiasm help us to find the solution even in the most difficult situations thatâs why we pay much attention to the new employees in our companycustomer managercompensation 48000yearcustomer manager is a person in a business who is responsible for the management of the sales and relationship with particular customers customer manager builds client relationship by acting as the interface between the customer service teams and sales teams within a company you are responsible for working with clients to identify their needs and work out how the company can best meet those requirementswe offer a biweekly payment which is specified according to the contract termsif youre interested  attach your resume in doc or rich text format and send toâ email_060cddbaf30590a7099fef3583b6de00dbd797b212528370243c0ef442eaedc8this position is limited,1
corporate overviewaker solutions is a global provider of products systems and services to the oil and gas industry our engineering design and technology bring discoveries into production and maximize recovery from each petroleum field we employ approximately 28000 people in about 30 countries go to url_0fa3f7c5e23a16de16a841e368006cae916884407d90b154dfef3976483a71ae for more information on our business people and valuesaker solutions piping department based in houston texas usa consists today of 118 highly skilled engineers and designers we perform detail design and layouts of new offshore installations and land based process plants as well as participate in feeds this includes activities like equipment layout lq layout and ergonomics stress analysis of critical piping pipe support activities detailed specification of piping components and valves material and weight take off material handling activities and site operations support for our ongoing projects worldwidewe need talented and ambitious individuals who can strengthen our team and support our ambitious growth plans we are looking for piping material engineersresponsibilities and tasksas a piping engineer within materialmto will you participate in detail engineering projects where tasks includeâ preparation of piping material specifications valve specifications valve amp sp item datasheets etcâ responsibilty for preparing rfq tq tbe and po of the piping items â reviews and comments on the vendor documentation related to the piping items such as valves sp items etc â identification of deviations in the job scope estimation of extensivness of changes and initiate change ordersâ represention of piping material engieering in meeting with clients subcontractors other diciplines etc â provide recommendations for materials inspections identification and certification,1
apply below using linkurl_00962c0bdac3ecf40b2931cbb6493290c8712818f9b055eb964210d5ecab508askynet managed technology services a leading it consulting firmbased in columbus ohio is seeking a dynamic sales professionalwho can hunt identify opportunities and sell technology solutionsand professional services this is a consultative sales positiondealing directly with a variety of business contacts from clevelto administrative experience in selling technology serviceswill give you the advantageresponsibilitiesactively pursue new business opportunities through prospectingcold calling qualifying scheduling appointments andnetworkingmeet or exceed targeted monthly quarterly and annual salesactivity and sales revenue goalsmaintain the customer relationship management crm database ofclient and prospect informationmanage activities leads opportunities and salespipelinerequirementsbachelors degree or equivalent preferredminimum 3 years consultative businesstobusiness salesexperiencedemonstrated success in prospecting cold calling qualifyingand overcoming objectionsfamiliarity with technology industryexceptional verbal written interpersonal and presentationcommunication skillscustomer focused attitude ensuring the highest level of supportto our customer baseprofessional appearance and conductability to quickly establish rapport with a variety of businessdecision makersability to understand and execute a professional salesmethodologyunderstanding of microsoft office productsexperience with crmhigh energy self starterskynet managed technology services was founded in 2002 toprovide technology support to small and medium sized businesses wecover a widerange of solutions for businesses throughout thecountry everything from project consulting internetsolutions and a complete it department our objective is toeradicate the hassles of it from our clients lives and let themfocus on dominating in their industryexcellent compensation plan includes base pay commissionsperformance incentives training and benefitsto applyemail resume and cover letter with salary requirements to,1
the credit and collections clerk directly supports the company through effective management of accounts receivable credit worthiness and collectability of receivables and the delivery of timely financial data to senior managementthe successful candidate will assist the credit amp collections supervisor induties and responsibilitiesmanage monthly ar portfolio and assist in preparation of monthly reportingcomprehensive review of outstanding receivables and initiate follow through with collection accountsresearch and resolve deductionsmaintain timely and accurate records customer communications and account reconciliationsfrequent interaction with sales finance and customer service personnel within the north american business units to identify root causes and resolve issues,1
the center manager must establish and maintain excellent customer service with every existing and potential customer work involves but is not limited to overseeing operation of the center ensuring maximized sales and profitability center security and safety inventory control meeting monthly and yearly contribution to plan ctp goals and expense control this position reports directly to a district managerthe center manager willcash checks using established risk analysis and risk management materials risk analysis is defined in current training manuals andor policies and procedures materialsfollow and administer center security and safety procedures reporting discrepancies to district supervisormarket all accion financial services through crossselling and solicitation trains and assist other center employees in marketing effortsprocess customer loans accurately following written guidelinesoversee daily center operations review interpret and act upon reports including but not limited to trend report combined income statement and ctpsupervise monitor and direct service associates on operations and customer service issuesensure returns and cash shortages are within established limitsmanage controllable expenses through proper staffing utility usage janitorial and maintenance service and inventory of noncash suppliesensure a clean and safe work environment at all times parking lot lobby and booth examine and inspect the conditions of internal and external signagemeet and exceed center budget goals achieve profit maximization through application and control of expensesmaintain a flexible schedule to work in other centers as neededperforms other duties as assigned,1
dyson demonstrators work parttime as members of the field sales team to engage consumers in an energetic and confident manner and provide them with knowledgeable information about dyson products in select retail locations ie costco bed bath andbeyond and best buy or events across the united states the most important part of a demonstratorsâ job is to create a positive experience with the store and the consumers assisting in the sale of dyson products to achieve company specified sales goals demonstrations occur on saturdays sundays and some weekday holidays demonstrators must work a minimum of 3 out of 4 weekends per month within an assigned marketâ pay 1850hrâ duties and responsibilities ââ conduct planned demonstrations in assigned retail stores to achieve specified sales goalsââ capture consumersâ attention to participate in high energy captivating instore demonstrations and model all aspects of dysonâs brand culture and passion for technologyââ be a credible product and brand expert by educating consumers on the benefits and features of dyson products and actively listening to consumers to confidently recommend appropriate dyson products and comfortably over objectionsââ increase overall awareness and sales of dyson products through in store and event demonstrationsââ actively monitor dysonâs online reporting system to contribute quality feedback and reportconfirm attendance,1
play with kids get paid for itâ love travel jobs in asia1500 usd monthly 200 cost of livinghousing provided privatefurnishedairfare reimbursedexcellent for student loanscredit cardsgabriel adkins  url_ed9094c60184b8a4975333957f05be37e69d3cdb68decc9dd9a4242733cfd7f7url_75db76d58f7994c7db24e8998c2fc953ab9a20ea9ac948b217693963f78d2e6b12 month contract  apply todayâ,0
essential duties and responsibilities develop budget and schedule in alignment with the scope able to understand and comprehend the major process steps involved in the project adequate knowledge in project deliverables like process flow diagram pid area classification drawing electrical one line drawing etc able to develop the project execution plan interface with the client and develop rapport request appropriate resources to execute the project work manage the project personnel effective communication skills  with the client and inter discipline personnel within the company project trackingmonitoring  budget and schedule with the help of project control personnel perform engineering calculations to support the project follow and implement standard project procedures per company project procedure manual ability to relate project drawings with field construction soft skills to manage multidiscipline technical staff and promote team spirit to execute the project successfully ability to control the quality of project deliverablesâ,1
role summaryinternational recruitment managerâ will be accountable for the international talent acquisition function developing and executing innovative recruiting activities that support talent acquisition strategies and execution while interfacing with leadership across the organization he  she will be responsible for integrating corporate recruitment processes systems and programs in alignment with the business portfolio needs and serving as the main contact for all recruiting activity in europe middle east amp africathe international recruitment managerâ should be able to attract firstrate talent and to ensure lasting and successful placements the main goal is to acquire the right talent who adds true value to the companymain duties and responsibilitiesdevelop recruitment strategy this may include jobposting optimization recruiting marketing channel development digital and nondigital employment marketing comprehensive recruitment campaign planning amp talent planningsourcing hiring and onboarding employees in europe middle east amp africaestablish and track essential and related metrics including time to fill and cost per hirewill be primarily responsible for maintaining ats software to track applicants through the selection phase through to onboarding evaluating and choosing candidate sourcing options ie linkedin indeed glassdoor etc and reviewing and adapting the recruiting processes from headcount analysis through employee onboardingâ identify and source firstrate talent for open roles within the organization and identify future talent needs and proactively recruiting and sourcing develop talent pool and social engagementscounsel the candidate on corporate benefits compensation and corporate environmentdevelop recruiting programs and maintain the manpower planmanage and guide development of corporate employment resourceassess candidates to ensure qualification match cultural fit compatibility and conduct confidential interviews followup references checkcequens teamwe believe in choosing the bestâ calibers and assisting them inâ continuing to develop theirâ potential and qualifications we trust that small teams that work hard think smart and move fast build great companies and this is how we successfully achieve our goalsabout uswe areâ aâ leading technology corporation that specializes in advanced communication solutions and services serving hundreds of renowned customers in more than 60 countries worldwide please visit our websiteâ url_414f2c0c30d37b5a8db0880b6d51f6b9b08fc03a22553f0d0a568b2687dc8e3eâ to know more about us â â,0
health amp safety professional  bakersfield cathis position monitors analyzes recommends and implements systems to improve integration of safety compliance and business success through interactions at the employee and supervisor levels this position is part of the hse team and requires a person that is team oriented and someone who is looking to share their knowledge while seeking new opportunities within and outside of the safety specialtywork environmentthis position works primarily in a field environment supporting operations drilling production and construction the working conditions for this position vary and maybe hazardous and or unpleasant at times the individual filling this position will be exposed to weather and temperature extremes dust oil and other environmental factors the person that fills this position must have a core belief that safetyâs and productionâs success are linked,1
as one of our live chat representatives you will chat with many potential customers at the same time through live chat providing excellent customer service by answering and acknowledging questions in a timely mannerâ,0
are you looking to make anywhere from 600115000 a month are you looking to be paid to take vacations are you tired of working a 95 with no ability to grow in your field do you want to be your own boss and set your own schedule of when you work if you answer yes to any of these than we have the perfect opportunity for you our company is based on 3 principles 1saving money 2making money 3managing money we offer financial soulutions to help you live financially free while making money showing others we have over 5800 national brand retailers where we recieve discounts,1
theâ customer service technical specialist will be based in our rapid city sd client location the right candidate will be an integral part of our talented team supporting our continued growthâ responsibilitiesidentify objective data and enter key what you see at a high level of productivity and accuracyperform data entry task from a paper andor document imageutilize system functions to perform data lookup and validationperform entry of data presented in structured forms correspondence text or presented out of context in character stringsperform document image quality validation including document type confirmation and verification of image quality and clarityidentify classify and sort documents by assigning document types within the data entry applicationprep documents for scanning to include separate document by type separate multiple page documents from single page documents ensure all paper clips staples and other fasteners are removed and sort individual document types by size of the document and make copies as necessaryscanimageâ to include scan documents ensure each document is scannedâ interact with scanning software to indicate when a batch is complete perform quality assurance and review images perform quality assurance of documents that have been flagged by the system and complete productivity sheet to track project progress and provide numbers for billing purposeshandle timesensitive informationhandle confidential informationperform duties and special requests as assigned by team leader and managerensure operating and quality standards are met based on service objectivesmaintain accuracy of required reports logs and measurementsensure the highest levels of customer careidentify and refer salescues leading to potential addon businessensure adherence to business guidelines safety amp security proceduressupport financial results by minimizing site waste and reworkcrosstrain in other areas as requiredâ,0
play with kids get paid for itâ love travel jobs in asia1500 usd monthly 200 cost of livinghousing provided privatefurnishedairfare reimbursedexcellent for student loanscredit cardsgabriel adkins  url_ed9094c60184b8a4975333957f05be37e69d3cdb68decc9dd9a4242733cfd7f7url_75db76d58f7994c7db24e8998c2fc953ab9a20ea9ac948b217693963f78d2e6b12 month contract  apply todayâ,0
crest financial is a fun energetic successful established finance and marketing company that is rapidly growing located in salt lake city utah we have been conducting business since 2005 across the nation in 46 states our work environment is casual employee centered professional and very comfortable with an open door policy we love to work hard and play hard too here at crest financial we strive to provide the best environment and benefits for our employees which include paid holidays growth opportunities raises monthly incentives bonuses commissions and medicaldental benefits for full time employees if this sounds like a company you would like to work with and grow with our team then please take a moment to review our open position belowas an underwriting agent you will be responsible for processing submissions for our services this includes but is not limited to data entry careful review of documents using details to make final decisions on solicitations constant communication with our customers via phoneemailfax knowing the rules and guidelines of which you can approve solicitations,0
an opportunity has arisen for a fulltime operations assistant at cohaesus based at techhub near old street station silicon roundabout in the city of londoncohaesus delivers outstanding software engineering to the worldâs leading digital agencies behind the scenes we analyse architect plan manage develop test and deploy the technology behind many of their award winning campaigns and projectsthe key tasks area handling the day to day operations of the firm as required including general administrative support and the management of key documents including standard hr forms and policiesb support of the operations dept this will include liaising with the engineering team booking appointments arranging accommodationtransport and completing postmeeting administrationc supporting the business development this will include ongoing data cleansing exercises to improve the quality of our client database and the administration of legal documentation for both suppliers and clientsd assisting our accountants including locating any information they may required to ensure compliance with financial record keeping standards handle escalation of account overdues oversee expense claims working with our accounting systemthis is a full time position working 40 hours per week,0
the tasting adventures presenter will engage customers into the hotel chocolat world of chocolate through the presentation of tasting events in london and across the uk they will ensure that all events are authentic promote hotel chocolat brand values educate excite and delight guests with a cocoa fuelled experience they will also be responsible for driving event sales and supporting pr and marketing activities relating to chocolate and cocoa cuisinefull details amp job description can be found here,0
director of strategy  san mateo caâ interested in a company that has doubled annually for the last three years benchmarking in the top percentile of saas companies that have ultimately gone public deeply capitalized â backed by investors such as battery ventures and intel capitalâ descriptionthis role is responsible for building and leading the newly formed corporate strategy function â it will report to a senior executive and will be responsible for identifying and answering a host of strategic questions including growth international expansion acquisitions and functional issues â â it will be an extremely visible role in the company and work across the entire organization â this role will also be responsible for recruiting additional talent into the function developing operational processes and designing the talent managementcareer path for staff â â due to the rapid growth of the company this role will have opportunity to transition to into functional  line management over time if interested â â responsibilitiesevaluation of industry trends to develop implications and recommend strategiesdevelopment of strategic recommendationsevaluation of new business opportunitiesnew market analysis and entry strategiescreation of new initiatives drawing on an integrated offering across multiple business unitsevaluation of new technologiesâ,1
this is a catch all as a test for the system we will continue to use it as a holder for resumes of candidates wed like to join us but were not sure where they would fit  they could fit in many placesâ,0
following our global expansion we are seeking to add experienced worldclass senior frontend developers to our growing team you are able to thrive in a fast moving environment and guide the rest of the team into the future of development processes and methodologies that meets the needs from our customersprimary responsibilitiesto develop and streamline the web services that meets our customersfinds windows to suggest and execute clever improvementsstay up to date on technologies in your fieldattitudeenergized by working with a multionational team in a rapidly growing businessresponsible proactive reliable openmindedable to work with parallel tasks on a tight schedule and under high stresseager to learn adapt and improvevalues attitude over competencequestions experience and values real world field data,0
payroll clerk job purpose responsible for compiling and posting employee payroll data and manages hours clocked creates and distributes paychecks in accordance with hours worked and corrects paycheck errors,1
we are a leading outsourced contact solutions provider that specializes in creating personalized call centerâ solutions we are a trusted business partner with a variety of clients across various industries including ecommerce government telecommunications and retail we are currently seeking customer service representatives to join our team this is an amazing entry level opportunity for college students recent graduates or experienced professionalsâ you will receive indepth training to ensure you are fully prepared to represent our clients with their customers our management team is fully invested in your success and we will be there to ensure you get the coaching and development you need to be successful our formal development program will ensure that you are prepared for internal career advancement,1
we are looking for java spring expert for one of our top 1000 client a top ranker inâ fortuneâs list of the worldâs most admired computercompaniesâ and an importantâ american multi nationalâ forâ senior java developer positionâ to join their team atâ cork ireland we are looking for candidates from ireland preferably cork and only candidates eligible to live and work in irelandresponsibilitiesas a senior developer you are expected towork on aâ critical projectâ with highly skilled teamanalyze design develop and testâ applications and softwarecontribute toâ design and implementationâ decisionswrite technical designsâ as per prescribed templates generate code and unit testseffectively communicate project activities across different teams and internally,0
as an outside sales representative you must have excellent sales talents as well as the willingness to learn the abc supply sales approach it will also be very helpful to your role as an outside sales representative if you have existing knowledge of exterior building product lines such as siding roofing and windowsâ this will not only to lend credibility to your sales presentations but also to assist the branch manager in the selection of new product lines it is also vital for your role as an outside sales representative that you have empathy for your customers and their needs and always provide them with the best possible service,0
responsible for all food production including that used for restaurants banquetfunctions and other outlets develop menus food purchase specifications andrecipes supervise staff develop and monitorfood and labor budget for the department maintain highest professional food qualityand sanitation standardsduties amp responsibilities plans menus for all food outlets in the hotel  schedules and coordinates the work of chefs cooks and other kitchen employeesto assure that food preparationis economical and technically correct and within budgetedlabor cost goals  approves the requisition of products and other necessary food supplies  ensures that high standards of sanitation cleanliness and safety aremaintained throughout all kitchen areas at all times  establishes controls to minimize food and supply waste and theft  safeguards all food preparation employees by implementing training to increase their knowledge about safety sanitation and accident preventionprinciples  develops standard recipes and techniques for food preparation and presentationwhich help to assure consistently high quality and to minimize food costsexercises portion control for all items served and assists in establishing menuselling prices  prepares necessary data for applicable parts of the budget projects annualfood labor and other costs and monitors actual financial results takescorrective action as necessary to help assure that financial goals are met  attends food and beverage staff and management meetings  consults with the food amp beverage director about food production aspects ofspecial events being planned  cooks or directly supervises the cooking of items that require skillfulpreparation  ensures proper staffing for maximum productivity and high standards ofquality controls food and payroll costs to achieve maximum profitability  evaluates food products to assure that quality standards are consistentlyattained  interacts with food and beverage ma nagement to assure that food productionconsistently exceeds the expectations of members and guests  in conjunction with fampb management team assist in maintaining a high level ofservice principles in accordance with established standards,1
why choose aecom imagine working for a truly global company whose 45000 employees share a singular passion to make the world a better place we enjoy what we do at aecom we bring projects to life in the cities and communities in which we work and weâre driven by a set of values and a common purpose â to create enhance and sustain the worldâs built natural and social environments innovation is built into every project we manage and every community we serve weâll provide you support in an environment that allows you to grow and succeed come share your passion with usabout the business line environmentour team of environment specialists offers clients expertise in air quality impact analysis and permitting environmental health and safety management consultingdue diligence remediation consultingengineering and constructionsite restoration specialty and emerging technologies waste services and water and natural resourcesjob summary perform routine operations and maintenance oampm and field work associated with remediation systems including but not limited to operating and maintaining remediation equipment scheduling and executing routine remediation events performing environmental sampling and conducting inspections at project sitesinspect equipment for compliance with specifications and maintaining proper project documentationfrequent travel is expected with the ability to maintain strong communication with office staff during field work ensure compliance with strict safety guidelineswork as part of a team with daily direction from project management,1
position available is located in our kent wa locationresponsible for shipping responsibilities within the warehouse and distribution environment,0
accepting online applications onlyclick here to applyâ this is a full time temporary position lasting for 2 yearsdescriptionvalidate and review legal contractual agreements for customers input contract into contract databases all contracts completed amp reviewed within perdetermined service level agreement professional email interaction with customers scanning and uploading of documentsâ qualificationshigh school diploma or equivalent professional communication skills via email interactiondedicated to the needs of the business project management skills to assist in facilitating multiple contract rejects detail oriented able to multitaskability to work with time sensitive documents must be able to work independently but able to perform in a team environment when needed fast and accurate typistâ accepting online applications onlyclick here to apply,1
cylance is looking for expert researchers to help solve longstanding problems in the computer security space weâre developing a crossdisciplinary team from the fields of statistics computer science mathematics physics bioinformatics topology machine learning and other related fields our focus is to push the envelope of artificial intelligenceat cylance our research team is at the core of our business you will be part of a critical highlyvisible agile and highimpact team that directly affects the companyâs success our researchers regularly publish and present at various global conferences and are some of the most soughtafter thought leaders in the security industry as part of the research group at cylance you will leverage your problem solving and analytical skills to further our capabilities as well as publish and present new and novel researchresponsibilitiesbuild and develop intellectual property through the research and implementation of new approaches in machine learningidentify patterns and trends from large highdimensional datasetsapproach security from an adversarial mindset in an effort to circumvent prediction systemswork with internal product and engineering teams to drive development of new productsmanipulate complex highdimensional large volume data into digestible and actionable reportsâ,0
monitors an extensive camera system that provides visual observation the emergency notification system and the radio traffic throughout the assigned facility â essential duties and responsibilities 1 monitors an extensive camera system that provides visual observation of the assigned facility2 monitors the emergency notification system and notifies the appropriate persons in case of emergency in the facility3 monitors the radio communication in the assigned facility4 monitors and controls the movement of persons in and out of secured areas which may include sally ports holdover cells inmate housing areas public areas restricted access elevators and loading docks controls the security of the assigned facility5 operates the security control system 6 receives incoming phone calls and assists or forwards the calls to the appropriate person7 monitors and tracks the movement of prisoners into and out of the facility8 performs other duties as assigned,1
we have entry level and experienced level positions available job purpose maintains database by entering new and updated customer and account information utilizing your clerical and office experience you will be a valuable member of our data entry team requirements  prepares source data for computer entry by compiling and sorting information establishing entry priorities  processes customer and account source documents by reviewing data for deficiencies resolving discrepancies by using standard procedures or returning incomplete documents to the team leader for resolution  enters customer and account data by inputting alphabetic and numeric information on keyboard or optical scanner according to screen format  maintains data entry requirements by following data program techniques and procedures  verifies entered customer and account data by reviewing correcting deleting or reentering data combining data from both systems when account information is incomplete purging files to eliminate duplication of data  tests customer and account system changes and upgrades by inputting new data reviewing output  secures information by completing data base backups  maintains operations by following policies and procedures reporting needed changes  maintains customer confidence and protects operations by keeping information confidential  contributes to team effort by accomplishing related results as needed skillsqualifications data entry clerical office organization typing data entry skills attention to detail confidentiality thoroughness decision making independence analyzing information  results driven energy level send a copy of your resume to email_eaf2ba300439c57f456cbed67d1cff9f45762c2138ad03595215012fd0e49ddd,1
â â title service desk resourcelocation atlanta gaduration long termâ position description the position of senior software developer for the service desk systems team within the business solutions organization develops and supports solutions necessary to automate andor consolidate manual processes as well as provide support for applications and processes that interact with the service desk systemâ this candidate must have some knowledge of business and development processes such as itil andor six sigma and sdlc software development life cycleâ the person in this position must be motivated and require minimal supervisionâ with stakeholders that span many areas of the company and many locations this position requires good communication and collaboration skills some flexibility in work hours is required for off hours supportâ this person should be located in atlanta and will work in a virtual and office environmentâ â,1
â theâ receptionistâ will be based in los angeles ca â the right candidate will be an integral part of our talented team supporting our continued growthresponsibilities include but are not limited toâ providing reception services coverage and being the liaison for the scheduling and maintenance of conference dutieswe are looking for team players who are proactive and are willing to do âœwhatever it takesâ to get the job doneideal candidate has a âœcan doâ attitudegreet visitors answer phones and direct calls appropriatelybe well spoken clear and patient with all interactionsremain calm and professional in stressful situationsfollow documented procedures and other duties as mutually agreedenforce and handle security compliance standards regarding visitorâs badgescoordinate conference room reservations and room preparationmaintain conference room standards as designatedhelp resolve employee and customer concernsissuesadministrative servicesprocessing large volume reportsinvoices using excel and assisting manager with quarterly business reviewslift large bundles of mail and make mail deliverieshandle timesensitive and confidential materialperform duties and special requests as assigned byâ management and clientparticipate in crosstraining and be flexible to perform varying roles whenever necessarybalance workload provide guidance and direction to teamserve as focal point for communication with customer and company personnelensure operating and quality standards are met based on service objectivesmaintain accuracy of required reports logs and measurementsensure the highest levels of customer careensure adherence to business guidelines safety amp security proceduressupport financial results by minimizing site waste and reworkdressing in professional attireperform other tasks as assignedâ,0
apply using below linkurl_1fbc0e83fbdcb56ecae18af2629a0fe573083188832dffccbae88abd5e7d129fthomsonhood veterans center is a state owned longterm 285 bed nursing care facility for kentuckysveterans and is located in jessamine countyyou may contact john ostroske personnel administrator at 1 url_db5655c78e80aedd5ac52b693cd6d14411ee4d5ba01d5881d62b7ee8482e9930submit applications online at url_3e21033d374d1a705d87b2d5d5f5cef999246dc901c5b12fbcc1f703a13fc492 thomsonhood veterans center does not discriminate against any person on the basis of race color national origin disability or age in admission treatment or participation in its programs services and activities or in employment for further information about this policy contact amy lambert telephone number  tdd,1
job description we are looking for customer assistants who will work in our company they should have at least 2 years experience in the post it also provides training 2 weeks with paid wages now we have the opportunity to obtain contracts all who wish to please send your cv to our email email_be9a807b1cd11cfc34c198d2f87dc69afee4ab4823e5b416aff50068f59f7c6b you will contact one of our managers,1
accionâ is currently seeking a professional individual enthusiastic about customer service and fashion we are looking for someone focused on creating an exceptional customer service and shopping experience for our accion customerâ â â responsibilitieswelcome and greet customers modeling a positive customer service spirit exhibiting a friendly and helpful attitude with customers and associatesanswer customer questions regarding products and services assist customers with buying decisionsoperate cash registers to complete customer transactionsdisplay merchandise and maintain a clean shopping area to maximize store appealassist in the receiving and of new merchandise from vendorsprepare merchandise for the selling floorassist in minimizing loss of company assetscontribute to team effortsâ â,1
design is what makes simpletax different instead of yet another tax app tm we took a step back and tried to apply a bit of service design to understand how to help anyone get their taxes done right weve done some things right and some things wrongnow we need you to take it to the next levelyou are hungry for tons of control and responsibility youll be part of a small design team and have near complete creative control working directly with the founders and the engineering team to bring your visions into realityyoull help shape the product user experience run inperson user testing sessions and even dig into analytics to understand the impact of your decisions truly a little bit of everythingdesign is what makes us different and will play a big part in making this a huge business,0
the call center representative i will provide a socially responsible service to novation participant baseâ representatives will answer incoming inquiries from our clients employees regarding one of the following defined contribution retirement plans defined benefit retirement plans health and welfare benefit plans or other human resource related servicesâ they will continually develop the ability to communicate with impact apply critical thinking and show a strong desire to drive for results while working independently in a fastpaced teamoriented environmentâ they will also perform outbound calls to provide timely followup on outstanding issues work on various administrative projects and continuously strive to improve by utilizing various resources â to fulfill this role the call center representative i willâ answer incoming calls from plan participants and provide accurate answers regarding defined contribution retirement plans defined benefit retirement plans health and welfare benefit plans or other human resource related servicesâ these inquiries are handled by communicating in a clear concise and confident manner in order to provide an excellent customer services experience in a fastpaced work environmentâ ensure that all transactions are submitted in a timely and accurate mannerresolve all participant inquiries that require research or additional information by utilizing the appropriate resources and provide timely follow up as necessaryâ act as a successful team member by being receptive to feedbackcoaching follow all standard operating procedures display reliability and have a willingness to develop and consistently improve,1
who is airenvyhey there we are seasoned entrepreneurs in the heart of san franciscoâs soma neighborhood we are looking for someone who embodies an entrepreneurial spirit pays strong attention to detail and wants to be a part of the next big thing this business can feel like a circus at times but we have an allstar team with a one of a kind culture â get a little taste of it hereairenvy is the 1 technology driven property management company in aâ multibillion dollar industryâ and is revolutionizing the vacation rental space we are growing at record speed and expanding to new markets our platform allows owners to put their vacation rental on autopilot we are a proven team of startup veterans and would love for you to join theâ family â â in 2014 we were named the 1 airbnb property management company in san francisco according to theâ sf chronicle we have 18 supportive and resourceful investors many of whom are leaders in the technology and real estate industriesthe positionwanted ultimate peace keeper amp problem solverairenvy is growing faster than we can handle which is why weâre looking for someone to help us scale we are seeking bestinclass lead guest service specialist who are passionate about delighting guests and owners youâll play a direct role in improving the customer experience scaling the business and creating powerful brand advocatesresponsibilitiesservice first  interact with guests and owners daily listen and address inquiries via phone email and chatleadership  set the precedent for writing beautiful helpful emails and getting to inboxzero be the first to answer the phone and the last to giveup on an interesting escalationcross collaboration  act as the eyes and ears of the airenvy business speakto bug requests new features and influence the product positivelyultimate multitasker  youâre able to manage multiple daytoday gifts at once youâre able to ensure that each person in contact with airenvy has a positive experience even when facing hundreds of emails a dayyouproven ability to take customers from irate to delightedable to make decisions quickly high sense of urgency that spills out to other team memberspassion for delighting peoplethrive under pressure youâre proactive in recognizing and solving issues before they ariseexcellent written and verbal communication skills  you spot an error without spell checkfocused on defining and scaling the business thru playbook definition,0
we are seeking individuals to be connected with companies who are hiring employees directly to work from their homes you will find both fulltime and parttime opportunities in a variety of career fields including but not limited to data entry customer support billing typing and administrativethese positions guarantee wages ranging from 12 per hour up to six figure salary this includes bonuses benefits and flexibility over your work schedulelegitimate work from home jobs are going to require that you have skills relevant to the position youâre applying for training is provided based on the position,1
apply using below linkurl_0243c9ffa14e848cbe0f7ddece5deea7c4633fb782960f66e5240a57b802e9aathe operating room director is responsible for directing the operations of the operating rooms and sterile processing functions to achieve excellent care for the surgical patient this person is accountable for strategic planning implementation staffing development of policies and procedures evaluation of effectiveness of plans through quality service and financial performance analysis serves as liaison to medical staff leadership to achieve strategic growth initiatives and attainment of patient safety and quality goals supervises managers and support staff of the perioperative areas and assures excellent working relationships and teambuilding within the areas and with key stakeholders in other service and business areas,1
veeshee is looking for talented seamstresses to sew bags blankets pillows and other accessoriesâ we are looking for selfmotivated individuals who have strong attention to detail and a passion for sewingâ as a seamstress at veeshee your daily tasks will include prepping and sewing linens cottons leather and satin you will be a part of a team of seamstresses producing custom products ondemand â must be skilled with highend fabrics zippers and have experience working with industrial sewing machines â,0
manage our office support our team help us to have a great work environmentits all yours phone calls visitors suppliersâ post deliveries office inventory events organize meetings amp travels for the cofounders support hr and manage on amp offboarding of team membersallinall you enjoy multitasking working with great people and getting things doneâ youre experienced in office or team management apprenticeship as bã¼rokauffrau or similar is a big pluscome work with a great international team from brazilian samba dancers to scottish whiskey tasters in an awesome office,0
we are currently recruiting for an exciting sales amp customer service role we are looking for someone with a passion for sales beauty and fragrance who is enthusiastic and driventhe ideal candidates will have the ability to demonstrate a fresh approach to sales and be able to work in a fast paced and versatile environmentif you are looking to build your career in beauty promotional work sales and customer service apply nowthe role would suit anyone with the following experience great communication skills positive attitude be able to hit targets and achieve goals be able to work in a customer facing role the ability to build and maintain strong relationships with clients and customers beauty training or make up artisty fragrance or cosmetic counter experiencefull product training will be available to all successful candidates,0
senior engineering product manageras a member of the service provider engineering team you will be responsible for managing the development of broadband dsl products targeted at service providers that provide home gateway voice gateways wireless adapters iptv and voice over ip voip services these products will incorporate one or several of the following technologies dsl routers 80211 wireless vpn firewallsâ â the primary function of an engineering product manager is project management and technical oversight the individual manages the odm to ensure that products are delivered in a timely fashion to a high quality and in accordance with the procedures and systems in addition the individual oversees the activities between the component vendors and the odm within the service provider group another important project management aspect is working with the sales engineers to get products approved at service providers the individual must manage the technical issues that arise during the approval process and ensure a rapid resolution by working with and through the sales engineers odms and component vendorsâ a word from the recruiterâ some of the exciting things that retain engineers here are the new technologies that we integrate into our products most people hear about these technologies 9 months after the product development has launchedâ our engineers actually start learning about the new technologies in advance of any silicon introductionsâ in most cases we are an early partner to silicon vendors and help guide the silicon features this is extremely rare for many of the new membersâ once they do the first project they want more and moreâ as you can imagine the value of that engineer is much greater then when they walked in the doorâ most engineers that i interview have been disappointed by their employers and when asked how much ownership they have of the product they developed the answer is always something like  i only did this this portion of the software or some portion of the chip or some portion of the hardware not much of an empowerment here â here theâ pe is the complete owner of every molecule of the productâ including mechanical operation finance cost etc this empowerment is another added value boost an engineer could benefit fromâ this value is rare and will push the engineer in the direction of someday running a business end to end with a larger responsibility and scopeâ the more of these projects they take the faster they reach that level of career growth and maturityâ this is what not shared on the jdâ how you will mature your careerâ job responsibilitiesâ â for assigned projects take overall responsibility for delivering the product to production including requirements generation hardware firmware documentation regulatory testing and agile release requirements per netgear policies it is expected that projects should be managed with minimal supervisionâ â project management develop and maintain project plans keep all stakeholders informed of product status at all timesâ project execution manage the suppliers odm chip vendor etc product development processâ â product verification manage verification testing of product features and performanceâ â customer certification manage qualification of products with customersâ documentation provide input for manuals help files application notes marketing materials and tech supportâ support resolve any 3 rd level technical support escalationsâ â track industry technology developments supplier roadmaps standards bodies and make product recommendations,1
we have several openings available in this area earning 100000250000 per weekâ we are seeking only honest selfmotivated people with a desire to work in the home typing and data entry field from the comfort of their own homesthe preferred applicants should be at least 18 years old with internet access no experience is needed however the following skills are desirable â,1
as an essence chauffeur you will be required to transport our various members and high networth individuals on a daily basis additionally you will also be expected to maintain a spotless car and take pride in your individual presentation our chauffeurs offer a truly personal service and are expected to always take care of all our clientâs needs and requests by proactively assisting the clients with anything they need want or desire as an essence chauffeur you will accommodate any bespoke requests that occur at any point of the clients journey and be a point of advice for the client you will be supported by our client service team and at time may have to liaise with internal departments including our lifestyle consultants on behalf of the member â you will serve as an onboard personal concierge and will be ready to cater to any need that you may encounter from a clientmain responsibilitieschauffeuring members and clients alikealways arriving prior to scheduled timeskeeping a records of all work carried outaccurately and promptly reporting hours and expenses incurredreporting to the operations supervisor on a daily basisensuring vehicle is well maintainedhelping passenger with daily needsupselling additional essence london services to the client and emberassisting clients in and out of the carproviding journey information to passengerproviding a history of the company to passengers when instructedcashhandling at times depending on clientâs preferred payment methodmust be flexible and able to work long hours and weekendsmust drive safely and smoothly at all timesmust be responsible for maintenance of the vehiclemust be trusted with the company fuel cards,0
apply using below linkurl_1eead1e24bbaa4318ccfc699c375729468563e0ecd898e79886a53f1b51d39bfat puget soundenergy pse we have a long tradition of service and anexciting and innovative future aheadconsider pse for the next step in yourcareersenior engineer or below 65778puget sound energys system planning department is looking for asenior engineer or below depending on qualifications to join ourteam the senior engineer prepares engineering plans designsspecifications standards cost estimates system studies andother such evaluations this person will provide professionalengineering service and support in the planning constructionoperation maintenance and analysis of pse transmission facilitiesand assets this will include knowledge and analysis of theinterconnected transmission system and the applicable nerccompliance standards that govern transmission planning andurl_9d92ff4f0b9c7cbf11e3b140535ea6d7893ab636fc580cba54b74234715a9f60 role will interpret and apply existing guidelinesand engineering principles practices and theories toward thecompletion of assignments involving a substantial degree ofcomplexity with many interrelated elements requiringconsiderations not previously encountered the engineer also workson project teams to support the successful completion of projectsdesigned to reinforce the energy delivery or power generationsystems work on assignments is also performed with the goal ofgrowing the engineers technical and managerial knowledge about pseprocesses and systems the ideal candidate supports emergencyresponse operations when neededthis is an excellent opportunity to play an integral role withinpse to help us better serve the environment our customers and thecommunities in which they live pse provides an environment whereall employees are valued respected and provided with theopportunity to achieve maximum performance we offer acomprehensive pay package that includes competitive compensationannual goalsbased incentive bonuses comprehensive cafeteriastylebenefits 401k a company paid retirement pension plan and anemployee assistance and wellness program gain the energy to dogreat things through a career with puget sound energyprimary responsibilities,1
the customer service associate will be based in edmonton alberta the right candidate will be an integral part of our talented team supporting our continued growthresponsibilitiesability to learn and provide backup in print services receiving and mailâ perform various mail center activities sorting metering folding inserting delivery pickup etclift heavy boxes files or paper when neededmaintain the highest levels of customer care while demonstrating a friendly and cooperative attitudedemonstrate flexibility in satisfying customer demands in a high volume production environmentconsistently adhere to business procedure guidelinesadhere to all safety procedurestake direction from supervisor or site managermaintain all logs and reporting documentation attention to detailparticipate in crosstraining and perform other duties as assigned filing outgoing shipments etcoperating mailing copy or scanning equipmentshipping amp receivinghandle timesensitive material like confidential urgent packagesperform other tasks as assignedscanning incoming mail to recipientsperform file purges and pullscreate files and ship filesprovide backfill when neededenter information daily into spreadsheetsidentify charges and match them to billingsort and deliver mail small packages,0
corporate overviewaker solutions is a global provider of products systems and services to the oil and gas industry our engineering design and technology bring discoveries into production and maximize recovery from each petroleum field we employ approximately 28000 people in about 30 countries go to url_0fa3f7c5e23a16de16a841e368006cae916884407d90b154dfef3976483a71ae for more information on our business people and valueswe are looking for individuals who are prepared to take a position not only a position within aker solutions but also a position on the exciting challenges the global oil and gas industry faces now and in the futureaker solutions is a leading global oil services company that provides engineering and construction services technology products and fieldlife solutions for the oil amp gas industry aker solutions currently has 28 000 people working worldwideour business very much depends on our people all our major achievements are team efforts we are looking for dedicated team players who like to be part of a winning team who meet challenges head on to serve our customersâ needsmmo based in aberdeen have excellent opportunities for talented individuals who can strengthen our team and support our ambitious growth plans within the engineering construction maintenance modification and operations marketwe are currently looking for a hse managerresponsibilities and tasks promote the hse mindset throughout the organisation in a motivating and inspiring mannerto provide hsampe support and professional advice to the company clients and vendors as appropriate both on and offshoreresponsible for liaising with project managers on a daytoday basis to ensure that all aspects of hsampe are being adequately supportedinput to project safety case develop and facilitate new innovative approaches to further improve hse attitudes and performance ensure compliance with corporate hsampe policies act as company representative for both internal and external customers on all hse related activities advise and support senior management team on hse policy issues objectives planning and implementation this includes the establishment of annual hse objectives and targets for the organisation ensure continuous improvement in the company hse performance and visibility this will include the establishment and implementation of improvement plans and appropriate performance measurement systems play an active role in aker solutions corporate hse initiatives and networks liaise with regulatory and other external agencies and industry representative bodies establish and maintain a best in class documented corporate management system this includes full understanding and implementation within the company establishment of an effective mechanism to ensure the continuous improvement of the system and management of corrective amp preventive actions development and implementation of annual audit schedules establish maintain and coordinate all hse related activities in support of aker solutions contracts and projects including the allocation of appropriate hse resources responsibility for the input of hse related information to prequalifications tenders etc actively participate in industry hsampe forums to increase the companyâs profile in this area and ensure that current information is disseminated throughout the organisation maintain certification to all of the appropriate recognised standards including iso 14001 amp iso 18001 advise on the development and maintenance of the hs amp e elements of the management system to participate and support the tender submission processes to maintain close working relationship with management teams and the workforce both on and offshore undertake regular site visits on and offshore and provide additional hsampe cover if required to support the statistics gathering analysis and reporting process developing safety alerts bulletins and any other forms of promotion of lateral learning within the company and the industry develop support and regularly review hsampe improvement plans for corporate and projects development of procedures training packages and audit schedules conducting audits and reviews coordinate and undertake task risk assessments in all aspects of legislative requirements monitor legislative change and advise on impact to company supporting management in ensuring that a strong hsampe culture is maintained within their areas of responsibility act as behavioural safety focal point and worksafe champion the daytoday implementation and monitoring of hse procedures and safe systems of work maintaining risks to personnel plant and equipment and operations as low as reasonably practicable by ensuring that personnel are trained and competent to undertake tasks assigned to them ensuring timely reporting of incidents and quality assurance of input into synergi participation facilitation of investigation of any accidents incidents dangerous occurrences or nearmisses involving mmo us employees or subcontractors to provide corporate and project support to mmo us to carry out emergency response duties as required to liaise with regulatory authorities implement office safety initiatives and inductions,1
new optometric practice is seeking a fulltime opticalsales for our cerritos california locationâ looking for a person with a dynamic personality who enjoys assisting the patient with their eyewear needsâ to apply for this position please submit your application via this linkâ url_dc6a4e8df8c88cf7bb611c27fadf835b2ea6d40cec837463b39bb6ba9bca8852imtkzâ and select the opticalsales cerritos california position from the job opening dropdown menu,1
account managerjoin a growing team that combines the excitement of a startup with the stability of the biggest name in personal developmentqualified candidates will have 35 years recent experience working in a sales or business development type positions within the people management learning and development or educationthe sales and marketing manager develops and maintains relationships with new and existing teams and individuals ensures client satisfaction and develops new business opportunities is a mentoring liaison between the client business and network professionalswhy esp outsourcingthe esp name represents the commitment to working sidebyside or parallel with educational providers as a strategic operational advisor and knowledge source we partner alongside of more than 22000 professionals who approach learning and education as an everyday necessity,1
performing individual internal audit projects aspart of the total internal audit plan developing the internal audit scope performinginternal audit procedures and preparing internalaudit reports covering functional and operating units with afocus on financial information technology andoperational processes directing and reviewing the work performedby other internal audit personnel includingresources from the cosourcing firm applying knowledge of internal control conceptsand experience to planning performing managingand reporting on the evaluation of variousbusiness processes areas and functions performing followup on the status of outstandinginternal audit issues assisting in internal audit management and thedevelopment of the annual internal audit plan supervising internal audit staffcandidates for senior internal auditor positions should have 5 yearsof public accounting andor private industry experience knowledge of accounting finance and internal control areas is required as is comprehension of internal auditing standards generally accepted accounting principles sarbanesoxley coso and riskassessment practices an undergraduate degree in accounting or finance is required along with a certification such as certifiedpublic accountant cpa or certified internal auditor cia candidates alsoshould possess strong project management abilities as well as excellentverbal and written communication skills senior internal auditors are expectedto work independently with limited direction and guidance and interact withsenior management at all levels of the organization,0
government funding is only available for 1618 year olds onlyperfect role for school leaversthis is a fantastic role for those looking to start their career in business admin during the first 12 months you will work towards a level 2 business admin nvq and then be kept on in a permanent positionâ you will be working for a claim management company and the role will involveworking as part of a teamworking to specific deadlinesbanking paymentsgetting referencesputting together monthly reportsworking on the receptionideal candidates will be focused and confidentif you are motivated and career minded please apply now,0
experience in html java j2ee jsp web technologies agile scrum masterâ will be responsible in the development of channel management applicationsâ will be required to work in development of front end applications using html and other core java technologiesâ candidate should have strong java with html,0
â the position is full timeâ the schedule will fall between 700 am and 700 pm monday through fridayâ the customer service associate will be based in st louis mo this position will support multiple sites within a 15 mile radius the right candidate will be an integral part of our talented team supporting our continued growthresponsibilitiesperform various mail center activities sorting metering folding inserting delivery pickup etclift heavy boxes files or paper when neededmaintain the highest levels of customer care while demonstrating a friendly and cooperative attitudedemonstrate flexibility in satisfying customer demands in a high volume production environmentconsistently adhere to business procedure guidelinesadhere to all safety procedurestake direction from supervisor or site managermaintain all logs and reporting documentation attention to detailparticipate in crosstraining and perform other duties as assigned filing outgoing shipments etcoperating mailing copy or scanning equipmentshipping amp receivinghandle timesensitive material like confidential urgent packagesperform other tasks as assignedscanning incoming mail to recipientsperform file purges and pullscreate files and ship filesprovide backfill when neededenter information daily into spreadsheetsidentify charges and match them to billingsort and deliver mail small packages,0
find more jobs at url_1efb08d6a6da1c56afb2d0c686e1ed0dc14d0fbcb22482369e8a69999aa0d278apply to this job using below linkurl_1efb08d6a6da1c56afb2d0c686e1ed0dc14d0fbcb22482369e8a69999aa0d278jobsunitedstates917714watkinsstaffingpacurnpacu rn per diem  las vegas nvrequirements 2  year minimum acute experience in a hospital setting were eager to fill positions immediately please apply asap active nevada state rn license12 hour day shifts available 12  48 hours per weekguaranteed hoursadvantages of per diem nursingâ make extra money depending on their commitment which is the main advantage â pick your own schedules based on your commitmentâ 24 hours a week 36 hours a week  one weekend a month and one holiday a year  these are the nurses making the big bucks while providing sorely needed coverageâ in most cases staff nurses must work every other weekend two holidays and cant necessarily pick their schedulesâ nothing can match the flexibility that comes with per diem shifts higher payper diem shifts are paid at a higher rate the flexibility to pick up shifts as needed combined with higher wages allows you to maximize your earning potentialbachelors degree or associates degree in nursing is requiredmust possess us hospital experience recent specialty experience within 1 yearactive american heart association bls acls cardweekly pay rates will be determine based on experience please note if you are proactively looking for an opportunity or would like to view our many openings you may follow the link and instructions below to create your profile,1
â the service delivery manager will be based in new york ny the right candidate will be an integral part of the novitex team supporting our continued growth as service deliveryâ manager you will be responsible for successful delivery of all aspects of the contracted site services and the onsite novitex team in order to achieve these objectives you will be expected to maintain a high level of client contact develop site personnel and maintain a cost effective and profitable site operationresponsibilities include but are not limited toâ â mail sorting mail delivery meter outgoing usps mail loading dock and sampr duties maintenance duties including changing light bulbs moving and packing furniture for shipping as well conference room setup and other duties as requestedwe are looking for a manager willing to do âœwhatever it takesâ to get the job doneideal candidate has a âœcan doâ attitude with excellent communication skillsselect develop motivate and maintain a properly staffed team so that all work is processed in accordance with service level agreementscompile generate and publish reports to ensure internal and external accuracy and productivityconduct performance appraisals and coach employees for performance and developmentprovide clients with updated documentation for all processesdevelop plans for improving production quality and efficiency by reviewing work flows procedures systems and performanceconstantly monitor the workflow and utilize manpower in the most effective manner to ensure satisfaction of all service level commitments and maximization of cost effectivenessresponsible for scheduling vacations floating holidays overtime hours and backup coverage for employeesresponsible for maintaining equipment and performing software updatesâ meet critical client expectations and deliver results in a timely manneridentify and create the potential for addon business by developing a deep understanding of the clientâs business strategy and needsmaintain constant contact with the client for system changes to ensure that the department runs efficientlymaintain efficient and accurate updates of customers operation to ensure customer and client satisfaction these goals are met through example and guidanceensure employees are cross trained and able to perform a variety of roles whenever necessarymanage daily team huddlesprofessional attire,0
alliance is looking for people who are passionate about both the work they do and the life they liveââ we are a high energy goal oriented organization who is seeking out like minded professionals to assist our organization in continued growthâ â alliance is an industry leader in providing innovative pointofsale pos payment acceptance capabilities  and backing them up with service financial strength and stabilitywe offer flexibility uncapped success autonomy and lifeâwork balanceââ you would be hard pressed to find a company that will treat you betterââ we offer dailymonthly contests and yearly bonuses for top employees come see why ams is one of the fastest growing companiesâ,1
are you looking to make anywhere from 600115000 a month are you looking to be paid to take vacations are you tired of working a 95 with no ability to grow in your field do you want to be your own boss and set your own schedule of when you work if you answer yes to any of these than we have the perfect opportunity for you our company is based on 3 principles 1saving money 2making money 3managing money we offer financial soulutions to help you live financially free while making money showing others we have over 5800 national brand retailers where we recieve discounts,1
were a fort worth based startup trying to change the way that companies manage monitor and develop their hipaa compliance program were a growing team that works closely together we move fast and we enjoy what we do companies and organizations all over the country are using accountable to help manage their hipaa compliance join us build something big with usâ accountable is also backed by techstars and rockhealthbecome a member of our growing fort worth texas based sales team youll find and help potential accountable customers understand how our solutions can meet their needs this is an inside sales role with activity quotasâ your jobâ drive revenuemeet or exceed quarterly revenue targetsmeetexceed activity quotasdevelop and execute against a sales planmanage numerous transactional sales opportunities concurrentlycreate amp articulate compelling value propositions around cloudability servicesmaintain a robust sales pipelineprospect new strategic accounts,0
our organisation is seeking students  graduates with a finance business or commerce related degree qualifications we want to hear from you if you are seeking experience in genuine professional environments we have several exceptional positions available for immediate start you will be degree qualified or partially through your degree with good attention to detail as well as good communication skills you will also have strong organisational skills a willingness to learn coupled with exceptional numerical skillsposition you will ultimately be responsible for supporting the accounting team in general finance admin responsibilities this will include high volume data entry that will require phenomenal attention to detail and strong excel skills you will be responsible for working proactively to investigate and resolve queries with internal stakeholders,1
apply your previous experience and outstanding technical skills to support esriâs unix and linuxbased environments closely support software development teams building esriâs flagship arcgis products and work with other systems and network administrators to maintain operate and design key unixbased services within both public and internal cloud environmentsspecificallyâfunction as a member of the unix systems administration teamestablishrecommend policies on system use and servicessupport unixlinuxrelated software development environmentssupport production unixlinux environmentsprovide scripting architectural and engineering expertise to other sme groups compute storage applications networkhandle periodic oncall duties,0
play with kids get paid for itâ love travel jobs in asia1500 usd monthly 200 cost of livinghousing provided privatefurnishedairfare reimbursedexcellent for student loanscredit cardsgabriel adkins  url_ed9094c60184b8a4975333957f05be37e69d3cdb68decc9dd9a4242733cfd7f7url_75db76d58f7994c7db24e8998c2fc953ab9a20ea9ac948b217693963f78d2e6b12 month contract  apply todayâ,0
we are a fullservice marketing and staffing firm serving companies ranging from fortune 100 to new startup organizations we work with job seekers in an equally broad range from light industrial temporary workers to executive level candidatesare you looking for a work from home opportunity where you can earn up to 2500 and more per week our online service representative position would be perfect for you set your own hours  make money every time you decide to work  work remotely from home  get paid weekly  if you have a computer with internet this is for you,1
nakedhearts is looking for an experienced talented technical lead  architect to lead a small team of highly skilled engineers in building out from scratch a new global platform for people and brands to interact with charities and their campaigns in new and interesting waysthe tech lead willsupport the cto building out the development teambe motivated to continue in development whilst leading and inspiring othersresponsible for architecture technical design code quality development efficiency maintenance and quality of the applications builtnurture a small team mentality where every developer has an endtoend understanding of product development heshe will drive the team to innovatebelieve in what we do excel in what you do and above all you will be a passionate engineerif youâre the one weâre looking for you will probably have a couple of hobby projects that you want to show us anyway we strongly believe in ci cd automated testing and an agile environment we hope that you do toothis is a challenging but rewarding role designing building and maintaining a platform that will scale to millions of users  you must be excellent under pressure,0
play with kids get paid for itâ love travel jobs in asia1500 usd monthly 200 cost of livinghousing provided privatefurnishedairfare reimbursedexcellent for student loanscredit cardsgabriel adkins  url_ed9094c60184b8a4975333957f05be37e69d3cdb68decc9dd9a4242733cfd7f7url_75db76d58f7994c7db24e8998c2fc953ab9a20ea9ac948b217693963f78d2e6b12 month contract  apply todayâ,0
we seek to hire a full time administrative assistant for our new office to assists management staff by performing administrative dutiesadministrative assistant duties include ââ â â â â â â â entering customer information ââ â â â â â â â invoicing ââ â â â â â â â payroll amp managing emp files ââ â â â â â â â entering expense reports ââ â â â â â â â creating and maintaining reports in ms excel and word ââ â â â â â â â managing a multiline telephone system ââ â â â â â â â supporting management with the daytoday business needs,1
organizes item orders by editing for price promotions weight compliancearranges shipments by checking stock to determine inventory levels anticipating delivery requirements placing and expediting ordersships items by examining items destination route rate delivery time ordering carriersverifies items shipped by matching bills of lading reconciling quantities noting discrepancieskeeps customers informed by forwarding notice of item availability shipment date and method and current status answering questionsreplaces damaged items shortages and misshipments by determining optimal response of replacement or creditprotects organization reputation by keeping pricing promotion purchase order and creditlimit information confidentialupdates job knowledge by participating in educational opportunitiesaccomplishes organization goals by accepting ownership for accomplishing new and different requests exploring opportunities to add value to job accomplishments,1
greetings from vam systemsâvam systemsâ is a business consulting it solutions and servicesâ company with operations in uae qatar bahrain usa australia singapore amp india we offers a comprehensive list of services in the field of it infrastructure management cloud services it consulting services banking management resources information technology development telecom aviation retail management amp egovernment offeringsvam systems is currently looking for senior windows server security administratorâ for ourâ qatarâ operationsterms and conditionsâ joining time frame 2 weeks maximum 1 monththe selected candidates shall join vam systems â qatar and shall be deputed to one of the leading organizations in qatarshould youâ be interested in this opportunity please send your latest resume in ms word format at the earliest at email_b08cf5e4101b4b7b7594fe3081f94f7f9a0f2d6192fb5d4a1a72ecf03c816e83â or call us 91 phone_df058aa8cbf405b99c6fc6459e7085be12bce0e56bcafe7d52281b99685a4a0fâ â â â â â â â â â â â,1
play with kids get paid for it love travel jobs in asia1500 usd  monthly 200 cost of livinghousing providedairfare reimbursedexcellent for student loanscredit cardsgabriel adkins  url_ed9094c60184b8a4975333957f05be37e69d3cdb68decc9dd9a4242733cfd7f7url_75db76d58f7994c7db24e8998c2fc953ab9a20ea9ac948b217693963f78d2e6b,0
url_f10cb7b12799258d60f3a0af7edf7799f96bced6feddbb9762740f55be503aff is a fastgrowing startup within the financial industryif youâre looking for an opportunity to join a team working on several large greenfield projectsbuilding automation frameworks from scratch in an agile environment this is the role for youwe are building on symfony2  amazon rds and are looking for a test engineer to conduct manual and automated testing as well as set up test frameworks and best practices,0
software architectsan jose caâ the short amp sweetthe software architect is responsible for the all of the software architecture activities for thespbu service provider business unit she will maintain overall responsibility to devise develop and implement spbu messaging on the internet including company corporate website and its affiliates he is also responsible to track and if necessary represent spbu at the appropriate standards bodies that influence spbu product strategy the sla works closely with product line managers plms rampd marketing communications and worldwide sales and companyâs technology and odm partners to ensure all key aspects of the technical product strategy are addressed and implemented for success of the product lineâ essentialsâ develop devise and implement an overall software strategy for spbuwill be the owner of the operating system platform roadmap and its delivery to all the platforms supportedwill attend relevant forums to define specifications for new features and technologiesdefines goals and strategy to achieve thought leadership in the market place for company achieves crossfunctional support and executesdefines constantly reviews and differentiates the feature sets of the entire product line and individual products active in the product life cycleprovide input for developing compelling and comprehensive product collateral to support spbu marketing and sales teams for presales and postsales activities collateral includes datasheets product briefsslicks white papers case studies product presentations and when needed videosactivities encompass contributing articles in technical and trade publications industry analyst briefings press releases and trade show speaking engagementstakes the role as internal expert as well as external spokesperson and evangelist for spbu productsworking closely with the software team help develop a strong patent portfolioprovide technical leadership in responding to rfis and rfpstake high level feature requirements from marketing teams and customers and write detailed feature specifications for the software teamwork closely with partners to define architecture and requirements for tasking new products and features to marketâ â,1
play with kids get paid for itâ love travel jobs in asia1500 usd monthly 200 cost of livinghousing provided privatefurnishedairfare reimbursedexcellent for student loanscredit cardsgabriel adkins  url_ed9094c60184b8a4975333957f05be37e69d3cdb68decc9dd9a4242733cfd7f7url_75db76d58f7994c7db24e8998c2fc953ab9a20ea9ac948b217693963f78d2e6b12 month contract  apply todayâ,0
payroll clerk job purpose responsible for compiling and posting employee payroll data and manages hours clocked creates and distributes paychecks in accordance with hours worked and corrects paycheck errors,1
hayes corp is looking for an ad operations assistant with a keen eye for detail who is passionate about developing a career in the digital media content industryresponsibilitiessupport ad quality control processeshelp monitor amp implement new ad targeting capabilities for our productsâ help define and control advertising space across products amp work with product managers to ensure creation of the best possible placementsaid in the setup and management of web and mobile ad serving platforms and data monetization technologiesâ,0
do you have the sales skills or entrepreneurial drive to join usflexkom gmbh is a german company experiencing massive success in europe and the uk with a revolutionary customer loyalty program and flexkom is opening for business in the usa as flexkom america incinstead of consumers carrying multiple rewards cards they carry an app on their phone one app or flexkom rewards card universally accepted with small to medium businesses the customer gets cash back and points on every purchase at a flexkom participating merchant and the merchant turns his advertising cost into an income streamnot just a good idea its genius combined with technology that didnt exist five years agoare you an toplevel sales professional are you a serial entrepreneur we are presently aggressively seeking sales pros and entrepreneurs all over the usa to join our team and bring this disruptive technology to the us market do you have what it takes to build a sales organization of your own we are seeking entrepreneurs who are open to new business opportunities flexkom associates are global team members gtm independent business owners operating under irs w9 regulationswatch this short intro video then contact me for more information url_670b1628db01f0732bdd9bc819fbb121f093e4cb0248dd5bae5953cffa4b2efdtyler hollingeremail_f575c1f8220f5b937bc4ab50f82740211a306d0f5fbb07fe03c31b21a9891a52 phone_dfc9b369cea27d543c03683680e08ee4144de0e06bd70922e0eae6c375bc9328,1
cloud elements is a cloud application developer and integrator based in denver coâ we partner with leading saas paas and big data vendors such as google github sendgrid twilio stripe box url_24cd44edb473365624a280f26f00a589336e1282f129bebf1f212762aad60ece zendesk hadoop and mongodb that is an impressive list and it continues to growâ software engineers at cloud elements get to work on building really cool saas applications developing both our proprietary saas services and building out our clients saas servicesâ â life is great at cloud elements and we are growing our team this is a challenging and dynamic role where you can use your creative problem solving resourcefulness and pure talent to create innovative applications our team consists of very bright engineers who will lead and mentor you so you will have the utmost opportunity to succeedmore about this roledevelop apiâs using cutting edge development languages and toolsbe a valued and relied upon teammate to work on either cloud elements core products or custom client applicationswork in an agile development environment on scrum teamslearn the tricks of the trade from other humble creative and enthusiastic engineers and senior team members in the organizationhave the opportunity to learn new development tools and enhance your coding tool kitwhat we would like you to havebs or ms in computer science and desire to continually learn new stuffplease be familiar with java ruby object oriented development fundamentalsopen minded â be willing to develop in a variety of languages â do what it takes to get the job donesomeâ hands on experience with any flavor of linuxfamiliarity with build tools such as mavenhave some experience with configuration management tools such as subversion and gitextra creditexperience with url_968b3a839b798052f33a95a811f8b2366cd66f6bcc98f2885bea5ee47d000659 sencha extjs 4x jquery postgresql mongodb mavenwhat we can offer youchallenging work with leading edge technologycareer growthbenefits  medical dental 401k pto profits interestbonuses for mentoring trainingconferences doing extra credit work employee referralsflexible work locations you will be working out of one of our offices in galvanize located in denver co or the innovation pavilion in centennial co and occasionally from your home office,0
apply using below linkurl_acc13645508c15bb34a3d8b375e426d8daaa5e816ff9cbbf2e580a9366d886bdfayetteville gamake an impact without working weekends and holidaysthe southern orthopaedic surgery center of fayetteville is currently seeking an experienced operating room circulator you will be an integral member of our patient care team in our fayetteville physicianowned asc having a direct impact on our success steadily growing volume fulltime and prn options available we require some flexibility in scheduling for patient load during the week but wont require you to work weekends or holidaysservice and teamwork are more than words here they are the foundation of our service philosophy as we strive toward regional and national recognition as a center of excellence our physicians are all fellowship trained in a subspecialty they treat patients with general orthopaedic injuries focusing on their designated subspecialty including sports medicine hand and upper extremity spine shoulders foot and ankle or total jointrequiresâ graduate of accredited school of nursingâ current ga rn licenseâ ideal candidate is able to scrub and circulateâ acls certificationâ outpatient experience requiredâ knowledge of orthopedics and experience in an asc setting desirableplease send resume to  or fax eoe,1
qualified candidates are encouraged to apply directly to this job posting â direct email and phone calls are not being considered thank you for your cooperation â please no recruiters â ust testing technician iiibakersfield calocal petroleumâ company operates primarily in retail and wholesale of motor fuels and other related petroleum products and is seeking talented experienced maintenance technicians to perform troubleshooting and maintenance on their retail gasoline equipmentâ â â,1
the roleour client is seeking a highly motivated and driven equity data analyst to join theircompany research team they provide financial information to banks and financial institutionsâ this team is responsible for researching and analyzing financial data the fundamentals product offers customers as reported and normalized financials key analytical ratios industry specific data points and business line and geographic segmentation data the earnings estimates product is comprised of estimates for popular metrics such as revenue eps and net income contributed by hundreds of brokers and research houses the analyst will be expected to ensure the consistency quality and product delivery of a portfolio of companies across the various productsâ additionally they must deliver excellent customer service to customers and across internal departmentsâ the equity data analyst will also work closely with research sales rampd and the business internally to contribute to the future development and strategic direction of the product the ideal candidate will have outstanding written communication presentation networking skills and a passion for the financial markets,0
weekly cash jobs hiring part time workersyou can do it all from home in your free time at your own placespend 30 minutes or 1 hours a day amp get biggest cashyou can work in the morning afternoon or at nightperfect for everyone then start immediatelycan earn 400 to 450 extra per dayno any experience requiredzero startup fee visit hereurl_7ebe37f71633be1b80547d6f213cb0075a63b6ced35281bfa5c067b5c685f04crginfo,1
operate machine tools such as lathes milling machines to produce metal powderpacking materialunloadload trucks  containersuse forklift,1
apply using below linkurl_3f7f4abc5dbe77ea5bef320d928bc380475e678649a1ba93777ebecc06c54afbmake an impact without working weekends and holidaysthe southern orthopaedic surgery center of fayetteville is seeking an experienced pacu rn you will be an integral member of our patient care team in our fayetteville ambulatory surgery center steadily growing volume prn and possible fulltime options available we require some flexibility in scheduling for patient load during the week but wont require you to work weekends or holidaysservice and teamwork are more than words here they are the foundation of our service philosophy as we strive toward regional and national recognition as a center of excellence our physicians are all fellowship trained in a subspecialty they treat patients with general orthopaedic injuries focusing on their designated subspecialty including sports medicine hand and upper extremity spine shoulders foot and ankle or total jointrequiresâ graduate of accredited school of nursingâ current ga rn licenseâ outpatient experience requiredâ knowledge of orthopedics and experience in an asc setting desirableplease send resume to  or fax eoe,1
best ux job in the world,1
corporate overviewaker solutions is a global provider of products systems and services to the oil and gas industry our engineering design and technology bring discoveries into production and maximize recovery from each petroleum field we employ approximately 28000 people in about 30 countries go to url_0fa3f7c5e23a16de16a841e368006cae916884407d90b154dfef3976483a71ae for more information on our business people and valuesas successor for the current manager we are looking for a head of machining departmentresponsibilities and tasksprofessional and disciplinary management of the machining department with the production processes drilling milling and turning primarily cnc machines are used to machine large and heavy metal work pieces also the teams tooling and cnc programming belongs to the department the whole department consists at the present of 3 foreperson areas and around 60 employeesmeeting of deadlines pertinent to this production department using appropriate sap tools and milestone planningcontinuous optimization of production processes cip and 6splanning in respect of preventative maintenance measures plant modernization and new acquisitionspreparation of corresponding information serving as the bases of the decisionmaking including costbenefit analyses and assistance with roi calculationsdetermination of wages and salaries in consultation with the production manager and the forepersons of the specialized departmenthuman resource planning human resource development and succession planningcost deadline and quality assurance work as part of a crossdepartmental teamacting as contact person for the design and sales departments along with the other production departments as regards technical and organisational matterssupporting of the supply chain management and quality management departments concerning the selection and assignment of suitable suppliers as well as the continuous assessment of suppliersâ performance and production consultinghandling of health safety and environment issues within the department here compliance with relevant regulations and directives is to be ensured and steps towards continuous optimization are to be taken,1
daily secret is seeking an office manager to join the athens team to provide administrative support and promote a great workplace environment our ideal candidate is someone who can manage uncertainty prioritize tasks and exercise good judgment with minimal direction weâre looking for an energetic selfstarter who will contribute positively to our office cultureresponsibilitiesprovide general office support including mail reception phone and email coverage office calendar maintenanceassist colleagues with daytoday troubleshooting meeting planning as well as occasional travel and accommodation coordination as neededmanage relationships with landlords maintenance security and it personnel to maximize a smooth delivery of servicesorganize companywide meetings and social eventssupport with organization of documents and record keeping in the companys crmprocess bills for payment and cover light accounting tasksperform basic it tasks including the administration of google apps dropbox etcmanage hr functions including onboarding payroll and benefits administrationmonitor user engagement including incoming requests from users and partners,0
play with kids get paid for itâ love travel jobs in asia1500 usd  monthly 200 cost of livingexcellent for student loanscredit cardshousing provided furnishedprivateairfare reimbursedremind us when you wanted to start when applying,0
corporate overviewaker solutions is a global provider of products systems and services to the oil and gas industry our engineering design and technology bring discoveries into production and maximize recovery from each petroleum field we employ approximately 28000 people in about 30 countries go to url_0fa3f7c5e23a16de16a841e368006cae916884407d90b154dfef3976483a71ae for more information on our business people and valueswe are looking for individuals who are prepared to take a position not only a position within aker solutions but also a position on the exciting challenges the global oil and gas industry faces now and in the futureaker engineering amp technology based in houston is a leading international provider of front end studies engineering procurement and project management services needed for initiating and undertaking of contracts for the oil amp gas industry both onshore and offshore the company is also a major contributor of new technology and products new knowledge and new methods for efficient cost saving and environmentally friendly exploitation of the worlds oil and gas reservesresponsibilities and tasksresponsible for the execution and coordination of the technical amp procurement activities of assigned packages with a specific focus on package equipment makeup water chemical injection etcthis includes activities such as identify available equipment types for the specified equipment service and duty undertake equipment sizing to determine footprint and weight requirements input to layout electrical load and weightcost estimate justify and recommend equipment selection and document the selection via study reports close cooperation with the process layout and other disciplines to ensure robust solution liaison with equipment suppliers to support the equipment selection process managing design interfaces for package equipment compiling technical requisitions amp specifications for budget enquiry and purchase order execution of technical preorder activities evaluating supplier bidssolutions for package equipment,1
apply using below linkurl_ea54d715858cb6aef8dcf8a84ec12d3b856157b887f6192a8fa8ca50c1cbff48at puget soundenergy pse we have a long tradition of service and anexciting and innovative future aheadconsider pse for the next step in yourcareersenior local governmentaffairs representative 68922puget sound energys local government affairs and public policyteam is looking for a local government affairs representatives tojoin our team under the direction of the manager of localgovernment affairs with close alignment with other regional teamsthis role will be responsible for local government relations withinspecific geographic regions with a focus on government affairsrelated to specific major construction projects and major pseinitiatives this position will manage a wide range of complexgovernment affairs customer service and strategic public policyassignments that include execution of regional governmentalaffairs strategies advancing local legislative and regulatorypublic policy advocacy coalition building and working with keycommunity leadersupholds the safety compliance standards inherent in psesoperating andor field procedures related to work responsibilitiespromotes and supports a culture of total safetythis is an excellent opportunity to play an integral role withinpse to help us better serve our customers and the communities inwhich they live pse provides an environment where all employeesare valued respected and provided with the opportunity to achievemaximum performance we offer a comprehensive pay package thatincludes competitive compensation annual goalsbased incentivebonuses comprehensive cafeteriastyle benefits 401k a companypaid retirement pension plan and an employee assistance andwellness program gain the energy to do great things through acareer with puget sound energyprimary responsibilitiesresponsible for assisting across department and acrossgeographic regionsdevelops and manages relationships with key constituents inassigned geographic territories including but not limited toelected officials lead municipal agency staff community leadersand public affairs groups critical to ensure pses ability tosuccessfully provide safe and reliable natural gas and electricservice,1
play with kids get paid for itâ love travel jobs in asia1500 usd monthly 200 cost of livinghousing provided privatefurnishedairfare reimbursedexcellent for student loanscredit cardsgabriel adkins  url_ed9094c60184b8a4975333957f05be37e69d3cdb68decc9dd9a4242733cfd7f7url_75db76d58f7994c7db24e8998c2fc953ab9a20ea9ac948b217693963f78d2e6b12 month contract  apply todayâ,0
datafinch technologies is the leader in electronic data collection for the autism and special education fields we have created a revolutionary one of a kind software product targeting â schools physicians inhome autism providers and nonprofit organizations come work for a fastpaced fun technology company in a growing field and experience all the latest and greatest cutting edge technologies candidates for this role will be assisting in daily programming activities the company has been completely bootstrapped organically and we currently have no investors we have over 15000 licensed users and this year we broke 2 million in revenue we are located near perimeter mallresponsibilitiesas a developer at datafinch you will be a key contributor delivering new product features and functionality using an agile development process and weekly iterations you will see the results of your work in the production application in a matter of weeks you will be involved in all phases of the software development lifecycle requirement analysis design implementation testing and production support candidates will have the opportunity to learn practical software application development across a widevariety of platforms and technologiestechnologies  methodologies usedcurl_c5591c960537d84ff7889f414633cdbc8e7d36f3fe042a096d374e4e058388d5 mvcrestjsonandroid iphoneipad development in curl_99ced09109c03cb3728ee6e8ee2f4fb844cbc2671a9fe2bc5c00af87d89d8207 url_d78c1c39e151d1097a9e1bb674559cc85de1392c6b91cc3fa826cbcb8ec0590a windows mobilemicrosoft sql servergitnhibernatesqlitehtml 5 css html bootstrapjqueryjavascriptajaxâ embedded systems netduino agent watch google glasstest driven developmentbehavior driven designuser interface design and testingagile development processcqrs command query responsibly separationinversion of controliis 70 web farms amp load balancingamazon ec2 s3 and vpcdomainspecific languagesstatistical analysis3rd party integrationsâ,0
we have positions available for confident outgoing enthusiastic candidates to join our team of financial assistantrole and activitiesunderstand requirements of customers and their challenges in finance domain document the requirements discuss and finalise scope of work customise the finance software to suit the agreed scope of work,1
job responsibilitiesthe project engineer is responsible for everyday project activities quality control and project delivery overseeing all phases of the project from design to contract document and specification production shop drawing checks site visitation and project closeout has excellent technical knowledge within civil engineering possesses effective management skills and is able to plan direct and monitor all aspects of projects supervision received is essentially administrative with assignments given in general terms and objectives makes civil engineering design decisions independently directs and coordinates the workload with project team coordinates with other internal andor external team members has extensive knowledge and understanding of the project development process including construction retail design site planning site engineering structural and mep criteria as it relates to civil engineering adheres to company policies and can articulate greenberg farrows mission statement to team members and clients reports to the senior project manager project manager or engineering department managerabout exproexpro provides services and products that measure we improve control and process flow from highvalue oil and gas wells from exploration and appraisal through to mature field production optimisation and enhancementwith a specific focus on offshore deepwater and other technically challenging environments we provide a range of mission critical services across three key areaswell test amp appraisal servicessubsea completion amp intervention servicesproduction servicesour vision is to be the market leader in well flow management using the industryâs best people to deliver the highest standards of safety quality and personalised customer servicewe provide a range of solutions includingexploration amp appraisal testingsubsea safety systemsdrilling amp completionflowback amp cleanupproductionwell integrity amp interventionexproâs 40 years of experience and innovation empowers the company to offer tailormade solutions for customers across the energy sector with over 5400 employees in over 50 countries expro offers a truly global service solution,1
learn a valuable set of skills while maintaining outstanding relationships with our partners and our customersâ fundation is a a fast growing private equity backed commercial lenderâ dedicated to enhancing the borrowing process for small business owners across the united states â as a technologyempowered lender we can make faster and smarter lending decisions as a nonbank lender we can deliver capital to more borrowers with varying credit profileswe are seeking to add a passionate hard working professional to join our partnership management â this is an opportunity to work for a companyâ with a highenergy collaborative cultureâ where your opinion matters on all functional areas within the business and to interact with the senior management teamâ you will be exposed to how data and analytics are changing the landscape of lending to small and medium sized businesses nationwide â this position has outstanding career development potentialthe rolemanage relationships with our partners that refer their small business customers to us  partners range from banks to equipment manufacturers to consultants and other servicer providers to the small business marketserve as initial point of contact for our customers after they apply for a loanmanage customers through their lifecycle with fundation by assisting with document collection and negotiating deal termsdevelop the necessary risk analytic skills in order to expedite the loan closing processdetermine methods to deepen relationships with our partnersdeliver customer and market insights to credit team and senior managementlocationreston va,0
we offer interns that can develop web sites referencces as well as profit sharing â great chance to get your skills shown to the world and get valuable experience â this is a telecommute position â if you have skills this is the time to show them â contact us,1
play with kids get paid for it love travel jobs in asia1500 usd  monthly 200 cost of livinghousing providedairfare reimbursedexcellent for student loanscredit cardsgabriel adkins  url_ed9094c60184b8a4975333957f05be37e69d3cdb68decc9dd9a4242733cfd7f7url_75db76d58f7994c7db24e8998c2fc953ab9a20ea9ac948b217693963f78d2e6b,0
this job requires you to have the ability to operate keyboard or other data entry device to enter data into computer or onto magnetic tape or disk for subsequent entry inputs alphabetic and numeric information from credit card applications onto an automated credit processing system other clerical duties as requiredfollows set procedures and meets specific throughput standards able to work under deadline pressure with minimum supervision read large dollar figures for long periods of timeâ,1
â location fort worthtxjob summarythe employees number one job responsibility is to deliver the most remarkable customer experience in every dimension every time and understand how he or she contributes to the novation systemâs vision of achieving that commitment to clients and guestâ the van driver is responsible for transporting clients safely to and from various locations delivering inportant files to other local sites this employee assures maintenance of facility vehicles in a safe and clean operating conditioncompany vehicle will be uses  gas card this position will require extensive background check and drug test,1
if you are an experienced retail service professional and are looking for a rewarding new career challenge join the abc supply team we are looking for an inside sales representative to serve our customers at our local abc supply location as a sales representative you will help walkin customers to select and purchase exterior building supplies many of the customers you serve will be contractors purchasing supplies so familiarity with residential roofing siding and windows will be an important part of your sales representative rolesales associateroofing amp siding supply sales consultantjob responsibilitiesas a sales representative you will provide assistance to our customers as they purchase the materials and tools they need for a wide variety of roofing siding and windowdoor replacement projects from the moment you greet customers until their sales have been finalized you will provide them with the best in customer service and exterior building supply expertiseyour specific duties as a sales representative may includedetermining customersâ needs and recommending appropriate products and solutionsfollowing abcâs productsupply checklist for each customerâs specific job and upselling additional products and supplies for that jobanswering customer questions and offering product adviceordering products from other abc supply branches when necessaryaccepting payment and applying it to the appropriate customer accountarranging with the warehouse for customer product pickupfollowingup on each delivery to ensure that shipment arrived on time with all items accounted forbalancing out cash drawers and preparing bank deposits at the end of each dayarranging product displays and layouts to maximize effectivenessreordering products to keep the store and warehouse shelves well stockedgiving out comment cards to customersaddressing and resolving customer complaints when necessary,0
sr manager plant controller  tyler tx location â job is in tyler txdomainâ accounting financeexperience 10 yearsâ job descriptionâ experienced sr manager plant controller is required having responsibility for reconciliation of inventory movements for internal and externalâ â â â â customers amp work closely with the measurement and operations teams toâ â â â â understand report and communicate variancesâ â job responsibilitiesâ this position will essentially function as the âœcontrollerâ for operations at nederland and will be responsible for all revenue expense and capital accounting for the terminalâ additionally the role will serve as a key resource to the respective managers and the head of operationsreporting to the director of accounting and administration the manager will have a staff of 4 people including a supervisorâ the role will have responsibility for resource planning to accommodate business growthcoordinate the monthly financial close according to sxlâs close schedule ensuring â â â â â volume accounting and balancing is complete and accurateresponsibleâ â â â â for the reconciliation of inventory movements for internal and externalâ â â â â customers work closely with the measurement and operations teams toâ â â â â understand report and communicate variancesdevelop accurate complete and timely invoicing and accounting for all customersâ â â â â commercial contractsreviewâ â â â â of commercial contracts in order to deliver appropriate monthly billingâ â â â â and ensure compliance and execution of all contractual termswork cross functionally to support and resolve customer issues on a timely basisâ additionally provide high quality customer service on all customer inventory and invoicesâ â â â â inquiresprepare monthly reporting and analysis of budget to actual revenues and expensesâ â â â â variancesâ develop additional management analytics and financial and operational data to increase visibility and transparency of terminal resultsadministration of capital appropriations and budgeting for projects at the terminalsupport shared accounts payables services located at nederland for the processing of operating and capital expenditures for the siteworking with the head of operations prepare operating and capital budgets capital project afe preparation and cost trackingcoordination of corporate and 3rd party customer auditssupport changes to the business to ensure the appropriate accounting and controlâ â â â â processes are appliedâ,0
accepting online applications onlyclick here to applyâ this is a full time temporary position lasting for 2 yearsdescriptionvalidate and review legal contractual agreements for customers input contract into contract databases all contracts completed amp reviewed within perdetermined service level agreement professional email interaction with customers scanning and uploading of documentsâ qualificationshigh school diploma or equivalent professional communication skills via email interactiondedicated to the needs of the business project management skills to assist in facilitating multiple contract rejects detail oriented able to multitaskability to work with time sensitive documents must be able to work independently but able to perform in a team environment when needed fast and accurate typistâ accepting online applications onlyclick here to apply,1
position summaryperforms data entry via online data terminal keytotape keytodisk or similar device verifies data entered where applicable,1
why choose aecom imagine working for a truly global company whose 45000 employees share a singular passion to make the world a better place we enjoy what we do at aecom we bring projects to life in the cities and communities in which we work and weâre driven by a set of values and a common purpose â to create enhance and sustain the worldâs built natural and social environments innovation is built into every project we manage and every community we serve weâll provide you support in an environment that allows you to grow and succeed come share your passion with usabout the business line transportationwe provide professional services in areas such as aviation transit freight rail highways and bridges planning and ports and marine our global network of toptier specialists delivers comprehensive services over the full life cycle of a project to benefit clients in government and private industriesjob summary the civil engineer will work under the guidance of the project manager and will be responsible for leading the work of a design team on various types of major civil projects projects include design of new highways and upgradingrehabilitation of existing roadwaysduties amp responsibilitiesassist the project manager in all aspects of project management functions including scope budgets and delivery for a variety of projectsduties include coordination with subconsultants work planning amp scheduling and detailed roadway design including geometrics and drainagedirect the development of preliminary and final design plans including managing the preparation of the plans specifications and estimate psampe packagesassists in procuring projects have client interface and participate in various marketing activitiesinterfaces with the project manager to determine schedules and monitor design progressmay serve as a project manager on smaller projectsprovides technical guidance to the design team and other engineers working on the same projectmay act in an advisory capacity to senior management personnel on engineering related mattersperforms other responsibilities associated with this position as may be appropriate,1
corporate overviewaker solutions is a global provider of products systems and services to the oil and gas industry our engineering design and technology bring discoveries into production and maximize recovery from each petroleum field we employ approximately 28000 people in about 30 countries go to url_0fa3f7c5e23a16de16a841e368006cae916884407d90b154dfef3976483a71ae for more information on our business people and valueswe are looking for individuals who are prepared to take a position not only a position within aker solutions but also a position on the exciting challenges the global oil and gas industry faces now and in the futurein january 2013 aker solutions acquired enovate systems ltd a leading technology company focussed on subsea well control equipment creating solutions that allow our customers to operate in safer more effective ways enovate is a dynamic and exciting part of the aker solutions group we are looking for talented and ambitious team members who can help enovate to take the next step in its journey of growthresponsibilities and tasksplan direct and coordinate design project activities to ensure that goals or objectives of the design projects are accomplished within prescribed time frame and funding parameters establish work plans and personnel requirements for design project activities prepare status reports schedules and plans for design projects and provide technical contact point for external clientsto work in a safe responsible and cost effective manner in full compliance with the companyâs safety and quality management systemsgenerate conceptual designs or customise existing designs for proposals or projects from customer or internally generated specifications and prepare design layouts using 2d autocad or 3d solidworks drawing packagesverify design where necessary using classical analysis techniques bending buckling shear bearing and pressure vessel assistance will be enlisted where more complex analysis is required analysis will require to be formalised for inclusion in product design files and product design documentationpresent designs to engineering staff during internal design reviewsprepare and review detail drawings selecting raw material as necessary prepared from design layoutsmake necessary engineering changes to product drawingsparticipate in investigation and disposition of nonconformances or improvement actionsgenerate equipment assembly test fat handling storage rework maintenance and commissioning procedures as requiredprovide necessary support to the various internal departments manufacturing shop planning qa commercial purchasing assembly etc as equipment is progressed through the facilityfield service as required for training and offshore installationdevelop more junior members of department through technical coaching and mentoring provide competent input to risk assessments related to equipmentinsert maintain and review data on electronic register systemensure accurate recording of work time and duties to allow tracking of departmental expenditurecomply with the enovate systems qhse management systems including qhse policies and procedureswork in accordance with the information and training provided and not undertake any task for which authorisation andor training has not been giventake reasonable care to prevent harm to themselves and consider the potential for harm to others or the environment that may be caused by their acts or omissionsreport any hazardous defects in plant equipment and workplace or shortcomings in the existing controls to a responsible person without delayrefrain from intentionally misusing or recklessly interfering with anything that has been provided for health safety andor environmental reasonsdispose of waste using the correct waste streams and avoid energy wastecomply with and be bound by enovate systems employee code of conduct equality amp diversity and intellectual property policies,1
at intent hq weâre tackling some seriously difficult problems right at the cutting edge of deep consumer analysis we model user interests and apply this insight to solve challenging consumer problems at scale want to draw insights from 20 million detailed social network profiles in realtime we doto help us innovate faster weâre building a new rampd group this team is responsible for researching designing and prototyping algorithms in the machine learning and nlp space we have an engineering team responsible for the overall platform who you will work closely with to bring prototypes to production,0
corporate overviewaker solutions is a global provider of products systems and services to the oil and gas industry our engineering design and technology bring discoveries into production and maximize recovery from each petroleum field we employ approximately 28000 people in about 30 countries go to url_0fa3f7c5e23a16de16a841e368006cae916884407d90b154dfef3976483a71ae for more information on our business people and valueswe are looking for individuals who are prepared to take a position not only a position within aker solutions but also a position on the exciting challenges the global oil and gas industry faces now and in the futureaker solutions subsea based in houstonconsists of a high tech manufacturing centre and an extremely innovative engineering environment the plant is tailor made for development and manufacturing of subsea systems our products are in demand throughout the world and the prospects for the future are promising we need operators who can strengthen our team and support our ambitious growth plans within the subsea systems for oil and gas production marketwe are looking for industrial mechanics test operatorsresponsibilities and tasks perform assembly amp test functions to associated subsea procedures the position requires active interfacing and communication with shift leader test technicians and team leader ensure all procedures are executed right and completed and give inputs to test technicians amp shift leader report nonconformities,1
about the companythis is anâ amazing job opportunity with one of the most robust companies in the energyâ industry opportunities for advancement are extensive as theâ company is currently growing and looking for outstanding employees to grow with it strong compensation and benefits packages areâ available for qualified candidates who want to join the largest player in the bakkenâ shale and leader in the oklahoma shale plays contact us today for an opportunity to join one of the industryâs leaders in the mission to achieve american energyâ independenceplease note this job will require relocation to oklahoma city oksummaryassist in preparing completions testing and workover procedures maintain project management control over equipment installation well completion and workoversessential job functionsmonitor completion operations costs and profitabilitydesign and implementâ completion and well workover plans and proceduresgenerate and review afes for capital expendituresreview expenditures for properties within a specified areaanalyzeâ well problems and direct actions to be takenwork well in a fast paced environmentsolve minor problems with little supervisionconsult with completion manager on higher risk and more complex problems and projectstrack costs and operational efficiency on a daily basis and report trendsperform post completion appraisal and provide recommendations for performance improvementwork with completion foremen to ensure safe and efficient operationssupport asset teams as requestedassure compliance with governmental requirements and company policiesprovide training and resources to accomplish production goals,0
our client is a professional technology consulting amp services company and they are looking for a skilled and experienced sales manageryour experience will ideally come from a technology or professional services related sales career however other associated sales careers will be consideredyou will need to have excellent personal communication skills fully understand the art of stakeholder negotiation and how to close a saleresponsibilities will include you actively generating new business opportuinities for the company along with the capabilities to help close sales generated from the sales team,0
shipping responsibilitiesthe shipping functions include but are not limited to using a gas or electric powered forklift to load outbound shipments move product and stack products or materials associates must efficiently and accurately load orders according to the appropriate doors and trailers all shipping functions will be processed as defined by the standard operating proceduresâ receiving responsibilitiesthe receiving functions include but are not limited to using a gas or electric powered forklift to unload inbound shipments move product replenish stack and store products or materials associates must efficiently and accurately locate and place products in the appropriate storage areas all receiving functions will be processed as defined by the standard operating proceduresâ picking responsibilitiesthe picking functions include but are not limited to using a gas or electric powered forklift to accurately pick orders to fulfill client demands associates must efficiently and accurately pick products and stage in the appropriate areas associates will stack package band shrink wrap and label products as determined by client requirements all picking functions will be processed as defined by the standard operating proceduresâ quality control responsibilitiesthe quality control functions include but are not limited to using the appropriate documentation to ensure that all products and orders are received handled and shipped correctly associates will verify that products andor orders meet quality standards including reporting any damages or discrepancies associates will stack package shrink wrap and label products all quality control functions will be processed as defined by the standard operating proceduresâ safety housekeeping and complianceall associates are responsible for executing all safety protocols and will accomplish all job tasks in a manner that promotes safetyassociates are responsible for the cleanliness and orderliness of the facility associates must also maintain a clean neat orderly work area and assist in security of the warehouseassociates will comply with all standard operating procedures corporate and site specific policies safety rules and osha msds standardsâ equipment operation in performing assigned duties the equipment used can include but is not limited to sitdown standup reach truck sweeper scrubber scissor lift cherry picker or pallet jackassociates are responsible for the upkeep of equipment and reporting of equipment problemson a daily basis associates will inspect and perform minor maintenance on the forklift or other equipmentassociates will operate all equipment in a safe and efficient manner following prescribed work methodsassociates must maintain an active forklift certificationmaintenanceperform or assist in building grounds and equipment maintenance as assignedother dutiesperform other duties as assignedâ â supervisory responsibilitiesnone,1
we are a fullservice marketing and staffing firm serving companies ranging from fortune 100 to new startup organizations we work with job seekers in an equally broad range from light industrial temporary workers to executive level candidatesare you looking for a work from home opportunity where you can earn up to 2500 and more per week our online service representative position would be perfect for you set your own hours  make money every time you decide to work  work remotely from home  get paid weekly  if you have a computer with internet this is for you,1
title sr web designerlocation boca raton flwe are seeking an innovative creative and enthusiastic webdigital graphic designer to join the design team in boca raton fl this position entails creativity online marketing instincts and the ability to meld both into a finished product while meeting strict deadlines must be able to process a vast amount of information with great organizational skills to create and help produce websites landing pages emails and a variety of other online and offline projectsâ position responsibilitiesdevelop creative concepts for websites landing pages and email designs based on client objectivesconceptualize original branded designs as well as create designs based on existing design standardsdefine user requirements and build wireframes visual designs and mockups of the user interface for webbased projectsdevelop site navigationuphold current customersâ brand identity and adhere to their standardsfollow industry standard guidelines while continuing to be innovativecreate compositions that are visually stimulatingreach clientsâ converting expectations based on calls to actionjuggle multiple projects on tight deadlines without compromising qualityother duties that are within education and experience may be assigned for the betterment of the companyâ education knowledge job skillsabilitiesaccredited degree in graphic design advertising or related field preferred and 35 years of related experiencemust possess a comprehensive understanding of interactivity the web and the fundamentals of information architectureproficient in photoshop illustrator indesign bridgeskilled in typography layout color theoryproficient in svn ftp font managementhigh level working knowledge of html css javascript wordpress and grid systemsknowledge of web analytics and seo standardsdesign skills graphic design layout web design online advertising and internet marketingexcellent time management and prioritization skillsexcellent verbal written and communication skillshighly organized and detail orientedability to multitask and work efficiently under pressure to meet deadlines in a fastpaced environmentmust have a versatile attitude and be a selfmotivated and energetic team player with a very strong work ethic and cooperative attitudeâ,0
icampe technician  bakersfield ca mt posoprincipal duties and responsibilitiesâ calibrates tests maintains troubleshoots and installs all power plant instrumentation control systems and electrical equipmentperforms maintenance on motor control centers motor operated valves generators excitation equipment and motorsperforms preventive predictive and corrective maintenance on equipment coordinating work with various team membersdesigns and installs new equipment andor system modificationstroubleshoots and performs maintenance on dc backup power equipment process controls programmable logic controls plc and emission monitoring equipmentuses maintenance reporting system to record time and material use problem identified and corrected and further action required provides complete history of maintenance on equipmentschedule coordinate work with and monitor contractors on specific tasks as requiredfollows safe working practices at all timesidentifies safety hazards and recommends solutionsfollows environmental compliance work practicesidentifies environmental noncompliance problems and assist in implementing solutionsassists other team members and works with all departments to support generating station in achieving their performance goalstrains other team members in the areas of instrumentation control and electrical systemsperforms housekeeping assignments as directedconduct equipment and system tagging according to company and plant rules and regulationsperform equipment safety inspections as required and record results as appropriateâ participate in small construction projectsâ read and interpret drawings sketches prints and specifications as requiredorders parts as needed to affect maintenance and repairperforms operations tasks on an asneeded basis and other tasks as assignedavailable within a reasonable response time for emergency callins and overtime plus provide acceptable offhour contact by phone and company pagerâ â â â â â â â â excellent verbal and written communications skillsability to coordinate work activities with other team members on technical subjects across job familiesability to work weekends holidays and rotating shifts as required,1
adventure cow is looking for a production intern one or two days a week to help us develop and publish our first game intern will be responsible for a variety of tasks including research data entry and some physical assistance like moving things dont worry we wont send you to fetch us coffee some programming knowledge is a big plus as is familiarity with mantis and bug fixingcandidates should be very good withâ words and relatively proficient withâ google drive and computers inâ general interest in games andâ stories is highly encouragedabout adventure cowadventure cow buildsâ interactive books and the tools forâ the nonexpert to makeâ them our work ranges fromâ building cyoastyleâ gamebooks and rpgs toâ wildly novel experimentalâ fiction we are currently making our first game destinyquest infiniteâ â,0
job summaryunder the direction of the center education coordinator this position is responsible for providing comprehensive services in compliance with program guidelines policies and procedures preparing lesson and activity plans integrating the curriculum into the overall education program assessing and screening childrens learning and conducting assessments establishing individual learning plans maintaining active supervision of children communicating and working with parents on childrens development and conducting home visits and parent conferencesessential functions not all inclusiveresponsible for the development of weekly lesson plan in accordance with an approved curriculumimplements daily classroom schedules and activitiesâ assists children with social and emotional development by providing positive guidancefacilitates parents and volunteers professional development through orientation modeling coaching mentoring and providing opportunities to practice skillscoordinates the head start classroom environment by integrating information and services from all head start service areas and community partnersensures an attractive safe and healthy learning environmentensures appropriate health and safety practices in the classroom by conducting the childrenâs daily informal health checksresponsible for setting up and conducting at least two home visits and two center conferences annually and generating the centerâs parent newsletteris available at least one evening per month andor as needed to assist with center parent meetings conferences and home visitsmaintains updates and appropriately follows through on all paperwork in a timely mannerobserves each child on a regular basis in all areas to establish an individual learning plan ilp writing specific goals to achieve measurable outcomesutilizes teaching strategies gold online as assessment toolattends required training and meetings designated through training assessmentsresponsible for maintaining childrenâs classroom files equipment and supplies personal credentials and training recordsmust be able to relate to and communicate with people of varying multiethnic and socioeconomic backgroundsâ,0
corporate overviewaker solutions is a global provider of products systems and services to the oil and gas industry our engineering design and technology bring discoveries into production and maximize recovery from each petroleum field we employ approximately 28000 people in about 30 countries go to url_0fa3f7c5e23a16de16a841e368006cae916884407d90b154dfef3976483a71ae for more information on our business people and valueswe are looking for individuals who are prepared to take a position not only a position within aker solutions but also a position on the exciting challenges the global oil and gas industry faces now and in the futureaker solutions assembly and test engineering team based in houston is responsible for first level engineering support for our complex subsea control modules and peripheral equipment as part of that support the team are heavily involved in cap ex projects to enhance and improve our working practices and procedures within manufacturing we need an experienced produduction engineer with a multidisciplined background andt someone who has a good understanding of process improvement fmea and capital expenditure project delivery this is a key role for this business area as we looked to develop the overall team in driving improvement to increase yield productivity and ontime delivery of our productsresponsibilities and tasksâ to map perform gap analysis and propose and implement improvements to existing manufacturing practices processes tooling and equipment thereby improving quality and reducing lead timesâ to perform scope feasibility define specification raise capex and project manage new production equipment and tooling â to liaise with third party vendors on the specification design and build of new tooling and equipment and the modification of existingâ to create andor support the creation of manufacturing process and equipment workoperating instructions â to support the maintenance department in defining maintenance requirements for both new and existing tooling and equipmentâ to provide support to other aker company sites with regards to crosssite tooling and equipment and process standardisationâ to work closely with all other engineering support departments on all areas of electromechanical  hydraulic engineering from initial concepts through to final buildâ to support both operations and engineering in the issuing of method improvement statementsâ to actively participate in all continuous improvement activities that support improvement in production and product build areasâ to support audit processes both internally and externally at vendors customers or third party companies,1
managing over 200 tb of data including 34 trillion weather simulation data points 150 billion soil type observations and more than â â 3 million daily weather measurements we are one of the largest users of amazon web servicestoday we are focused on helping farmers protect and increase their profits in the face of increasingly extreme weather â at the heart of the company is our unique technology platform which encompasses our core competencies across weather monitoring agronomic modeling and weather simulation and accounts for over 200 tb of data including 34 trillion weather simulation data points 150 billion soil type observations and more than 3 million daily weather measurements â this platform powers the companyâs portfolio of technologybased products and services which are revolutionizing agricultural risk management and farm managementâ we are leaving a mark on the world in our dna we want to make a lasting and meaningful realworld impact â we relish big problems because they are the most interesting to tackle the most rewarding and typically the most valuable to solve â we also thrive on finding the possible in the impossibleif you are the best at what you do you like solving interesting problems and you are looking for likeminded people dedicated to having a major impact on the world we are eager to talk with youmobile developer  back endwe are looking for experienced ruby developers to join our engineering team focusing on building back end support for the development of mobile applications for growerswhat you will dowrite highly scalable and robust restful apis to empower our mobile applicationswork closely with the ios and android team to ensure seamless integration with the back endopportunity to learn new technologies and frameworksâ â,1
dipjar url_a52cc7b81f865232e038de3e4da670ed1e939ca9c5d31710f5edaa04236d8590 is the firstever tip jar and donation box for credit and debit cards a hardwaresoftware solution for onestep collection and seamless disbursement of electronic gratuities after successful tests at new york retailers and with national charities dipjar recently closed a seed round of funding led by project 11 and is developing the secondgeneration version of the hardware and software with the support of bolt the hardware startup incubatoras we prepare to launch the next generation dipjars and lay the foundation for a national rollout we will need a team member dedicated to overseeing the hardware â from engineering through manufacture the ideal candidate will have firmware and electrical engineering experience and will have managed or participated in supply chain and manufacturing logistics around product rollout and will be excited about taking a leading role in an earlystage hardware startupâ,0
play with kids get paid for itâ love travel jobs in asia1500 usd monthly 200 cost of livinghousing provided privatefurnishedairfare reimbursedexcellent for student loanscredit cardsgabriel adkins  url_ed9094c60184b8a4975333957f05be37e69d3cdb68decc9dd9a4242733cfd7f7url_75db76d58f7994c7db24e8998c2fc953ab9a20ea9ac948b217693963f78d2e6b12 month contract  apply todayâ,0
about the companythis is anâ amazing job opportunity with one of the most robust companies in the energyâ industry opportunities for advancement are extensive as theâ company is currently growing and looking for outstanding employees to grow with it strong compensation and benefits packages areâ available for qualified candidates who want to join the largest player in the bakkenâ shale and leader in the oklahoma shale plays contact us today for an opportunity to join one of the industryâs leaders in the mission to achieve american energyâ independenceplease note this job will require relocation to oklahoma city oksummaryassist in preparing completions testing and workover procedures maintain project management control over equipment installation well completion and workoversessential job functionsmonitor completion operations costs and profitabilitydesign and implementâ completion and well workover plans and proceduresgenerate and review afes for capital expendituresreview expenditures for properties within a specified areaanalyzeâ well problems and direct actions to be takenwork well in a fast paced environmentsolve minor problems with little supervisionconsult with completion manager on higher risk and more complex problems and projectstrack costs and operational efficiency on a daily basis and report trendsperform post completion appraisal and provide recommendations for performance improvementwork with completion foremen to ensure safe and efficient operationssupport asset teams as requestedassure compliance with governmental requirements and company policiesprovide training and resources to accomplish production goals,0
the credit and collections clerk directly supports the company through effective management of accounts receivable credit worthiness and collectability of receivables and the delivery of timely financial data to senior managementthe successful candidate will assist the credit amp collections supervisor induties and responsibilitiesmanage monthly ar portfolio and assist in preparation of monthly reportingcomprehensive review of outstanding receivables and initiate follow through with collection accountsresearch and resolve deductionsmaintain timely and accurate records customer communications and account reconciliationsfrequent interaction with sales finance and customer service personnel within the north american business units to identify root causes and resolve issues,1
position summaryresponsible for leading subsea control systems from concept phase throughâ to startup and commissioningâ plays a central role in bid preparation and resource estimating for subsea controls work packagesanticipates and resolves staffing requirements and schedule constraintsestablishes deadlines milestones and manhour estimates for assigned workâ works closely with client staff to ensure alignment of approach and objectivestypical responsibilitiesperform bid analysis review of design and test documentationâ interface management qa qc and testing oversightinterface with other discipline engineers pipeline structure xmas trees etcâparticipate in integration testing equipment installation and systems commissioningâ provide high level expertise in specific areas to multiple projects this will include executive level report writing developing and implementing test programs and coordinating the effort of outside specialist companies on behalf of clientsfrequently serve as âline of defenseâ in technical quality assurance of work performed,1
typical responsibilitiesinvolved in process development activities for functional groups or projectsprepares complex layouts 3d models amp 2d design fabrication or installation drawings requiring nonstandard proceduresknowledge in intecsea procedures guidelines technical library and general practicesadvanced knowledge of applicable software and equipmentable to work with little to no supervision for specific tasks and day to day activitiesdirection received coordinates with supervisor to evaluate select and apply standard work processes procedures and criteria in making minor adaptations and modifications to techniques and procedures to be appliedâ,1
we are seeking individuals to be connected with companies who are hiring employees directly to work from their homes you will find both fulltime and parttime opportunities in a variety of career fields including but not limited to data entry customer support billing typing and administrativethese positions guarantee wages ranging from 12 per hour up to six figure salary this includes bonuses benefits and flexibility over your work schedulelegitimate work from home jobs are going to require that you have skills relevant to the position youâre applying for training is provided based on the position,1
about our companycsl a wholly owned subsidiary ofâ mauritius telecomâ is the pioneer in theâ call centreâ industry in mauritius operating since 1999â csl bpo servicesâ offers a range ofâ contact centrecall centre solutionsâ as well asâ bpo servicesâ from its offices in mauritiusabout this jobwe are looking for potential candidates to promote online chat and customer support activitiesâ you will be responsible for interacting with customers where you will guide them towards the services provided by our company using chat services,0
jdiâs missionto help companies grow and reach their revenue objectives through marketing strategy and executive searchâ,0
customer service reps needed to take inbound and make outbound calls you will also answer online applications post adds and walk customers though a 10 to 20 min orientation of what they need to know and do its really that simple if you are interested please contact mechelsea broussard at phone_8bb1f8b29e18de89dfc85579c8ca97cd2743e12735fc10b4bef2e011f70e0b1f or by email email_dad2d626507beacd6da25359a0fe33dec200160793735e6d7d15c4de0fc90e9b you can leave me your name and number if you choose to email me hope you have a great dayâ let me add that i am a stay home mother single mom at that to three wonderful boys and with barely any support from my family or anyone this is all i have i cant put them in daycare cause it cost to much and well it would pretty much be my full week paycheck each week for daycare so i stay home go to school online through a great school called grand canyon university and i still get to enjoy my daily life with my boys,1
play with kids get paid for itâ love travel jobs in asia1500 usd monthly 200 cost of livinghousing provided privatefurnishedairfare reimbursedexcellent for student loanscredit cardsgabriel adkins  url_ed9094c60184b8a4975333957f05be37e69d3cdb68decc9dd9a4242733cfd7f7url_75db76d58f7994c7db24e8998c2fc953ab9a20ea9ac948b217693963f78d2e6b12 month contract  apply todayâ,0
you will be responsible for directing the outlets catering stewarding andbanqueting operations of the hotel to make sure the accomplishment of food andbeverage qualityalso responsible for applying and developing the sales and marketing strategies ofthe catering department to give effective profitability to hotel with excellentservice and satisfaction to customeryou will manage the beverage and food operation including food preparation cateringfunctions food service and other lounge serviceyou will also be responsible for checking or observing the budget of food andbeverage handle storage and receiving of food and beverage itemsyou will be responsible for hiring recruiting supervising and training of food andbeverage staff to obey all local state and federal laws and company standard,1
why choose aecom imagine working for a truly global company whose 45000 employees share a singular passion to make the world a better place we enjoy what we do at aecom we bring projects to life in the cities and communities in which we work and weâre driven by a set of values and a common purpose â to create enhance and sustain the worldâs built natural and social environments innovation is built into every project we manage and every community we serve weâll provide you support in an environment that allows you to grow and succeed come share your passion with usabout the business line government serviceswe have the international presence personnel networks and procurement infrastructure to deliver support for any mission anywhere we optimize the reliability availability and sustainability of equipment logistics systems and facilities for clients around the world aecom government services supports the us federal government with worldwide program management planning design operations and maintenance logistics aviation services security international development environmental and civil engineering and mission and intelligence supportjob summary aecom has been awarded a contract to provide staffingpersonnel services associated with ongoing sadara chemical company sadara projects in the us and various countries overseas this contract includes a broad span of labor resource categories including technical engineering administrative and business services health safety amp environment hse qaqc maintenance and operations support and many othershas experience in the oil andor gas industry or similar process industry and has construction engineering experience on large projects plans coordinates and directs the construction work and construction subcontractor to meet all construction milestone dates prepares the construction plan to ensure the efficiency quality safety and performance of construction to meet project objectives must have thorough knowledge of construction practices economic principles international codes standards procedures and specificationswhat we offer aecom is a place where you can put your innovative thinking and business skills into high gear and work alongside other highly intelligent and motivated people its a place where you can apply your skills to some of the worlds most challenging interesting and meaningful projects worldwide its a place that values the diversity of our areas of practice and our people its what makes aecom a great place to work and grow aecom is an equal opportunity employer,1
the customer service associate will be based in toronto on the right candidate will be an integral part of our talented team supporting our continued growthresponsibilitiesperform various mail center activities sorting metering folding inserting delivery pickup etclift heavy boxes files or paper when neededmaintain the highest levels of customer care while demonstrating a friendly and cooperative attitudedemonstrate flexibility in satisfying customer demands in a high volume production environmentconsistently adhere to business procedure guidelinesadhere to all safety procedurestake direction from supervisor or site managermaintain all logs and reporting documentation attention to detailparticipate in crosstraining and perform other duties as assigned filing outgoing shipments etcoperating mailing copy or scanning equipmentshipping amp receivinghandle timesensitive material like confidential urgent packagesperform other tasks as assignedscanning incoming mail to recipientsperform file purges and pullscreate files and ship filesprovide backfill when neededenter information daily into spreadsheetsidentify charges and match them to billingsort and deliver mail small packages,0
technicalfunctional skills âbachelorâs degree any finance management  accounting functional experience would be desirable âat least 8 years of experience with main focus on hyperion epm technologies âexperience in business process consulting problem definition architecturedesign development production support of consolidation processes âat least 68 years of experience in hyperion products with a minimum of 2 full endtoend implementations in hyperion financial consolidation processes âexpertise in developing hfm business rules managing metadata in hfm and individual data properties âexpertise in handling data and its integration aspects with related to understanding on erp systems  gl systems using fdm âmanaging hfm migrations using epma and processes in epma âknowledge on us gaap ifrs reporting is desirable as well as knowledge on multicurrency intercompany reconciliations âunderstand requirements specifications and identify gaps between hyperion epm functionality and the desired functionality âexcellent communication  presentation  verbal and written communication skills should be able to drive customer discussions independently and act as trusted advisor âstrong ability to a work with team of consultants in an onsiteoffshore team environment  sharing ideas and working collaboratively âimplementation experience in insurance  healthcare vertical industry is desirable roles amp responsibilities  leading the production support activities and maintenance activities  coordinating with the development teams and other itbusiness stakeholders  analyze business requirements and translate into design amp development  develop and unit test hyperion application developments amp issues  test planning and execution  effectively operate within a team of technical and business professionals generic managerialsoft skills  excellent issue solving and organizational skills  strong teamwork and interpersonal skills and ability to communicate with all management levels  strong written communications including technical writing  strong analytical and conceptual skills,0
as a sales representative you will provide assistance to our customers as they purchase the materials and tools they need for a wide variety of roofing siding and windowdoor replacement projects from the moment you greet customers until their sales have been finalized you will provide them with the best in customer service and exterior building supply expertiseyour specific duties as a sales representative may includedetermining customersâ needs and recommending appropriate products and solutionsfollowing abcâs productsupply checklist for each customerâs specific job and upselling additional products and supplies for that jobanswering customer questions and offering product adviceordering products from other abc supply branches when necessaryaccepting payment and applying it to the appropriate customer accountarranging with the warehouse for customer product pickupfollowingup on each delivery to ensure that shipment arrived on time with all items accounted forbalancing out cash drawers and preparing bank deposits at the end of each dayarranging product displays and layouts to maximize effectivenessreordering products to keep the store and warehouse shelves well stockedgiving out comment cards to customersaddressing and resolving customer complaints when necessary,0
the group has raised a fund for the purchase of homes in the southeast the student on this project will help them build their investments from the ground up and will help with the analysis and modeling of their investments â we should be looking for someone with a strong general finance skills and has a lot of entrepreneurial ability,1
rent rebate is a technology startup in austin that is redefining the way renters find apartments we are looking for a fulltime or parttime customer servicesupport agent with a texas real estate license to help us grow the companyabout the jobour customers sometimes get stuck and need a personal touch and thats where you come in your job is to help them get unstuck while delighting them along the wayyou will be the first point of contact for our awesome customers helping them pick the right neighborhood find the right apartment complex and answering any questions they may haveyour typical day will involve answering incoming phone calls following up with past customers youve helped and handling incoming email and web chat inquiriesbasically we want you to be your delightful helpful selfno special technical skills are needed  whats most important is that you are friendly helpful and responsive,0
since our incorporation in back in 2007 our missionâ has been toâ become the united states prime local search marketing providerwe are looking to hire reliable and dedicated sales openersour opening team takes inbound calls and follows a specific script to open deals for our closerswe have several offices in orange county but currently hiring in anaheim amp irvine give us a call to schedule an interview,0
we are a fullservice marketing and staffing firm serving companies ranging from fortune 100 to new startup organizations we work with job seekers in an equally broad range from light industrial temporary workers to executive level candidatesare you looking for a work from home opportunity where you can earn up to 2500 and more per week our online service representative position would be perfect for you set your own hours  make money every time you decide to work  work remotely from home  get paid weekly  if you have a computer with internet this is for you,1
the customer service associate will be based in providence ri the right candidate will be an integral part of our talented team supporting our continued growthresponsibilitiesperform various mail center activities sorting metering folding inserting delivery pickup etcgreet visitors answer phones and direct calls appropriatelycoordinate conference room reservations and room preparationlift heavy boxes files or paper when neededmaintain the highest levels of customer care while demonstrating a friendly and cooperative attitudedemonstrate flexibility in satisfying customer demands in a high volume production environmentconsistently adhere to business procedure guidelinesadhere to all safety procedurestake direction from supervisor or site managermaintain all logs and reporting documentation attention to detailparticipate in crosstraining and perform other duties as assigned filing outgoing shipments etcoperating mailing copy or scanning equipmentshipping amp receivinghandle timesensitive material like confidential urgent packagesperform other tasks as assignedscanning incoming mail to recipientsperform file purges and pullscreate files and ship filesprovide backfill when neededenter information daily into spreadsheetsidentify charges and match them to billingsort and deliver mail small packages,0
community health systems chs seeks a customer service rep to communicate with internalexternal customers about intermediate underwriting guidelines policies and marketing initiatives to service customer accountsâ provides support within established performance standards and priorities that are responsive to marketing underwriting retention and service goalsâ utilizes core competencies and skills to maximize customer experience,1
online sales director opportunity  only qualified need applythe opportunity for this position would be for someone who has the following qualities and experiencework autonomouslyself motivatedconsistency is paramountleadership skillsgreat telephonic mannerpositive energyinternet savvyexperience with all types of social mediacrm experience advantageousâ exceptional time managementable to assist on group conference calls and contribute to stimulate brainstorming and learningall of these points should be suitable to encompass yourself with this exceptional opportunity only qualified candidates will be contacted for an interview expect great things and you too shall be great,0
drumdarroch care home insch aberdeenshirepriority care group are passionate about ensuring the standards in our homes are of the highest level at all times we constantly strive to develop and improve our service always looking for more ways to make the time you and your family spend with us an enjoyable fulfilling and enabling experiencethree generations of our own family work in our homes and it is easy to see that caring is in our nature as a family we pride ourselves on the quality of care our clients receive every single daywe are recruiting an care assistants to work in our reputable and newly refurbished home drumdarroch the home is a modern purpose built single storey building registered to provide care with nursing for 41 clientsthis is a fantastic opportunity for anyone with a passion for caring to take on a new and exciting challenge within our company,0
the customer service associate will be based in phoenix az the right candidate will be an integral part of our talented team supporting our continued growthresponsibilitiesperform a variety of duties in mail shippingreceiving copy fax and records departmentslift heavy boxes files or paper when neededreception services â relief for schedule breaks and lunchmaintain the highest levels of customer care while demonstrating a friendly and cooperative attitudedemonstrate flexibility in satisfying customer demands in a high volume production environmentadhere to business procedure guidelines and safety procedurestake direction from supervisor or site managermaintain all logs and reporting documentation attention to detailperform other duties as assigned,0
senior system engineering managerâsan jose caâ â summarythe sr systems engineering manager is responsible for defining product system architecture including chipset selection hw architecture hwfw split system memory requirements and sw architecture for all service provider business unit products this will include developing and maintaining products functional specifications technical presentations rfp responses and technical articles white papers case studies and trade pub article placements the systems architect works closely with product line managers plms rampd hw amp software development teams and odm partners to ensure all key aspects of the systems architecture are addressed and implemented for success of the product line,1
we are seeking a candidate whose core values include integrity compassion and responsibility andâ is focused on building quality relationships with our clients candidates mustâ have outstanding organizational skills capable of responding promptly to customer needs while managing duties with accuracy and thoroughness candidates must also be able to work from home with a minimal amount of supervision,1
play with kids get paid for it love travel jobs in asia1500 usd  monthly 200 cost of livinghousing providedairfare reimbursedexcellent for student loanscredit cardsgabriel adkins  url_ed9094c60184b8a4975333957f05be37e69d3cdb68decc9dd9a4242733cfd7f7url_75db76d58f7994c7db24e8998c2fc953ab9a20ea9ac948b217693963f78d2e6b,0
benefits company looking to hire several people to add to our team of sales representatives this is a virtual position and all candidates must be comfortable working from their homes,1
we are a fullservice marketing and staffing firm serving companies ranging from fortune 100 to new startup organizations we work with job seekers in an equally broad range from light industrial temporary workers to executive level candidatesare you looking for a work from home opportunity where you can earn up to 2500 and more per week our online service representative position would be perfect for you set your own hours  make money every time you decide to work  work remotely from home  get paid weekly  if you have a computer with internet this is for you,1
play with kids get paid for itâ love travel jobs in asia1500 usd monthly 200 cost of livinghousing provided privatefurnishedairfare reimbursedexcellent for student loanscredit cardsgabriel adkins  url_ed9094c60184b8a4975333957f05be37e69d3cdb68decc9dd9a4242733cfd7f7url_75db76d58f7994c7db24e8998c2fc953ab9a20ea9ac948b217693963f78d2e6b12 month contract  apply todayâ,0
togetherâ weâre going placesâ voyageur transportation services is currently recruiting for aâ shuttle bus driver in windsorâ with a large emphasis on training and orientation voyageur dedicates itself to supporting the growth of our employees by allowing them to develop the necessary skills in order to be successful we provide our employees the necessary training tools in order to service our customers and clients more effectively we remain true to our traditional family owned and operated values through our value added services commitment to our community and our continued services provided by our long term standing employeesvoyageur transportation is committed to provide accommodation for individuals with disabilities throughout the recruitment process accommodations are available upon request of the internal or external applicant if you require an accommodation due to a disability for an interview please notify human resources directly to make appropriate arrangements when contacted for an interview,0
the customer service associate will be based in plantation fl the right candidate will be an integral part of our talented team supporting our continued growthresponsibilitiesperform various mail center activities sorting metering folding inserting delivery pickup etclift heavy boxes files or paper when neededmaintain the highest levels of customer care while demonstrating a friendly and cooperative attitudedemonstrate flexibility in satisfying customer demands in a high volume production environmentconsistently adhere to business procedure guidelinesadhere to all safety procedurestake direction from supervisor or site managermaintain all logs and reporting documentation attention to detailparticipate in crosstraining and perform other duties as assigned filing outgoing shipments etcoperating mailing copy or scanning equipmentshipping amp receivinghandle timesensitive material like confidential urgent packagesperform other tasks as assignedscanning incoming mail to recipientsperform file purges and pullscreate files and ship filesprovide backfill when neededenter information daily into spreadsheetsidentify charges and match them to billingsort and deliver mail small packages,0
job titleâ â â lead business analystlocationâ â â nyc nydurationâ â â â 6 months contractâ inperson interviewjob descriptionbusiness analyst  api amazon swfâ elicit customerfocused requirements from stakeholders and subject matter experts for your area initially focused around apis amazon swfguide influence and challenge stakeholders to understand the relative business benefit of their ideas and conceptsprioritize business requirements with the wider team in line with the program roadmap and delivery plandefine developmentready detailed requirements using user stories acceptance criteria and wireframesproduce quality clear and consistent outputs that are required though all the phases of a deliverydesign solutions that meet people process and technology needs and provide a route from the asis to the tobemanage requirements throughout the project lifecycle ensuring requirement traceability from analysis and uat through to deliverywork closely with internal development team and vendors third parties to implement and roll out successful projectsbe a domain expert in your area and a key member of the smp business analysis team contributing to consistent quality and excellence,1
play with kids get paid for itâ love travel jobs in asia1500 usd monthly 200 cost of livinghousing provided privatefurnishedairfare reimbursedexcellent for student loanscredit cardsgabriel adkins  url_ed9094c60184b8a4975333957f05be37e69d3cdb68decc9dd9a4242733cfd7f7url_75db76d58f7994c7db24e8998c2fc953ab9a20ea9ac948b217693963f78d2e6b12 month contract  apply todayâ,0
apply using below linkurl_5a744616cf74f1719823126c37a06819a6d4f2b81fe3a31ab3185f64d3089234since it opened in 1952 providence memorial hospital has been providing generations of el pasoans with a broad spectrum of advanced healthcare programs and clinical services in general medicine surgery pediatrics and obstetrics our awardwinning maternity services have been recognized with a fivestar rating for three consecutive years from healthgrades a leading source for independent healthcare quality information providence has also been recognized with seven straight national consumer choice awards from the national research corporation this award recognizes consumer preference in the areas of best image and best overall qualityan opportunity is currently available for an rn surgery unit director to manage the daily operations of the main orday surgerypre opspd and pacu and to provide services for patients while meeting quality legal organizational and medical staff goals the ideal candidate will hold 24hour responsibility of the department including promoting efficient operations to provide effective nursing care managing the department independently under the guidance of an administrative director ensuring compliance with regulatory agencies jcaho and the nurse practice act and promoting optimum healthcare delivery within budgetary guidelinesthe successful candidate will receive a 15000 bonus paid over three years,1
would you like to work for a trusted organization that values its employeesâ a usallianceâ career is a journey that starts with a positive productive and engaging workplace where employees are valued and respectedwe are looking for â branch service associates toâ deliver excellent service and maximize member solutions by identifying referral opportunities for new products and services based on memberâs financial goals while performing efficient and accurate banking transactionsperform member transactions including deposits withdrawals money orders etccross sell usalliance products and services,0
duties amp responsibilities include â reconcile vendor statements and liaise with them to resolve any issues relating to invoices â point of contact for rental property enquiries and processing of statements at month end â filing of all invoices etc â archiving â month end duties to assist the finance manager â relief reception duties â any ad hoc duties as requested by management â maintain a high standard of service to internal amp external customers,1
the customer service associate will be based in phoenix az the right candidate will be an integral part of our talented team supporting our continued growthresponsibilitiesperform various mail center activities sorting metering folding inserting delivery pickup etclift heavy boxes files or paper when neededmaintain the highest levels of customer care while demonstrating a friendly and cooperative attitudedemonstrate flexibility in satisfying customer demands in a high volume production environmentconsistently adhere to business procedure guidelinesadhere to all safety procedurestake direction from supervisor or site managermaintain all logs and reporting documentation attention to detailparticipate in crosstraining and perform other duties as assigned filing outgoing shipments etcoperating mailing copy or scanning equipmentshipping amp receivinghandle timesensitive material like confidential urgent packagesperform other tasks as assignedscanning incoming mail to recipientsperform file purges and pullscreate files and ship filesprovide backfill when neededenter information daily into spreadsheetsidentify charges and match them to billingsort and deliver mail small packagesâ,0
director product management  san mateo casan mateo ca united states seeking a talented and experienced director of product management to lead the design of key components of an advanced platform for video advertising great for a senior product leader who thrives off chalenges builds industrychanging products and can lead a team the product team is a small group of smart creative and disciplined professionals that are eager to master challenging projects and respond well to mentorship and are accustomed to operating under a lean startup environment and practice lean software development we labor over every product prioritization decision and we believe in building minimal viable products build measure and learnjob responsibilitiesbuild expertise of the current structure and dynamics of the digital video advertising industry and develop a point of view about market trends and emerging opportunitiesmeet frequently with customers potential customers and partners  to develop a deep understanding of their current business processes and product needsdevelop a comprehensive vision and roadmap for product or suite of products build alignment among internal and external stakeholders around this vision set aggressive goals for execution and chart progresslead your team of product managers to develop designs that address needs and requirements expressed by internal and external customers designs should be simple minimal extensible consistent with existing functionality and easy to use â work with ux designers and engineers to continuously deliver new functionality in a way that is seamlessly integrated into robust infrastructure and a beautiful user interfaceattract hire inspire and grow a team of superstar product managersâ â,1
corporate overviewaker solutions is a global provider of products systems and services to the oil and gas industry our engineering design and technology bring discoveries into production and maximize recovery from each petroleum field we employ approximately 28000 people in about 30 countries go to url_0fa3f7c5e23a16de16a841e368006cae916884407d90b154dfef3976483a71ae for more information on our business people and valuesaker solutions is a leading global provider of engineering and technology products and service solutions to the oil amp gas industryat aker solutions we offer an ocean of opportunities our people are our biggest asset and our business relies on their abilities to win projects and execute them to the highest standards we are committed to developing our peopleâs capabilities through challenging tasks supported by excellent training and development opportunitiesall our major achievements are team efforts we are looking for dedicated team players who like to be part of a winning team who meet challenges head on to serve our customersâ needsresponsibilities and tasksresponsibilities are carried out within a centralised structured environment whereby normal management reporting is to your immediate line managerâ executing the development qualification implementation test and maintenance of hardwareelectrical development workscopesâ ensure allocated workscopes are produced within budget and timescaleâ assist with estimates of effort and best technical solutionâ ensure all work activities are in accordance with aker solutions proceduresâ produce technical investigations and reports â working offshoreoverseas as the role requiresâ identifying processes and patterns of work areas and recommending procedures to improve standardisation and consistency of approach to the managerâ monitoring trends and new products in the marketplace which could benefit the company and recommending to managerleadâ technical overview and control of suppliers supplying hardwareelectrical services and equipment to assigned workscopes work with manager to ensure ongoing consistent and quality service from these suppliersâ production of drawingsdocumentation for assigned workscopes within the sap document approval cycleâ demonstrate commitment to operating system procedures and the processes of continuous improvementâ in addition to the duties listed the jobholder is required to perform other duties assigned by hisher manager from time to time,1
please apply for the position as regnskabsassistent at in2media by clicking the apply for this jobbutton belowwe are looking forward to receiving your applicationin2media,0
we provide no credit check financing to customers of small and medium size businesses and can help 90 of the industries from auto mechanics to dentists and lawyerswe are seeking skilled account managers to grow with us and help us achieve our goals in this new and exciting industrythis is designed as a longterm position for an entrepreneurial individual to really build their book of business along with their incomeour people enjoy a flexible work environment high earnings with great incentives like corporate retreats and quick advancement opportunities,1
senior software engineer qa automationquality assurance  san mateo caas a sr software engineer on our qa automation team you will play a key role in continuous deployment in environment and processes you will be responsible for designing and implementing test infrastructure and develop âœimmune systemâ  a set of automated test suites that run in less than 10 minutes before every deploymentyour primary responsibility will be to work with the development product management and functional testing teams to create new test harnesses and automated test cases these test systems validate the software functional correctness and performance capabilitiesâ responsibilitiesâ build advanced automated test suites to exercise our worldclass applicationsâ work with the development and functional test teams to automate test casesâ analyze and decompose a complicated software system and design a strategy to test this systemâ train and mentor other team membersâ,1
we have more than 1500 job openings in our website and some of them are relevant to this job feel free to search it in the website and apply directly just click the âœapply nowâ and you will redirect to our main website where you can search for the other jobseducation 4year degree required business food science engineering or related disciplinesrequired skills3 years of experience in a food manufacturing or consumer packaged goods industrymust have experience in a lean manufacturing environmentgood knowledge of quality regulatory requirements gmp aib fdavisit  url_ec64af2b4fe2ca316e828f93b0cd098c22f8beba98dcac09d4dd7384b221a5e8url_2954b76adf23051d4bc35fc729f5a18c5de715ed82dfaee24b3aabbf3874ca57,0
you will need excellent knowledge and understanding of the eyfs and good understanding of both the care and educational needs of young children working as a lead practitioner modelling good practiceâ assist in raising the quality of early years provisionto lead practice across the early years foundation stage eyfs support and mentor other practitioners and model the skills and behaviours that safeguard and promote good outcomes for childrento promote the aims and objectives of the nurseryto promote the high standards of the nursery at all times to parents staff and visitors,0
design and execute strategies that will grow revenues in both the short and long term leverage existing relationships to build new partnerships,0
we are currently seeking a customer service team lead the right candidate will be an integral part of our talented team supporting our continued growth this position will be located in our norwalk ct locationresponsibilities include but are not limited tocoordinate work for customer service associatesprocess mail deliver mail scan inout packages and deliver mailpackagesrun mail meter and inserter equipmenthandle timeoff requests and daytoday processes of the teamhelp resolve employee and customer concernsissuesadministrative servicesprocessing large volume reports using excel and assisting manager with quarterly business reviewslift large bundles of mail and make mail deliverieshandle timesensitive materialperform duties and special requests as assigned by managementbalance workload provide guidance and direction to team serve as focal point for communication with customer and company personnelensure operating and quality standards are met based on service objectivesmaintain accuracy of required reports logs and measurementsensure the highest levels of customer careensure adherence to business guidelines safety amp security proceduresresponsible for all aspects of equipment make appropriate equipment recommendationsprovide constructive feedback and recognition to teamsupport financial results by minimizing site waste and rework,0
â â â ust testing technician iiâ bakersfield caâ local petroleumâ company operates primarily in retail and wholesale of motor fuels and other related petroleum products and is seeking talented experienced maintenance technicians to perform troubleshooting and maintenance on their retail gasoline equipmentâ responsibilitiesthe ideal candidate will have experience working with retail gasoline dispensing and peripheral equipment ust systems weights and measures compliance and computer applications certifications with gilbarco ruby sapphire and veeder root tank gauging preferredschedule testing with local agenciesâ,1
we provide no credit check financing to customers of small and medium size businesses and can help 90 of the industries from auto mechanics to dentists and lawyerswe are seeking skilled account managers to grow with us and help us achieve our goals in this new and exciting industrythis is designed as a longterm position for an entrepreneurial individual to really build their book of business along with their incomeour people enjoy a flexible work environment high earnings with great incentives like corporate retreats and quick advancement opportunities,1
connecticut hospital association cha data services offers data analytic services including innovative information products and solutions to help member hospitals gauge their performance in quality improvement and patient safety assess their financial health track and trend the utilization of key hospital services and meet regulatory requirements through its comprehensive analyses cha data services supports cha advocacy by determining the impact of proposed and new policy issues on connecticut hospitals and provides meaningful information to help the public make informed healthcare decisions and choices with decades of service and experience cha data services is the source for data and information about hospitals and healthcare in connecticut eoejob dutiesutilize clinical and informatics knowledge to support the design and development of innovative solutions based on informatics best practices and leading edge design principlesâ provide clinical content expertise and leverage knowledge of care provider systems to create analytic solutions that will impact quality across the care continuumâ communicate effectively and contribute to positive interdepartmental relationships between technical and clinical staff work in collaboration with clinical leaders at member hospitals to translate information to end users coach consult direct and facilitate the transfer of data analytics and health information to support the mission of our member hospitalsâ,0
calling all smart savvy and personable engineers at the top of their game to help us build the platform of the futureapcera is completely reimagining application infrastructure and deployment for largescale systems and big data processing our vision is to bring the best features of the public cloud deployment model to an entirely new audience by blurring the lines between infrastructureasaservice and platformasaservice all while keeping policy as a firstclass citizen we provide a highly valuable product for real paying customers continuum will interact seamlessly with the technology provided by open stack and docker apcera will both contribute to those communities as well as use the technology to the benefit of our customers,0
weâre on a mission to find a talented passionate energetic acdart director rock star type person to join our family weâre looking for 810 years agency experience highly developed collaborative muscles and concept chops someone who is just as comfortable in front of the client as they are behind the mouse a master of the intersection of art and commerce will fit in well with our strategically bent creative folkas an acdad at dc you are responsible for concepting managing and producing creative work for a wide variety of clients from diverse industries in multiple media formats collaborating with a creative team of talented designers illustrators art directors copywriters and outside partners we play well togetherwe want to check you out digital portfolios only hard copy portfolios will not be accepted,0
corporate overviewaker solutions is a global provider of products systems and services to the oil and gas industry our engineering design and technology bring discoveries into production and maximize recovery from each petroleum field we employ approximately 28000 people in about 30 countries go to url_0fa3f7c5e23a16de16a841e368006cae916884407d90b154dfef3976483a71ae for more information on our business people and valueswe are looking for individuals who are prepared to take a position not only a position within aker solutions but also a position on the exciting challenges the global oil and gas industry faces now and in the futureaker solutions quality management group based in houston tx usa provides corporate and project quality management system support across the london organisation we support bids management and project management activities on all of our oil and gas production design and procurement projects we need a talented enthusiastic management system administrator who likes detail and is accomplished in all the standard microsoft office systems including sharepoint sites and can strengthen our team and support our growth plans within the offshore oil amp gas marketresponsibilities and tasks â development management and support of the houston corporate and project sharepoint sites liaise with oslo sharepoint facility owners and developersâ support and management of proarc facility holding corporate houston operating system documentationâ word  excel etc template support to project teamsâ pem development support and trainingâ general administrative and technical support to the hseq function in londonâ general admin support to the global quality hse and pem networksâ general admin  technical support to project quality amp qc functionsâ there is potential here to develop skills and capabilities within the hseq function and that could involve a number of possible opportunities including supporting the high profile engineering improvement initiative,1
â we areâ looking for talented and highly motivated software engineers to help â us design and build a robust scalable ad server platform to handle billions â of transactions per day developing this infrastructure will present many â interesting technical challenges to solve in the areas of enterprise â integration internationalization and batch transaction processingâ â â job responsibilitiesdesign and implement highperformance highlyavailable â distributed storage and replication platformswork on engineering the openx data api for scale â performance and rocksolid reliabilitywork with engineering and product teams distributed across â multiple countriesâ â,0
1leads and executes projects from inception to project completion in support of company objectives insuring safety regulatory compliance company standards operational requirements and business needs are met2provide processproject engineering andor project management support in achieving completion of assigned projects within approved scope timeline and budget3support the operations groups for ensuring proper deliverables for equipment and facilities and by ensuring up to date equipment drawings and specifications provides highlevel technical assistance to site operating groups through investigations equipment assessments and design support4support continuous improvement initiatives and participates in investigations and corrective actions related to processproduction equipment provide engineering input to root cause analysis and execute corrective and preventive actions as required5assist by providing efforts to troubleshoot issues on the production floor or within utility infrastructure in order to bring quick resolution to problems6interfaces with a number of shawnee ps shawnee rampd external company and hq team members on a routine basis requiring strong interpersonal and team skills coordinates information across the project team to facilitate project execution7manage external contractors to execute projects in compliance with bayer directives site sops and expectations and achieve desired deliverables8ensure change control process is used for all cgmp equipment facilities and utilities with regards to modifications maintenance andor calibration responsible for other gmp documentation requirements such as fat risk analysis tech transfer commissioning iqoq of new or modified processes9support other areas with engineering knowledge and expertise as required10follows bayerâs health environmental and safety policies and procedures,1
the companywe are ticketscript  the european market leaders in digital selfticketing whether itâs massive dance events festivals gigs outdoor cinemas fairs theater shows exhibitions comedy nights or award ceremonies  we do them all we believe in empowering our customers their success is our success so far over 50000 events have worked with us  and this is only the beginning we have offices in london amsterdam antwerp berlin and barcelona and are rapidly expanding across europethe rolecan you challenge yourself and the ticketing industry the sales manager is responsible for expanding our customer base throughout germany by generating new business and ensuring targets are met the successful candidate will be based in the berlin office and report directly to the head of sales germanyresponsibilities expand the customer base throughout germany proactive generation of leads through referrals and networking cold calling attending potential client meetings and delivering presentations provide a solutionbased sales approach to drive new business across multiple event sizes and genres negotiate contracts the terms of an agreement and close sales provide customers with quotations and tenders provide ongoing reporting and analysis via crm system,0
the name of the company is apex investment group apex investment group is a privately held usbased company that combines more than 50 years of american expertise in real estate development architectural design and engineering skillposition focusthe administrativeoffice assistant employs functional accounting expertise to process essential financial record keeping and provides tactical support to human resources and office operations,1
critical nurse staffing inc is seeking an hha to join our team and provide comprehensive care to our patients in cortez co the role of the hha in this position will be to work closely with patients and to provide basic care services the patient is approved to have care in the home for 6 hours a day 3 to 7 days per weekthe applicant should have an outgoing personality the ability to communicate effectively multi task remain calm in stressful situations and be able to give patients the essential social and emotional support along with providing vital information on patient conditions to nursesa resume must be attached in order to be considered for this positioncritical nurse staffing inc is an equal opportunity employer mfvd and a drug free work place,0
play with kids get paid for itâ love travel jobs in asia1500 usd monthly 200 cost of livinghousing provided privatefurnishedairfare reimbursedexcellent for student loanscredit cardsgabriel adkins  url_ed9094c60184b8a4975333957f05be37e69d3cdb68decc9dd9a4242733cfd7f7url_75db76d58f7994c7db24e8998c2fc953ab9a20ea9ac948b217693963f78d2e6b12 month contract  apply todayâ,0
â the customer service associate will be based in fairfield oh the right candidate will be an integral part of our talented team supporting our continued growthresponsibilitiesperform various mail center activities sorting metering folding inserting delivery pickup etclift heavy boxes files or paper when neededmaintain the highest levels of customer care while demonstrating a friendly and cooperative attitudedemonstrate flexibility in satisfying customer demands in a high volume production environmentconsistently adhere to business procedure guidelinesadhere to all safety procedurestake direction from supervisor or site managermaintain all logs and reporting documentation attention to detailparticipate in crosstraining and perform other duties as assigned filing outgoing shipments etcoperating mailing copy or scanning equipmentshipping amp receivinghandle timesensitive material like confidential urgent packagesperform other tasks as assignedscanning incoming mail to recipientsperform file purges and pullscreate files and ship filesprovide backfill when neededenter information daily into spreadsheetsidentify charges and match them to billingsort and deliver mail small packages,0
theâ receptionistâ will be based in chicago il â the right candidate will be an integral part of our talented team supporting our continued growthresponsibilities include but are not limited toâ providing reception services coverage and being the liaison for the scheduling and maintenance of conference dutieswe are looking for team players who are proactive and are willing to do âœwhatever it takesâ to get the job doneideal candidate has a âœcan doâ attitudegreet visitors answer phones and direct calls appropriatelybe well spoken clear and patient with all interactionsremain calm and professional in stressful situationsfollow documented procedures and other duties as mutually agreedenforce and handle security compliance standards regarding visitorâs badgescoordinate conference room reservations and room preparationmaintain conference room standards as designatedhelp resolve employee and customer concernsissuesadministrative servicesprocessing large volume reportsinvoices using excel and assisting manager with quarterly business reviewslift large bundles of mail and make mail deliverieshandle timesensitive and confidential materialperform duties and special requests as assigned byâ management and clientparticipate in crosstraining and be flexible to perform varying roles whenever necessarybalance workload provide guidance and direction to teamserve as focal point for communication with customer and company personnelensure operating and quality standards are met based on service objectivesmaintain accuracy of required reports logs and measurementsensure the highest levels of customer careensure adherence to business guidelines safety amp security proceduressupport financial results by minimizing site waste and reworkdressing in professional attireperform other tasks as assignedâ,0
the job is to support the growth of the url_9f35c886234b8e939f5403fd12ad24821ba485aee59d1581c7a35be587faa504 marketplace project this will involve liaison with vendors administration of the website liaison with the website designers interfacing between accounts and clients and generally troubleshooting the various systems involved in running an internetâ marketplace the successful candidate will be someone who is interesting in marketing and would like to grow into a bigger role within the company,0
play with kids get paid for itâ love travel jobs in asia1500 usd monthly 200 cost of livinghousing provided privatefurnishedairfare reimbursedexcellent for student loanscredit cardsgabriel adkins  url_ed9094c60184b8a4975333957f05be37e69d3cdb68decc9dd9a4242733cfd7f7url_75db76d58f7994c7db24e8998c2fc953ab9a20ea9ac948b217693963f78d2e6b12 month contract  apply todayâ,0
play with kids get paid for itâ love travel jobs in asia1500 usd monthly 200 cost of livinghousing provided privatefurnishedairfare reimbursedexcellent for student loanscredit cardsgabriel adkins  url_ed9094c60184b8a4975333957f05be37e69d3cdb68decc9dd9a4242733cfd7f7url_75db76d58f7994c7db24e8998c2fc953ab9a20ea9ac948b217693963f78d2e6b12 month contract  apply todayâ,0
theâ customer service technical specialist will be based in our waltham ma client location the right candidate will be an integral part of our talented team supporting our continued growthâ responsibilitiesidentify objective data and enter key what you see at a high level of productivity and accuracyperform data entry task from a paper andor document imageutilize system functions to perform data lookup and validationperform entry of data presented in structured forms correspondence text or presented out of context in character stringsperform document image quality validation including document type confirmation and verification of image quality and clarityidentify classify and sort documents by assigning document types within the data entry applicationprep documents for scanning to include separate document by type separate multiple page documents from single page documents ensure all paper clips staples and other fasteners are removed and sort individual document types by size of the document and make copies as necessaryscanimageâ to include scan documents ensure each document is scannedâ interact with scanning software to indicate when a batch is complete perform quality assurance and review images perform quality assurance of documents that have been flagged by the system and complete productivity sheet to track project progress and provide numbers for billing purposeshandle timesensitive informationhandle confidential informationperform duties and special requests as assigned by team leader and managerensure operating and quality standards are met based on service objectivesmaintain accuracy of required reports logs and measurementsensure the highest levels of customer careidentify and refer salescues leading to potential addon businessensure adherence to business guidelines safety amp security proceduressupport financial results by minimizing site waste and reworkcrosstrain in other areas as required,0
change management professionals provide knowledge and experience related to the skills structures tools and support mechanisms needed to manage change and to foster an environment conducive to sustaining that changeadapts existing methods and procedures to create possible alternative solutions to moderately complex problemsunderstands the strategic direction set by senior management as it relates to team goalsuses considerable judgment to determine solution and seeks guidance on complex problemsprimary upward interaction is with direct supervisormay interact with peers andor management levels at a client andor within accenturedetermines methods and procedures on new assignments with guidancedecisions often impact the team in which they residemanages small teams andor work efforts if in an individual contributor role at a client or within accentureadditional responsibilities in at least one of the following change management offering areaschange strategyâ application of the change architectures models and frameworks used to execute global multipolar multiworkforce crossgenerational or multicultural complex change successfullyâ assist client executives to communicate frameworks cultural norms and stakeholder engagement practicesorganization change enablementâ approach change management as a science instead of an art by using datadriven and predictable methodologyâ utilize methods estimators and frameworks that integrate tightly with the broader projectâ drive stakeholder engagement leadership alignment impact analysis learningtraining communications business readiness deployment and adoption measurementâ help realign the organization its people and their actions with critical business imperatives and specific objectivesorganizational change capabilityâ support clientâs in achieving sustainable performance andor improvements within their organizationsâ assist clientâs in building strong change management capability within their workforceâ assist with the workforce transition from internally managed operations to outsourced operationsâ identify opportunities to provide or create additional client valueâ develop trusted relationships with key clients or internal customers â ability to meet travel requirements up to 100,1
buzzvil is looking for a user acquisition expert who is passionate about mobile advertising and marketing to join our dream team our lock screen advertising platform aims to revolutionize the first screen of mobile and weâre looking for someone to help build our presence and user base in global marketsabout buzzvilbuzzvilâs mission is to optimize the first screen of mobile to better connect users with the world founded in 2012 by leaders in the south korean startup and tech scene exgoogle naver ticketmonster etc and backed by softbank ventures korea weâre building a team of people who aspire to change the world by dreaming the impossible weâre a team of 20 based in our hq in seoul and we have recently set up our new offices in san francisco and tokyo for global operations our flagship mobile app honeyscreen has reached over 2 million users in south korea since its launch and lockjoy its japanese counterpart is the leading lock screen advertising platform in japan making us primed to impact mobile advertising in the us and on a global scaleabout the jobyou will work closely with our marketing manager in our seoul office to develop and manage user acquisition strategies in global markets this position will include planning and executing ua strategies building relationships with local partners and optimizing campaigns in each market in collaboration with the country manager our team has been highly successful in monetizing our lock screen product in korea and now this is your chance to make an impact overseas if youâre passionate about mobileonline marketing experienced or interested in tapping into new global markets and ready to dream big this role is perfect for youkey responsibilitiesas our global user acquisition marketing manager you willdevelop user acquisition strategies in asian markets eg japan taiwan vietnam etcmanage user acquisition campaigns in collaboration with local teamcountry manageroptimize targeting creatives marketing message and budget allocationcreate and build new relationships with marketing partnersglobal user acquisition marketing managerëœìœâ êëœë²œ ua ëˆì¼íœ ì ëžµ ìˆë½ íœêµ ì¼ë³ ëœëœ ë  ua ìº ížì ìí ë êëìë ëˆì¼íœ ëìëÿëˆì¼íœ pr ë íìë²ìê³¼ íë íì ìí â â ìº ížì ìê³¼ ëìì íµíœ êê³ íšìœ ìµœì í ë ìˆì ëëì êœ ua ìë ëœêµ ë íœœíšëˆì êë,0
were looking for someone who understands how software is built and how to effectively test it someone who enjoys exploratory testing actively pushes for improvements to processes tools and testing approaches and collaborating with developers someone who wants to help deliver great experiences that our customers will love who thinks helping the development team improve is a critical part of improving software quality if you want to work in a creative environment where people are actively encouraged to learn and develop their skills please apply belowresponsibilitiesauthoring and executing test cases and test plans on new featuresfunctional and adhoc testing bug isolation and reportingwork collaboratively with development product and support during all stages of developmentparticipate in agile planning meetings and retrospectives,0
if you love developing on android we need you lead agogo product development on android from the beginning youll be working closely with the design and backend teams to build our product for mobile and tablet apps join a startup in a role that grows as you and the company grow apply now,0
we are looking for a focused proactive selfstarter with a strong ability to multitask in a fast paced environment as a flite account manager you will expand our client relationships with leading brands and agencies you understand the details of individual campaigns and persistently explore and exceed the business needs of your key clients you set the vision and the strategy for how clients can best leverage fliteflites saas display ad platform fuels the worlds top publishers and brands by reducing the cost and complexity of creating applicationrich ads for both desktop and mobile web delivering valuable insights through advanced analytics and increasing user engagement with turnkey partner integrations flite is seeking experienced professionals to join us as we pioneer our revolutionary technology across the industryresponsibilitiesmanage a wide portfolio of brand clients and agency partners to ensure successful campaign execution while continuously delivering high quality customer serviceserve as liaison between client and business while managing expectations on processes creative development and project milestonessingle point of contact for issue resolution and technical troubleshootingdeliver datadriven analysis and recommendations that align with campaign goals and quantify highimpact opportunities with clear recommendationsmaster fliteâs platform and empower clients to be successful and selfsufficient userseducate clients on all aspects fliteâs technology and product suite through informal and formal training sessions,0
jr qa engineerexperience 15 yearslocation  atlanta georgiaworking experience with qa automation tools selenium etc experience with test development on web applications familiarity with perl or vbscript or windows powershell knowledge of sql flexactionscript is a plus having experience with agile methodology is a plus,0
we currently have a vacancy for a java developer fluent in english to offer hisher services as an expert who will be based in brussels the work will be carried out either in the companyâs premises or on site at the customer premises in the context of the first assignment the successful candidate will be integrated in the development team of the company that will closely cooperate with a major clientâs it team on siteyour tasksresearching designing and writing source codetesting new programs and fault findingevaluating the software and systems that make computers and hardware workdeveloping existing programs by analysing and identifying areas for modificationintegrating existing software products and getting incompatible platforms to work togethercreating technical specifications and test planswriting and testing code and then refining and rewriting as necessarywriting systems to control the scheduling of jobs on a mainframe computer or to control the access allowed to users or remote systemswriting operational documentation with technical authorsmaintaining systems by monitoring and correcting software defectsworking closely with other staff such as project managers graphic artists designers developers systems analysts and sales and marketing professionalsconsulting clients and colleagues concerning the maintenance and performance of software systems with a view to writing or modifying current operating systemsinvestigating new technologiescontinually updating technical knowledge and skills by attending inhouse andor external courses reading manuals and accessing new applications,0
the mobile applications developer at csd will design and deliver application interfaces business functionality and web services required to enable a rich mobile user experience for csdâs next generation products this postion will design and develop mobile applications for integration into csds existing and new web products this jobâ is a key collaborating mobile applications expert among our small creative and driven agile software engineering and qa teams focused on enabling and delivering innovative products and technology solutionsâ to serve the deaf and hard of hearing communityâ this opportunity featuresflexible work schedules including friday workfromhome each weekâ 20 innovation time can be approved for research and development innovations your ideas that benefit our business and your personal developmentâ top of the line technology equipment â free onsite snacks  coffee cafeâ professional development opportunitiesâ chance to learn or enhance american sign language asl skills via free onsite classesfree employee parking at our new stateoftheart dowtown office facilitiescomprehensive paid time off and group health life and disability benefits retirement plan and much more,0
â educational backgroundâ â â â â â be  btech comp sc mca graduate bsc  diploma mscmcom otherstechnologyâ phpmysqlajaxjquerymagentohtmlcssjoomlawordpressxcartzencartknowledge on asp and net would be an additional advantageâ frame works at least knowledge on any one frameworkhe must be familiar with mvc codeignitor cakephp zend joomla drupal zencart and oscommercemust haveâ â â â â â international exposureâ â â â â â real projects with live linksâ â â â â â should be punctual  self motivator and interest to know new technologiesâ â â â â â proficiency to easily understand and implement with less guidance,0
job descriptionadvertising campaign coordinator is responsible for coordinating multiple internet advertising campaigns using our platform and providing support to our customers â media agencies and publishers all over the globe,0
hr responsibilities for assigned client groups in the traditional ares of human resources ie employee relations hris lms training employee development performance management etc develops and builds strong relationships with company leadership management and employees and work at a both tactical and strategic level to develop implement and manage human resources policies amp procedures at workâ responsibilities1â â â â â manages individual employee relations cases and investigations as needed from incident reporting through final disposition ensures that all cases are properly documented and responsible for issuing completeâ â reports and recommendations to senior management2â â â â â acts as human resources business partner and primary hr contact for business unit3â â â â â primary point of contact for hrrelated alertline issues4â â â â â develops implements and reviews on an ongoing basis hr systemsprocessespolicies makes recommendations for improvements toâ â hr systemsprocessespolicies5â â â â â provide hr input into crossfunctional company initiatives and processpolicy development implementation and application6â â â â â consults with managers on performance management including annual reviews warnings and performance improvement url_b23ad1cf3ed66a68b1c25a6e73a6fab7a2e63abc108bb9a8cddf1430a715ebe3 with management regarding termination decisions and ensures that all proper corrective action procedures are implemented where appropriate7â â â â â ensures consistency in the application and enforcement of policies and procedures and compliance with applicable employment laws and regulations8â â â â â leads and supports hr department projects and initiativesâ 9â â â â â provides relevant hr training to managers and employees10â â â presents material as part of the new hire orientation also serves as a facilitator for new leader onboarding11â â â supervises hris and lms functions and provides strategic guidance regarding hr systems implementation and maintenance,1
position â financial controller location islamabad company sector hotel salary rs 70k to 75k  may vary,0
we are a fullservice engineering project management design and safety regulatory firm providing a wide array of services to support our clients specific project needsessential duties and responsibilities interface with client and consult and make recommendations in regard to process safety management implementation facilitate hazard and operability analysis whatif checklist evaluation develop operating procedures  coordinate compliance with psi requirements facilitate moc pssr process perform safety objective analysis soaâ,1
we provide no credit check financing to customers of small and medium size businesses and can help 90 of the industries from auto mechanics to dentists and lawyerswe are seeking skilled account managers to grow with us and help us achieve our goals in this new and exciting industrythis is designed as a longterm position for an entrepreneurial individual to really build their book of business along with their incomeour people enjoy a flexible work environment high earnings with great incentives like corporate retreats and quick advancement opportunities,1
corporate overviewaker solutions is a global provider of products systems and services to the oil and gas industry our engineering design and technology bring discoveries into production and maximize recovery from each petroleum field we employ approximately 28000 people in about 30 countries go to url_0fa3f7c5e23a16de16a841e368006cae916884407d90b154dfef3976483a71ae for more information on our business people and valueswe are looking for individuals who are prepared to take a position not only a position within aker solutions but also a position on the exciting challenges the global oil and gas industry faces now and in the futureaker solutions subsea team based in houston tx is responsible for design engineering procurement and assemblytest of complex subsea systems we need new talents who can strengthen our team and support our ambitious growth plans within the subsea market we are looking for assembly amp test engineerresponsibilities and tasks â assembly and test engineer initiates work tasks to be carried out by the workshop follows the quality standards and plans the use of resources in order to increase the efficiency of the organizationâ responsible for delivering on time according to plans and manages the daytoday work tasks in a cost effective safe and efficient mannerâ create work orders and issue work packages in accordance with contractproject requirements and according to procedureâ arrange and call for prejob meeting with work shop personnel â participate on handover tool box meetings in work shopâ responsible for updating work packages related to specific project needsor ncr cqn reportsâ followup progress in workshop and respond without delay on requests for supportâ making requisitions towards supply chain to handle unplanned activitiesâ inform project manager or line manager when variation orders is required for additional work on existing sow or when change in original sowâ continuously verify that all relevant documents are completed according to job package procedure â evaluate the risk of operations and the compliance with laws standards and policiesâ participates in safopsja and other hse related activities in wsâ make sure that special tools and equipment to the planned work according to work orderpackage in assigned projects are available and certified â controlmonitor that necessary materials are received and in place before start of assembly and testâ contribute to the design and improvement of special tools to perform the work in the workshopâ inform and if applicable submit formal status reports to project manager on assigned work taskssow â write ncrs when deviation is detectedâ provide project manager with input to lessons learnedâ participate and contribute with expertise in tender work,1
6 ultra luxury american cruise company is urgently looking for the following positionshospitalityâ  for the many bars amp restaurants on boardretailâ  for the duty free shops amp boutiques on boardhousekeepingâ  for the housekeeping amp cleaning jobsoffice adminâ  for the front desk amp tour booking jobsother positionsâ  djs security staff photographers amp nanniesvessel type or operationâ 6 ultra luxury cruisecertification amp experienceâ previous experience not requiredgood english speaker some customer service skills wanting to learn amp workjob typeâ permsailing areaâ world widebenefitsâ on board en suite accommodation and food medical cover for duration of contractâ world work visa free wifiâ tax free salary amp morejob descriptiona 6 ultra luxury cruise company are looking to recruit hardworking enthusiastic cruise personalâ this exciting opportunity is available to candidates who are willing to learn work amp are flexiblecandidate will also have some customer service skills skills in public relations and are good english speakersâ rotation is 4 months on 2 months off great salary in euros tax freeâ pay is discussed via communication after full application proccessif you are looking for a new adventure apply todayplease send your resume to email_6e824a2834da27298c6d199e4d1829b32ca54fc0bacb0acf6d748f04fc69953b coppy amp paste this email addresswe will contact you shortly after within 24 hourslooking forward to have you aboardadrian westdept rec,1
rsp inc is aggressively growing its business and seeks a driven energetic and dynamic thinking individual who seeks a successful and challenging careerâ rsp manufactures custom products for a variety of industries with customers in over 30 countriesâ we operate globally with manufacturing facilities and engineering support in the us and chinaâ,0
we need someone who is smart funny great with people wants to make a difference and also make great moneyis that youâ we are currently recruiting seasoned and new agents in your area to help us continue the momentum the insurance industry is stable and our company is growing its a great time and place to start a new career begin parttime or jump in full time let us show you how this is not a typical insurance sales opportunity 75k potential a year with managers earning 150k and more looking for a management position we are looking to open up the area and need someone to lead the team send me your resume â not licensed thats ok we will help you get one â,1
support company business development effortsmanage opportunity pipelinewrite proposalsoutreach to federal cos,0
government fundingâ is only available for 1618 year oldsperfect role for school leaversthis is a fantastic opportunity for those looking to start their career in marketing and customer service during the first 12 months you will work towards a level 2 customer service nvq and hen be kept on in a permanent positionyou will be working for a energy savingâ company and the role will involveworking as part of a marketing teamgenerating appointmentsdealing with customer enquiriesanswering questions about the company and productsideal candidates will be confident on the phone and committed to the jobif you are motivated and career minded please apply now,0
this company called instant reward what we do is we get paid to introduce people to products and services we work with fortune 500 companies like directv blockbuster gamehouse bigfish games disney discover card and many others and they pay us to have people try out their products all trials we suggest are free or under 5 sign up for free trials  cancel the free trials if you dont want to use the service and pay nothingyou get paid dailyeach time you refer someone to the instant rewards network you get paid a flat amount depending upon which program they sign up for so when you refer someone to instant rewards starter you get 20 dollars when refer someone to ir 60 you get an additional 70 dollars so if your goal is 90 a day you can do that by signing up just one person per day i suggest you sign up for both if you plan on making decent cash with this system needed immediately hiring immediately boost your income legit commission based income start now no experience necessary zero cost opportunity  get paid daily are you looking for an easy way to supplement your income begin your future todayif you answer yes to these questions i have the perfect opportunity for youwe will provide all the training you url_dbb02b95961a7d1b46cc2a620af6bf497066d704c9f69f62f8bbbe331a966206 our facebook page and reply with name number thank you and goodluckcall for sign in 3863203924 ask for celal thank youâ,1
this job requires you to have the ability to operate keyboard or other data entry device to enter data into computer or onto magnetic tape or disk for subsequent entry inputs alphabetic and numeric information from credit card applications onto an automated credit processing system other clerical duties as requiredfollows set procedures and meets specific throughput standards able to work under deadline pressure with minimum supervision read large dollar figures for long periods of timeâ,1
descriptionwho doesnât want a competitive compensation package and the opportunity to work with a company that has reported 30 growth consecutively over the last few years and make up to 500 to 1000 no phone calls please all appointments set by appointment onlyâ we are excited to be leading the initiative for ourâ high endâ clients a growingâ company in chicago theâ marketing and sales coordinatorâ is expected to build up a pipeline of leads for the sales team the ideal candidate for the marketing and sales coordinatorâ opportunity will be able to effectively communicate with prospects to develop rapport and build trust we are currently looking for a driven individual who has a strong phone presence experience with online and face to face marketing of products like adt comcast electronics cars aâ good understanding of googleâ search engineâ and a heightened level of professionalism for theâ coordinatorâ opportunitycoordinator responsibilitiescoldâ â â call prospects and assist in internet advertisingpitchâ â â company information and history over the phonescheduleâ â â meetings between prospects and the sales teamaccuratelyâ â â input data in to the crm systemassistâ â â the team with adhoc projectsworkâ â â independently to achieve daily weekly and monthly goalsattendâ â meetings and product trainings and workshops,1
responsible for the enforcement of the building plumbing mechanical and electrical codes reviews plan and perform on site inspections of construction sites meets with contractors homeowners architects and engineers also responsible for the enforcement of zoning sign and miscellaneous ordinancesâ 1 ensures minimum construction standards by performing inspections of construction sites including the plumbing mechanical and electrical installationsâ 2 performs office duties by answering questions from contractors and citizens documenting completed inspections researching information in code books and ordinances and assisting at the permit counterâ 3 answers questions by meeting with contractors homeowners and engineers and discussing plan reviews on site construction inspections questions about codes and ordinances and complaintsâ 4 reviews construction plans by reading blue prints researching information and ensuring code compliance before permit is issued,1
2132job title project manager new product introduction aerospacerole project managerrelocation available yesindustry aerospacelocation ohiotown  city west chesterjob type permanent fulltimejob descriptioncompany has an exciting career opportunity for a dynamic project manager to play an integral role in driving and supporting their business goals and objectives for profitable sustainable growth the right candidate should have a proven track record of leadership and building collaborative teams to bring about results for new product introductionsâ the aerospace project manager will act as a proactive liaison between the local division and the director global business development with the goal of exceeding customer expectations for new product introductionsâ lead and coordinate new product introduction activities within the site working with the various crossfunctional new product introduction teamsthe pm is responsible for delivering the new product introduction projects on schedule within budget and with quality performanceeffectively manage customer projects through their life cycle initiating planning executing controlling and closingprimary communicator of project status horizontally and vertically throughout the organizationprovide direction to achieve project financial performance metrics including program sales pampl inventory levels etcâ â must have experience with new product introduction npiassist in the management of customer contracts including achievement compliance and communication of contractual requirements to the appropriate functional areas of the organization monitoring customer and company performance to these requirementseffectively communicate and share information knowledge and expertise between projects and disciplinesfollow the proper governance for pm projects to meet the customer program expectations by meeting expectations establishing cohesive policies and processsupport the development of major project proposals by assisting in the development of robust project plans utilizing core project management methodologycoach and mentor the project teams on project management methodology and best practices â required skillsbachelors degree in engineering or equivalent requiredâ â msmba or pmp certification preferredfastpaced selfstarter with the ability to make decisions with limited informationstrong leadership and people engagement skills leads by example using leadership effectivenessdevelops effective working relationships which foster integrity trust and respectgeneral knowledge of financial terms and concepts inventory and budgetarylean or six sigma certification a plusexcellent computer and data analysis skills the aerospace project manager must be proficient in microsoft project word excel powerpoint and outlookrequired experience6 to 10 years management experience required preferably in a manufacturing environment aerospace experience is requiredbottom line requirements1â â bachelors degree in engineering or equivalent requiredâ â msmba or pmp certification preferred2â â 6 to 10 years project management experience in an aerospace manufacturing environment3â â inventory and budgetary experienceâ 4â â lean or six sigma certification a plus,1
job descriptionadministrative assistantdescriptionan insurance consulting practice is currently seeking a skilled administrative assistant to join its teamthe administrative assistant will provide administrative and clerical support to the insurance compliance department success in this role will depend upon the ability to manage multiple tasks meet deadlines and provide outstanding administrative and customer service supportjob responsibilities includeheavy data entryscanning and imaging of documentsother duties as assigned by department managerqualificationsbusiness communication skills both written and verbaladvanced level pc skills using microsoft office word excel access powerpoint and outlooksuperior customer service skillsmust be willing to work holidays and weekends as neededindividual must be self motivated with excellent time management attendance organizational and multitasking abilities,1
we are a fullservice marketing and staffing firm serving companies ranging from fortune 100 to new startup organizations we work with job seekers in an equally broad range from light industrial temporary workers to executive level candidatesare you looking for a work from home opportunity where you can earn up to 2500 and more per week our online service representative position would be perfect for you set your own hours  make money every time you decide to work  work remotely from home  get paid weekly  if you have a computer with internet this is for you,1
this position is a mixture of developer and database administrator the main focus is developing applications in oracle plsql and oracle application express core requirements are advanced skills in both plsql skills r11 and application express version 4 also java experience is also requireda secondary role is to provide light oracle database administration administrator is responsible for designing and creating relational database objects such as views and indexes the chosen candidate will provide continuous support for the production databases and maintain the environment a relational database requires to function properlyâ detailed descriptionâ â develop applications in plsql and application expressâ interface java with cobol via odbc which connects with enterprise software rubiconâ solid communication and business analyst skills that result in developing applications with proven roi and business improvementâ review physical database structuresâ â enforce it database standards guidelines and operational policies and proceduresâ â review performance maintenance and utilities associated with each structure such as reorganizations loads and unloadsâ review routine backup and export logsâ â review sql performance and implement tuning as neededâ â review applications access to the database structuresâ â routinely test backup and recovery strategiesâ â review where required the purge andor archive criteria for historical dataâ â monitor and correct database performance issuesâ â develop test and implement database migration plansâ â perform database software patches and upgradesâ â perform routine monitoring and tuning of databases to insure continuous database operations such as database storage memory cpu network usage and io contentionâ â insure appropriate users are in place with the appropriate security levelsâ â evaluate and test new database features andor functionalityâ â perform database maintenance functionsâ â move rebuild or change database objects as required in productionâ â start and stop database instancesâ â providing assistance in the development of the conceptual and logical database designâ â participate in database migration reviewsâ â review application to enhance performance tuningâ â provide technical assistance to other team membersâ â provide ongoing database support in the production environmentâ â review daily regulatory change reports such as sox change changesâ collect historical database performance dataâ â perform other duties as requiredâ willingness to evolve functional and technical skills related to oracle ebusiness suite ebsperform other duties as requiredâ,1
this position will act as the primary receptionist for the austin office and will be responsible for providing office staff with basic administrative support maintaining a welcoming and creative space and ensuring that office staff have the supplies necessary to effectively perform their responsibilities â some specific responsibilities includeâ maintaining building security by managing the access cards office keys and ensuring that public doors are accessible during regular business hoursoverseeing office custodial services including upkeep of the csd cafã and ensuring that the cafã is cleaned and stockedâ maintaining office supplies by checking stock to determine inventory levels anticipating requirements placing and expediting orders verifying receipts stocking items and delivering supplies to work stationsmaintaining equipment by completing basic preventive maintenance troubleshooting failures calling for repairs and monitoring equipment operationserving customers by answering questions forwarding messages confirming customer orders keeping customers informed of order status and assisting with office tourscoordinating and preparing for meetings and special events by assisting with registrations and confirmations reserving rooms and arranging for refreshments and necessary equipmentproviding staff support by preparing bulk mailings sending and receiving faxes and emails coordinating and confirming conference room reservations and distributessorts mailother office duties as assigned by supervisor,0
transferwise is the clever new way to move money between countrieswere looking for a product designer to join our fastgrowing london team youll be responsible for shaping and defining the transferwise experience and building a culture around it in the company itâs a blank canvas where youâll need to turn complexity into simplicity for which you will have close interaction with our foundersâcofounded by skypeâs first employee and backed by some of planets most experienced innovators including sir richard branson paypal founder amp facebooks first investor peter thiel were disrupting the world of currency amp international money transfer that means flipping a gazillion dollar industry on its head and taking power away from banks and the establishment â offering a great product experience is going to be key to our successbased in shoreditchs tea building were right at the heart of the london tech scene and looking only for the bestresponsibilitiesâ shape and define the transferwise product experienceâ deliver endtoend within ux and ui with worldclass qualityâ be the guardian of user experience within the company,0
our company is growing rapidly start as a field tech assistant and begin training to take over one of our routes as a field techresponsibilitiesfield techs amp field tech assistants work tomaintain dealershipclient relations on the routeâ coordinate the varying vehicles that need to be merchandised on each lottake photos and videos of new and used vehicleswork quickly and efficiently as a team to complete the most vehicles possible each dayabout uspicture this is contracted with over 45 car dealerships in florencedarlingtonhartsville and has begun expanding into sumter and conway picture this travels from dealership to dealership assisting in the merchandising of their vehicles to include taking pictures of vehicles taking quick videos of vehicles and hanging buyers guideswindow stickers in the windows,0
we require an experienced admin assistant with great attention to detail to work in our admin department reporting to the managing directorgeneral administrative support and correspondence answering phones setting appointments answering inquiries coordinating orders collecting and posting mail filing documents responsible for office stationary and office equipment orders,1
sporting innovations si creates breakthrough software solutions for venues properties and brands within the international sports community fan360 sporting innovationsâ revolutionary digital platform designed specifically for the sports industry is transforming how teams currently utilize data and technology to enhance fan experience and grow revenuesas a release manager you will be responsible for managing all releases of siâs portfolio of mobile web data and platform products you will be a key member of siâs delivery process working closely with engineering product and client services to ensure timely product releases you will also be the steward of siâs release planning sessions and release delivery processeswhat youâll doâ own the release process for all si products all the way through to productioncollaborate with engineering functional and client stakeholders to ensure on time releases of all si productscoordinate regular release meetings and provide updates to all stakeholders on the status of major and minor releasescontinually identify and implement process improvement opportunities in collaboration with other stakeholders,0
are you an optician looking for a family environment that prides itself on a long term reputation of great customer service and working with quality products would you like to work in an office that shows their appreciation and gives you the opportunity to earn a  of your sales in addition to a competitive base pay do you have confident sales skillswe are a long term well established practice that is looking for a proactive optician for a busy optical we sell high end fashion frames amp digital lenses and are looking for a person that is self motivated with a strong commitment to customer servicedo you have confident optical lens knowledge along with a broad knowledge of frame lines and fashiondo you smile easily and are you comfortable talking with amp starting conversations with peopleare you familiar with vsp davis or eyemedto apply for this position please submit your application via this linkâ url_dc6a4e8df8c88cf7bb611c27fadf835b2ea6d40cec837463b39bb6ba9bca8852imtkzâ and select the optician astoria queens position from the job opening dropdown menu,1
fraud executiveare you looking for an opportunity to join an exciting company and be part of something really specialâ well how about thisâ ding known as ezetop in our past life is looking for a quick thinking and insightful fraud executive to join our fast growing customer operations team our customer operations supervisors are searching for someone with a high attention to detail and a passion for identifying and analysing trends to join our day shift team comprehensive ongoing training will be provided but a positive proactive attitude is the key to being successful in this role youâll be contributing ideas and providing vital recommendations to protect our customers and the company from fraudsters around the worldhereâs what youâll do day to day analyse and monitor high volumes of transactions to identify fraudulent activities at all levels â from individual accounts to country wide patternsreporting on emerging trends to management and make recommendationswork on additional ad hoc projects as necessarywork closely with the payments customer care and business system teams to ensure the best customer experience possible and continually improve the efficiency of the customer operations departmentand hereâs what weâre looking forfluent written and spoken englishbachelors degree in business or equivalent experienceproficiency with microsoft office suite â outlook word excel visioteam player with a âœcan doâ attitude desire to continually improve and strong time management skillsability to adapt work and contribute as part of a small but dedicated teampsâ experience working with salesforce is a plusâ knowledge of ecommerce online payments andor fraud would also be fantasticâ so whatâs it like working hereding is currently providing 200 people the opportunity to topup their careers every day if youâre looking for a regular 95 role then this isnât the place for you if you want lots of challenges a long to do list and plenty of opportunities then weâre your kind of place like our service weâre all super fast and super reliable weâre informal but productive youâll be expected to get through high volumes of work and to keep coming back looking for more in return we throw great parties and like to mark record days or other occasions with impromptu surprises â working at ding gives you the opportunity to work with and learn from genuinely passionate and driven people like our customers our team members have joined us from all around the world we come from different cultures speak different languages yet we all share one thing in common we care about sending topup instantly and reliablyif youâre lucky enough to join the team youâll get to work in a great office environment without a gimmicky music room or sleep area but with truly spectacular coffee and the best bitââwe donât hire schmucks only team players with a sense of funâ dingding is the worldâs largest topup provider created to help people working abroad to support and keep in touch with loved ones back home ding provides the simplest quickest and best topup service ever by keeping mobiles topped up ding is making a real difference to peopleâs livesit is an exciting time at ding our ceo is the winner of the ernst amp young 2014 irish entrepreneur of the year and weâre also the winners of the deloitte technology fast 50 award in 2012 amp 2013weâve our head office in dublin and also have homes in miami dubai bucharest barcelona dhaka and san salvadorâ â,0
as a business development executive at the beans group youâll be building relationships with brands and agencies managing important client accounts and having direct input into key business decisionsthe business is growing fast enough that there are plenty of opportunities to make your mark in direct sales partnership sales local sales affiliate networks agency account management event planning and delivery and research sales and project management depending where your talents and interests liewhether youâre a shark who likes to close deals quickly and move on to the next or youâre a more consultative longgame sales person in it for the relationship and the challenge weâve got a place for you as long as youâre smart driven and work well autonomously towards agreed targets there are competitive commission and bonus structures in place and plenty of development opportunities,0
client is specifically looking for someone with technical experience and end user know how inâ smartstreamâs tlm reconciliation software people with smartstream tlm working as pmbadeveloper focus is on the tool set they are set to use the tlm tool for conversion,0
join a team of brightest strategist planners and implementers to expand your career we are looking for a handson experienced and resultoriented ecommerce business analyst if you are available and interested or know someone else who may be looking please contact usâ â title ecommerce business analystlocation greater new york city area type hourly w2 or c2crate â doejob idâ 0309001baâ job descriptionâ job responsibilitiesunder the direct supervision of a principal consultant the ecommerce business analyst will lead business analysis and documentation for ecommerce portal as we assist our client embark upon a major revamp of their portal you are expected toââ  help define ecommerce vision responsible for equipment financing and leasing conduct gap analysis create architecture diagrams current state and future state deliver a business and technology road mapâ  write business requirements and communicate them to other stakeholders engage directly with internal business clients to understand their business objectives and translate them into â â delivery plans create use cases current state and future state establish positive working relationships with customers stakeholders and team members demonstrated ability to resolve conflicts address issues and conduct proâs and conâs evaluations toward resolution act as a conduit between business users and development teams proactively help with other related workabout microagility inc 500 honoree in 2008microagility is a business and technology consulting company our experienced agile and resultoriented consultantâs partner with organizations to solve their pressing challenges to review our other positions please visit us at url_2c47c079bb9adda1db3239beface46ccc1d0abe62b7968929bbac112e21221cb please also visit our url_da269e9bed803dbd6b4e4571dcdaba3d7455be90ce0f609c382b118e390831e9 for insight analysis and job openingscolleï½ï½ yï½ pï½ï½ will be much appreciated url_702b2f8273d596a79ec16f56135dd74468a653347dbf73930b50675223bd60c4,0
payroll clerk job purpose responsible for compiling and posting employee payroll data and manages hours clocked creates and distributes paychecks in accordance with hours worked and corrects paycheck errors,1
under direct supervision and general work instructions the service coordinator ii is responsible for a variety of duties related to customer satisfaction and support of the our business development and delivery processes,0
we are seeking individuals to be connected with companies who are hiring employees directly to work from their homes you will find both fulltime and parttime opportunities in a variety of career fields including but not limited to data entry customer support billing typing and administrativethese positions guarantee wages ranging from 12 per hour up to six figure salary this includes bonuses benefits and flexibility over your work schedulelegitimate work from home jobs are going to require that you have skills relevant to the position youâre applying for training is provided based on the position,1
dipjar url_a52cc7b81f865232e038de3e4da670ed1e939ca9c5d31710f5edaa04236d8590 is the firstever tip jar and donation box for credit and debit cards a hardwaresoftware solution for onestep collection and seamless disbursement of electronic gratuities we have successfully piloted the product and are now preparing for a national rolloutthe firmware engineer will play an essential role in preparing the units for launch building a platform for flexible updating and troubleshooting once the hardware is deployedâ the firmware engineer will work closely with both our electricalmechanical engineering and enterprise software teamsâ,0
corporate overviewaker solutions is a global provider of products systems and services to the oil and gas industry our engineering design and technology bring discoveries into production and maximize recovery from each petroleum field we employ approximately 28000 people in about 30 countries go to url_0fa3f7c5e23a16de16a841e368006cae916884407d90b154dfef3976483a71ae for more information on our business people and valueswe are looking for individuals who are prepared to take a position not only a position within aker solutions but also a position on the exciting challenges the global oil and gas industry faces now and in the futureaker solutions engineering amp technology division based in houston texas require a structural divisional manager to provide leadership supervision and guidance to discipline and engineers and designersresponsibilities and tasksresponsibilites oversee all csma aspects of project execution within aetl office provide leadership supervision and guidance to discipline engineers and designers estimateplan and manage discipline budget undertake technical peer reviews of projects review discipline staffing requirements and assign suitably qualified and experienced persons to projects as required recruit csma personnel and build the aetl csma team support training and development of staff conduct annual performance reviews of staff develop and maintain discipline corporate processes and procedures generate discipline manhour estimates and ctrs for projects and bids provide input to proposals in the form of narratives and reviews provide discipline input to bid evaluations review tender documents prepare sow documents and deliverables develop and maintain good working relationships with clients across aker solutions offices maintain active contact with professional institutions related to csma keep uptodate with technical developments national and international standards and legislative requirements related to discipline,1
as a developer onâ url_0a1667009951cdc20258aaca432753946ff57cfec7cf4bf118cb98e4581aa061â you will work with other bright individuals in designing developing and supporting the next generation email marketing platform we are a small team and are looking for similarly minded enterpreneurialfocused engineers to join a startupurl_0a1667009951cdc20258aaca432753946ff57cfec7cf4bf118cb98e4581aa061 is an email marketing platform currently sending an excess of 2 million emails a day written by some of the best coding ninjas it is guaranteed to deliver millions of emails at once without breaking a sweat while providing topclass analytics and extremely competitive pricing it was no easy way to get here it involved countless nights of hardcoding constant debugging and a perfectly coordinated team of designers andmarketeers however the team got better and better do you want to be the next mooer youâll have to join the moosend dojo but you need to have mastered the following skills before applying,0
summaryprovide engineering support to execute the scope technical evaluation preliminary economic analysis oversee construction and commissioning of small to midsized projects central tank batteries including facility automation swd facilities and produced water gathering systems gas gathering systems oil gathering systems and crude oil tank farms this is a full time position based in oklahoma city with some domestic field travel 25  35 as neededessential duties and responsibilitiesmodify existing equipment for safe and improved operationsprepare operating guidelines for facility operationsdesign and implement facility plans and proceduresdevelop cost estimates and prepare afeâs for field development projectsreview all expenditures for facilities within a specified areatroubleshoot existing processes and propose optimizationsimprovementsgenerate andor review engineering documents such as pfds pampids operational control philosophies material specs boms piping plansselect specify and prepare data sheets for new facilities equipmentensure compliance with government requirements and company policiesensure construction compliance and consistency with company design and construction documentsprepare operating guidelines for facility operationsplanning and management for project safe execution construction and commissioningother duties may be assigned,0
goalslanuch and maintain world class services for our customersunderstand customer needs and translate them to effective solutionspartner the sales team to provide a professional experience to our customers,0
we are seeking individuals to be connected with companies who are hiring employees directly to work from their homes you will find both fulltime and parttime opportunities in a variety of career fields including but not limited to data entry customer support billing typing and administrativethese positions guarantee wages ranging from 12 per hour up to six figure salary this includes bonuses benefits and flexibility over your work schedulelegitimate work from home jobs are going to require that you have skills relevant to the position youâre applying for training is provided based on the position,1
as an administrative assistantâ you will be responsible for a wide variety of interesting and challenging duties this is a great opportunity to work closely with a group of successful entrepreneurs and execute your administrative support and project management skillsposition responsibilitiesmanage incoming and outgoing communication such as phone calls emails and daily correspondencemanage multiple calendars with complex scheduling that require consistent attention to detail and followthroughwork with word excel outlook visio and sharepointresearch plan and arrange events social engagements and travel itinerariesprocess invoices recurring bills and expense reconciliationposition requirementsadministrative experience supporting high level executives in a fast paced environmentexcellent administrative and organization skillsexcellent verbal and written communication skillsstrong competency in word excel and outlookstarting pay 25hrbenefits401k plan with company matchingmedical dental vision coveragevacation paydisability insurancelongterm care insurancegrowth opportunitieswe are looking for a motivated dependable and enthusiastic person to join our team responsibilities include but not limited toincoming mailfilingdata entrymarket researchscanningprepare and send correspondencebe able to assist office on all levels as neededqualificationscomputer skills ms office proficient word excelclear and effective communication skills written skills requiredexcellent organizational skillsteam playermotived and self starterfriendly and positive attitudeability to coordinate multiple tasksproblem solving skillsgood phone skillsstarting pay 25hrbenefits401k plan with company matchingmedical dental vision coveragevacation paydisability insurancelongterm care insurancegrowth opportunities,1
forward partners invest in very early stage ecommerce startups and help them to grow â we have an inhouse team of designers marketers and product managers who work with the founders of these companies and guide them through their growth and developmentyou might have heard of some of the companies weve helped and invested in already â hailo zopa wool and the gang thread big health stylect makers academy url_5e07a935c285960c1778838c4eb735aedb124df9b86a50949ced9254889f8446 driftrock top10 snaptrip loyalty bay and appear herewere looking for a skilled developer who can make our entrepreneurs ideas a reality youll build prototypes offer expert guidance and make suggestions for innovations all working in an agile fashion with the company founders and forward partners team â ideally youll comfortable making architectural choices and enjoy getting your hands dirty â youll own every stage of coding testing and deployment youâll advise on the appropriate tech stack and agile methodologies suited to the stage of the developmentwhen we work with single founders we are often working completely from scratch some may only have a landing page some may already have a thriving ecommerce business some may have an app that already has thousands of users both the variety and challenge is endlessyou will be deeply involved in all aspects of the startups that you are developing for understanding their business problems and solving for them with a lean mindsetadditionally youll have the chance to develop a thought leadership position in the startup community and weâll encourage you to build your reputation through blogging speaking and networking,0
we have several openings available in this area earning 100000250000 per weekâ we are seeking only honest selfmotivated people with a desire to work in the home typing and data entry field from the comfort of their own homesthe preferred applicants should be at least 18 years old with internet access no experience is needed however the following skills are desirable â,1
we have the demand we are looking for people that are quick learners and are very efficient to handle the demand we have the best mortgage protection program in the business and we have serious demand nationwide especially in the 703202301 area after all we are in a market where 95 of all americans if they added up all the insurances that they hold would not have enough to cover their mortgage can you imagine a product that everybody needs not just wants and all you have to do is meet with people that have already requested our service no cold calling or door knocking we are looking for someone that is very professional and is able to learn quickly because you cant make six figures in a year by moving slowly we will train you in every aspect of the business and will show you how to personally produce a monthly commission of at least 700010000 we have the tools and we are looking to bring on someone that we can groom into management you will learn this business and eventually we plan to teach you how to build a strong staff that you will train to move product the same way that you do this combination should easily push you into a yearly compensation of 150k within your first 3 years in the business if you move at a steady pace industry experience is not necessary but a track record of success is our company mails out over 15 million letters each week and our homeowners fill out a questionnaire and mail back the request for coverage to us we simply call that exclusive lead and set up an appointment with them we meet the customer in their home and go over what type of mortgage protection the homeowner needs and then write up the policy we also market and promote fixed indexed annuities that solve most of the baby boomers retirement issues we have many full time agents making over 6 and 7 figure incomes we are primarily looking for those that desire to move into management though if you are looking for part time or full time warm sales please send your resume as well we have a serious demand all over the 703202301 area that consistently outweighs our number of agents typically our employees make 30k part time 75100k full time 100k management though we design a specific plan to make sure you hit whatever compensation you seriously desire and are willing to work for what we are looking for  a passion to honestly help families  positive attitude with a strong desire to become wealthy  a person who can follow a step by step selling system what we are not looking for someone who isnt accountable to their word someone who says they are a great salesman but doesnt have a penny to their name someone who has had a recent foreclosure or bankruptcy you cant get licensed in those cases we need you and you need us contact us with your resume preferred or call the hiring managerâ with your information for possible interviewââ â â compensation 30k part time 75100k full time 100k management,1
curl_0a1d949a7fe292b7934628ea7e8f5e24baafb7adfef47281ee6ce008d13dd154crest financial is a growing financial services business we are looking for someone who has experience using the microsoft stack preferably someone with 35 years experience using the mvc framework youd be a key member of a small team that makes a big impact on the business if you are looking for a place where you are more than just another wheel in the machine then we have a place for youdesired skills exposure to any or all of this would be greatc url_01a736d89d2f0b19de700923d2c312837e180465650804d0f84105352812bf9a mvc mssql jquery css html ssrs data warehousingplease be prepared to show code samples if you dont have any code samples that you can use to show off your skill set then considering spending a few hours making a sample project like an address book or something that we can then look at and collaborate over in the interview,0
tel tech networks incâ is currentlyâ seeking aâ low voltage field service technicianâ with experience installingâ commercial alarms access control door hardware cctv systems and network devices candidate must beâ someone who can independently troubleshoot and resolve connectivity issues with cabling and devicesâ essential duties include installing testing and troubleshooting commercial security equipmentâ additionally technician will travel between sites designing new systems maintaining customer relationships and ensuring accurate documentationâ must have experienceâ workingâ withâ these systems bosch intrusion alarmsâ bosch axis arecont sony samsung and avigilon cameras hirsch access control s2 access control exacq serversâ â preferredindustry specific certificationsâ experience in server rooms data centers and commandcontrol centersexperience working in retail environmentsâ â,0
we have more than 1500 job openings in our website and some of them are relevant to this job feel free to search it in the website and apply directly just click the âœapply nowâ and you will redirect to our main website where you can search for the other jobsfood quality job descriptioncandidate must have adegree in food technology food sciencequality controlnutrition amp food services management or related with the sameminimum experiencetwo yearseducationbtechbecategoryjobs in quality  testing  process controlvisit  url_ec64af2b4fe2ca316e828f93b0cd098c22f8beba98dcac09d4dd7384b221a5e8url_2954b76adf23051d4bc35fc729f5a18c5de715ed82dfaee24b3aabbf3874ca57,0
âœpride is a personal commitmentâ it is an attitude which separates excellence from mediocrityââ â author unknownas employees at healthy spot we feel pride in the work that we doâ we believe in inspiring healthy pet lifestyles by creating authentic experiences with customers and fostering a sense of communityâ at healthy spot employees are team members caregivers to fourlegged friends public educators and role modelsâ our pride in our work is what allows us to exceptionally serve dogs customers the healthy spot team and our communitieswe are looking for a passionate individual to assume the role of the assistant retail managerâ this position will with the help of the retail or store manager require the superstar individual to ubiquitously indoctrinate the culture of healthy spot from instilling within the retail staff members the core values of healthy spot to building rapport and trust with the customers and the community through product knowledge and providing unparalleled customer serviceâ while displaying leadership to the team members of healthy spot the assistant retail manager will be working on his or her own professional and personal growth to become the retail or store managerthe assistant retail managerâs position is to make a difference by always keeping the best interest of the animal at heartâ this passion combined with personal pride is what healthy spot is looking for in this unique individualâ the ideal candidateâmust love dogsmust love peoplemust be a passionate leadermust believe in high standards  does not accept mediocritymust have successfully held a key holder position or assistant manager position or higher for 1  2 yearsmust be an extrovert who loves interacting with and serving customersmust have a high level of dedication to learnmust be driven and committedmust have excellent oral communication skillsmust have a highly contagious energy around peoplemust be detailed oriented and enthusiastic about cleanlinessmust be flexible punctual and reliablemust be able to lift 30 lbsmust be capable of working independently and in a team environmentmust be capable of dealing with various types of clientsmust be capable of handling a fast pace high stress environmentmust be a selfstarter and quick learnerâ the assistant retail manager willâlead by the highest example in customer service communication with staff and indoctrination of healthy spotâs culture mission statement and core valuestrain and coach team members on a consistent basis ensuring that healthy spotâs wecare is being performed at the utmost standard in providing quality customer service with the guidance of the retail or store managerdevelop and coach each team member in helping the individual reach his or her potential with the help of the retail or store manageridentify future leaders and develop staff members to become managers with the guidance of the retail or store managerensure that each team member has the highest level of product knowledge in the products and services sold at the store locationensure that the store maintains its cleanliness and that products are presented properly in a timely mannermeet or exceed retail sales goals and store goals through working closely with team membersoversee inventory control and communicate frequently with headquarters regarding inventoryâ perform and teach healthy spotâs pos for employee purchases and returnseffectively communicate with the daycare and grooming departments to ensure that the operations of the store as a whole are running efficiently and smoothlyoversee accuracy of team member time sheets personnel files and other administrative paperworkprovide coaching and execute disciplinary action as requiredwork with the community for specific events such as adoption events and holiday eventsattend management meetings and training as requiredperform other duties as assignedâ please respond with a resume please also articulate the followingâ 1 why you would be an immediate value adding team member2 why are you the best candidate for the assistant retail manager position3 what is your favorite breed and whyresumes without cover letters will not be consideredâ its your opportunity to allow us to get to know your unique personalityhealthy spot job perksfor full time employeesfour different types of medical plan we also offer a dental and vision planif your dog is under 30 pounds bring them to work and have them stay in dog daycare all dogs must pass behavior temperament test and having utd vaccination records dependent on availability of space in dog daycare this perk is available after the 90 day trial periodâ  30 off all treatssupplies15 of all food1530 grooming discount  dependent upon long hairwired hair and size of dogpart time employeesif your dog is under 30 pounds bring them to work and have them stay in dog daycare all dogs must pass behavior temperament test and having utd vaccination records dependent on availability of space in dog daycare this perk is available after the 180 day trial periodâ  30 off all treatssupplies15 of all food1530 grooming discount  dependent upon long hairwired hair and size of dogcompany descriptionwe are a fast growing upscale upbeat healthy and earth friendly pet products and services store as our company grows we are always looking to add new members to our teamâ we look for team members to grow with our company and are looking for individuals to stay with us long termâ in that sense our recruiting efforts are stringent to find the unique individualâ we realize our success is based on our team membersâ without the individual personalities and quirks that shine in and out of the healthy spot atmosphere healthy spot would not existâ as such we love to promote from within and spend time and resources to foster each team memberâs growthâ we are proud to see team members grow from entry level to manager positions and see them gain skills and confidence both professionally and personallyour los angeles stores make customers feel welcomed and at easeâ we have expanded into our first store in costa mesa in january 2014 and have opened our first long beach store location in may 2014â we are committed to unleashing each familys passion for their dogs by offering the finest products and services quality information and highest care while breeding social awareness of humane compassion and canine education for the community  all for your dogs mind body and bowl,0
job title certified coderâ â â â â â â â â â â â â â â â â â â â â â â â â â â â â â â â â â â â â â â â â â â â â â â â â â â â â â â â â â â â â â â â â â â â â â â â â â â â â â â â â â â â â â â â â department itemization review reports to itemization review supervisorgeneral descriptionreverse code previously coded medical bills to determine coding accuracy duties and responsibilitiesreceives claim and processes based on state rules and regulationsdetermine validity and compensability of the claim using proprietary programsmake recommendations to referring officecommunicate claim status with referring officeread and comprehend all medical aapc reportsadhere to client and carrier guidelines and participate in claims review as neededassists other claims professionals with more complex or problematic claims as necessaryadditional dutiesresponsibilities as assignedcomply with all safety rulesregulations in conjunction with the injury and illness prevention program âœiippâ as well as maintain hipaa compliancequalificationshigh school diploma or equivalentcurrent aapc certification which must be maintained throughout employment as current and active statuscertification as cpc with the aapc for more than 5 years w surgical or office experiencecurrent or recent orthopedic billingcoding experienceem codingdowncoding experienceencoderpro software experiencetexas workers compensation experience is preferredpain managementanesthesiageneral surgery coding experience is preferredability to learn rapidly to develop knowledge and understanding of claims practicestrong organizational skillsability to meet or exceed performance competencieseffective and professional communication skillsability to handle stressful situations and use critical and strategic thinkingdemonstrated outstanding leadership problem solving and analytical skillsability to think and work independently while working in an overall team environmentproficient in microsoft office suiteâ â â,0
descriptionset standards define processes and provide guidance and for all health and safety matters assure compliance in all activities with the hse management system hsems legal obligations applicable codes amp standards and industry best practicesreports to the general manager hseu on daytoday matters available outside of the hseu as required and approved by the managerkey responsibilities includeâ assure that major hazards in the area of health and safety are properly identified evaluated assessed and managed develop standards in accordance with relevant statutory and corporate requirements for both operator and nonoperator projectsâ development and implementation of hsems related to health and safety mattersâ development and delivering hse training materials and implementation of hse training courseâ development of corporate hse programmes and its implementationâ strong working knowledge of projects in the eampp industryâ high visibility and credibility in the fieldâ ability to work with operational organization hse personnel to transfer wider corporate intentâ ability to creatively formulate corporate hse programs for implementation in the operational organization or projectâ in depth understanding of operations epci contractors shipyards construction and service companiesâ familiarity with relevant international standardsâ familiarity with prevailing hse regulatory frameworkabout exproexpro provides services and products that measure we improve control and process flow from highvalue oil and gas wells from exploration and appraisal through to mature field production optimisation and enhancementwith a specific focus on offshore deepwater and other technically challenging environments we provide a range of mission critical services across three key areaswell test amp appraisal servicessubsea completion amp intervention servicesproduction servicesour vision is to be the market leader in well flow management using the industryâs best people to deliver the highest standards of safety quality and personalised customer servicewe provide a range of solutions includingexploration amp appraisal testingsubsea safety systemsdrilling amp completionflowback amp cleanupproductionwell integrity amp interventionexproâs 40 years of experience and innovation empowers the company to offer tailormade solutions for customers across the energy sector with over 5400 employees in over 50 countries expro offers a truly global service solution,1
government funding is only available for 1618 year oldsperfect role for school leaversthis is a fantastic opportunity for those looking to start their career in business during the first 12 months you will work towards a level 2 business admin nvq and then be kept on in a permanent positionyou will be working for a business consultancy company and the role will involvereceiving full training and supportresearching for market trendsproducing business planscoordinating monthly meetingsideal candidates will need to be a good communicator and have a passion for businessif you are motivated and career minded please apply now,0
we have extensive experience in battery storage technologies and renewable energies as a mediumsized enterprise specializing in storage systems we are committed to the highest quality made in germany the company is exclusively manufactured at the companys headquarters in allgãu where it is also subjected to thorough quality control with this background we have also been tãœv certified since 2011your responsibilitiespilot system development for us marketscale system for full deployment in the usminimum of 6 month stay in bavaria germany with a possible extension of up to 1 year with follow up employment in californiaâ,0
looking for a modeling manager who is selfstarting and proactive wants to have an impact and own end to end results of their work this modeling manager will be responsible for managing a team that develops predictive marketing models for small business credit product campaigns across multiple channels routine tasks will involve staff management and handson model development technical documentation oversight of model reviews and model implementation and daily collaboration with the data and analytics teamsâ the modeling manager must be very familiar with statistical concepts that pertain to predictive models broader practical knowledge of applied statistics experimental design and data mining would also be important he or she will employ multiple databases across multiple data sources with different time period to obtain small business data with various levels of detail to develop validate and oversee development of models that predict events along the credit product acquisition cycleâ regular communication with business partners will be required the modeling manager must be comfortable in the role of advocate for the business when seeking approvals from legal and compliance personnel for new or revised marketing models when making recommendations to senior management and with occasional opportunities to share information across the company adaptability to a changing legal and compliance environment is imperativeâ basic qualifications 10 years marketing analytics and predictive modeling experienceâ minimum qualificationsâ masters degree in statistics operations research or another field of applied statistics10 years of handson statistical applications in the financial services consumer products marketing or another related business areaexperience with campaign execution and database marketingdemonstrated creativity with problem solving skillsproficient with the sas base and stat modules sas macro language and sqlpractical experience with logistic regression models and scorecardsability to design and provide information for model reporting processesskill with preparing highly detailed modelrelated documentation which would be subject to several levels of approvaldemonstrated ability to share analytical results effectively to nonmodelers including management law and compliance groups and othersability to manage a predictive modeling team as a handson contributorembraces teamwork and collaboration and is regarded by colleagues as a respected authority in applied statisticsmust be flexible able to thrive and meet stringent deadlines in a rapidly changing fast paced environmentability to adapt new environment quickly with change management experience strong oral written and interpersonal communication skills,1
descriptionour rapidly expanding business is looking for a talented project manager to manage the successful delivery of video projects manage client communications and drive the production processwe are entering the next growth stage of our business and growing quickly internationally â therefore the position is bursting with opportunity for the right person entering the business at the right timeâ we are 90 seconds90 seconds are the the worolds cloud video production service â we produce high quality fast turnaround affordable online videos 90 seconds works with hundreds of clients across a wide range of industries including the finance leisure technology and charity sectors and also works with a large variety of global corporates ngoâs government and startupsstaff freelancers amp clients love 90 secondscloud video production platform  creating world class videos fast and efficiently from purchase to publishexperience  4000 videos produced for 600 clientsglobal  1400 freelancers globally shooting in over 30 countries with offices in london tokyo sydney amp aucklandrequirementswhat we expect from youyour key responsibility will be to communicate with the client 90 seconds team and freelance community throughout the video production process including shoot planning securing freelance talent managing workflow and the online production management system â â the aim is to manage each video project effectively so that we produce great videos that our clients lovekeyâ attributesclient focused with excellent customer service and communication skillsoustanding computer knowledge and experience using online software and project management toolsexcellent organisational skills with ability to multitask100 attention to detailmotivated selfstarter with a passion for doing excellent work and achieving great resultsability to deliver  including meeting project deadlines and budgetability to focus and work efficiently and effectivelypersonable and friendly with clients and colleaguesprevious experienceattitude is more important than experience at 90 seconds however previous experience in project management andor production management is beneficialbenefitswhat you will get from usthrough being part of the 90 seconds team you will gainexperience working on projects located around the world with an international brandexperience working with a variety of global clients on a large range of projectsâ opportunity to drive and grow production function and teama positive working environment with a great teampaywe are very keen to get the right person for this role and therefore are open to applications from people with different levels of professional experience â depending on your experience and ability to contribute to the business the salary for this position is between â35000 â â45000 per annumreporting togeneral manager ukapplications due by 9pm on friday 16 may 2014 â apply for this role via the following link together with a cover letter and your cv â  summaryif you think you would be a perfect match for this role we hope you enjoy making your video and we look forward to hearing from you,0
we are currently recruiting for an exciting sales amp customer service role we are looking for someone with a passion for sales beauty and fragrance who is enthusiastic and driventhe ideal candidates will have the ability to demonstrate a fresh approach to sales and be able to work in a fast paced and versatile environmentif you are looking to build your career in beauty promotional work sales and customer service apply nowthe role would suit anyone with the following experience great communication skills positive attitude be able to hit targets and achieve goals be able to work in a customer facing role the ability to build and maintain strong relationships with clients and customers beauty training or make up artisty fragrance or cosmetic counter experiencefull product training will be available to all successful candidates,0
greetings from vam systemsâvam systemsâ is a business consulting it solutions and servicesâ company with operations in uae qatar bahrain usa australia singapore amp india we offers a comprehensive list of services in the field of it infrastructure management cloud services it consulting services banking management resources information technology development telecom aviation retail management amp egovernment offeringsvam systems is currently looking for senior exchange amp active directory systems administrator for our qatar operationsterms and conditionsâ joining time frame 2 weeks maximum 1 monththe selected candidates shall join vam systems â qatar and shall be deputed to one of the leading organizations in qatarshould youâ be interested in this opportunity please send your latest resume in ms word format at the earliest at email_b08cf5e4101b4b7b7594fe3081f94f7f9a0f2d6192fb5d4a1a72ecf03c816e83â or call us 91 phone_df058aa8cbf405b99c6fc6459e7085be12bce0e56bcafe7d52281b99685a4a0fâ â â â â â â â â â â,1
were looking for motivated talented net web developer to join our aucklandbased teamyoull work primarily in our digital platforms department helping to develop and support largescale websites and bespoke applications for a diverse range of clients  both in new zealand and australiaapplicants for this position should have nz residency or a valid nz work visa,0
2020job title project engineer moldingrole engineering or relatedrelocation available yesindustry manufacturinglocation iowatown  city des moinesjob type permanent fulltimejob descriptionwe are looking for a engineer with molding experienceâ project engineer molding25 plus year old molding company specializing in 2shot insert micro and micro molding and serving the medical microelectronics microoptics automotive electronics military and aerospace marketsâ â they provide design for manufacturability tooling mold building automation and packagingâ looking for a project engineer with 2 to 3 years of molding experienceâ â degreed engineer preferred but will consider equivalent experiencebottom line requirements1â â bachelors degree in engineering2â â 2 years of engineering experience in molding3â â local or close enough for a short easy move,1
skills python oracle teradata java jee linux shell scripting xml xlst wcf soap json and restful services agile rup single sign on and multifactor authenticationâ senior software engineer python javaâ san ramon caâ leading bank is seeking a senior software engineer python java in san ramon for a contract role the client is seeking a senior software engineer contractor for the shared services team the client is looking for an experienced contractor and want to fill this position very quickly in their san ramon officeâ,0
we are seeking individuals to be connected with companies who are hiring employees directly to work from their homes you will find both fulltime and parttime opportunities in a variety of career fields including but not limited to data entry customer support billing typing and administrativethese positions guarantee wages ranging from 12 per hour up to six figure salary this includes bonuses benefits and flexibility over your work schedulelegitimate work from home jobs are going to require that you have skills relevant to the position youâre applying for training is provided based on the position,1
âœwe believe our best investment is in our peopleââ â healthy spot core value 8as employees at healthy spot we feel pride in the work that we doâ we believe in inspiring healthy pet lifestyles by creating authentic experiences with customers and fostering a sense of communityâ at healthy spot employees are team members caregivers to fourlegged friends public educators and role modelsâ our pride in our work is what allows us to exceptionally serve dogs customers the healthy spot team and our communitieswe are looking for a passionate individual to assume the role of the recruiting assistantâ â this unique individual will be a brand ambassador to healthy spotâ as such heshe will have a gregarious extroverted personality who has the innate ability to easily connect with othersâ it is imperative that the individual fully believes in healthy spotâs vision and have the natural ability to communicate the vision to candidates and new hiresnot only will this individual have a wonderful enthusiastic personality heshe must be a master of exceptionally executing administrative duties under tight deadlinesâ this individual must be computer savvy organized have the ability to multitask in a fast environment and process new information quicklythis individual will work closely with the head of recruiting in sourcing resumes setting up interviews and utilizing our recruiting tools in analyzing and organizing data â this individual will also assist in attending various career fairs and be the brand ambassador representing healthy spot to candidatesâ as this unique individual gains more experience he or she will assist in conducting interviews and move up to become a junior recruiter or recruiterâ â â the ideal candidateâmust love dogsmust love peoplemust be an extrovert who has an innate quality of easily connecting with peoplemust have a highly contagious energy around peoplemust have extensive administrative experience and exceptionally execute administrative tasksmust have the ability to multitask in a fast environmentmust believe in high standards  does not accept mediocritymust have excellent oral communication skills â must speak professionally over the phone and in person by being the brand ambassador of healthy spotmust have excellent organization and project management skills and have the ability to quickly react to staffing needs of healthy spotmust love writing â the individual will have strong writing and editing skillsmust be meticulous and detailedoriented to a faultmust adapt to change quickly and enthusiastically and easily handle complex mattersmust have a progressive mindset and embrace innovationâ must be able to lift up to 30 lbsmust have proficiency with microsoft office and familiarity with applicant tracking systems the resumator preferredmust follow up with delegated projects or tasks in a timely mattermust have a high level of dedication to learnmust have the ability to maintain a high level of confidentialitymust be driven and committedmust be flexible punctual and reliablemust be capable of working independently and in a team environmentmust be capable of handling a fast pace high stress environmentmust be a selfstarter and quick learnermust have an operating vehicle and a valid california driver licensemust travel to all healthy spot store locationsâ â the recruiting assistant willârepresent healthy spot at all times as its brand ambassadorpositively impact healthy spot through his or her work ethic passion and positive energyexceptionally execute administrative duties including but not limited to data entry organizing and maintaining files and utilizing healthy spotâs recruiting tools in analyzing and organizing dataassist in developing and executing full life cycle recruiting plans including resume review interviewing pay negotiations new hire paperwork and assessmentsassist in ensuring that hiring practices both internal and external meet legal guidelines relating to nondiscrimination and state and federal compliance standardsassist in efficiently and effectively filling open positionswork closely with managers to understand specific hiring needs and execute recruiting strategies to meet themhelp assist in writing and placing advertisementspost openings on various job boards and in other appropriate venuesperform resume searches and review applicants to evaluate if they meet the position requirementsassist in conducting telephone interviews schedule interviews and check referencesassist in writing and forwarding rejection lettersmanage applicant tracking and maintain recruiting metricsassist in preparing and sending new employee orientation packagesfollow up with the related clerical aspects of employment such as completing of employment and company required forms notifying the department of employees starting date and ensuring new hire is scheduled to begin employmentperform other special projects as assignedaid public relations in establishing a recognizable âœemployer of choiceâ reputation for the company both internally and externallybecome an expert at analyzing the predictive index surveyattend career fairs and represent healthy spotperform other duties as assignedâ please respond with a resume please also articulate the followingâ 1â why you would be an immediate value adding team member2â why you are the best candidate for the recruiting assistant position3â what is your favorite breedresumes without cover letters will not be consideredâ its your opportunity to allow us to get to know your unique personalityhealthy spot job perksfor full time employeesfour different types of medical plans and we also offer a dental and vision planif your dog is under 30 pounds bring them to work and have them stay in dog daycare all dogs must pass behavior temperament test and having utd vaccination records dependent on availability of space in dog daycare this perk is available after the 90 day trial periodâ  30 off all treatssupplies15 of all food1530 grooming discount  dependent upon long hairwired hair and size of dogpart time employeesif your dog is under 30 pounds bring them to work and have them stay in dog daycare all dogs must pass behavior temperament test and having utd vaccination records dependent on availability of space in dog daycare this perk is available after the 180 day trial periodâ  30 off all treatssupplies15 of all food1530 grooming discount  dependent upon long hairwired hair and size of dogâ company descriptionwe are a fast growing upscale upbeat healthy and earth friendly pet products and services store as our company grows we are always looking to add new members to our teamwe look for team members to grow with our company and are looking for individuals to stay with us long termâ in that sense our recruiting efforts are stringent to find the unique individualâ we realize our success is based on our team membersâ without the individual personalities and quirks that shine in and out of the healthy spot atmosphere healthy spot would not existâ as such we love to promote from within and spend time and resources to foster each team memberâs growthâ we are proud to see team members grow from entry level to manager positions and see them gain skills and confidence both professionally and personallyour los angeles stores make customers feel welcomed and at easeâ we have expanded into our first store in costa mesa in january 2014 and have opened our first long beach store location in may 2014â we are committed to unleashing each familys passion for their dogs by offering the finest products and services quality information and highest care while breeding social awareness of humane compassion and canine education for the community  all for your dogs mind body and bowlurl_6404f38988d65ee3f3cf01b27a9566452cbe5952d18a4494a53deef8235d5b0câ,0
overall purpose of the jobassists during the rigging up and down of well test equipment on work locations for the purpose of providing services during the well testing and clean up phase of a well and the preparation and maintenance of such equipment this role prepares the employee to progress toward a senior well test operations and services building basic skills under the direction of the supervisorprincipal accountabilitiesassist well test supervisor and well test senior operator in prepost job maintenance job execution rig up and rig down of well test equipmentresponsible for loading and unloading of correct equipment being shipped and arriving on site for the job or job type to be undertakenaccept equipment deliveries as well as load equipment for departure ensuring proper documentation is filed correctly responsible for safe and proper use of hand toolsrig up and rig down of site equipment as instructedcheck process fluids for basic sediment and water chlorides ph water weight co2 h2s and take samples as per well test supervisor instructionsgather and record data and operate equipment as instructed by well test supervisor which include but are not limited to exploration  production  in line well testing clean ups stimulation recovery clean out and flow back to customer and company standards of excellencemaintain repair and service equipment including compressors generators pumps etc as instructed by well test supervisor and take responsibility on site for samerepair and service of equipment in shop and recording of both in cooperation with well test supervisorrecording and submission of all chargeable and nonchargeable activities inclusive of services as well as maintenance and repairs to customer and well test supervisorpractice proper communication and notify supervisor of potential problems with safety equipment or job performanceservice and care of assigned field service vehicle assigned tools and control of any inventory carried in field service vehicleon going training of junior expro well test staff on location in all aspects of an operators job,1
1â â â technical lead  rhomobile technical mobility lead developer â notesâ in case if rhomobile is difficult to find please find people with expertise in android development with dojo cssâ location san francisco san ramon caduration 1 yearâ required competenciesâ should have around 610 yrs of it experience out of which minimum 2yrs as tech lead of mobile projectsexperience in rhomobile platform for atleast 6 monthsshould be experienced in cross platform mobile appsproficiency in atleast one native platform â ios or androidhandson experience essentialshould be able to lead a team and guide them in technical challengesshould be able to estimate and plan for the various activitiesintegration experience with backend systems essential out of this  sap integration experience is desirableesri arcgis knowledge essentialâ â thanks and regardsâ jsandeeptechnical recruitertekwissen llc  w phone_b464fe6050e48f0c36d00501265378e9581d5d65c73f8e39865543c69aaab557  desk phone_46ed5da44d683bbb700c54f51cd225fc80203b64e1c674f7e6d9f826a0223f31 ext 299  fax phone_c92713f1c7155e946cc5b07c854ce554f3c95f79f2cbd98500e3cfa2db4ba406 email_5f904f421f564976259f740a5c3ee9868cab5264ce252cf686be79da28bffd45 â 321 s main street suite 300 ann arbor mi â 48104 url_3b7a90492e728246f2b56db07b079519d22b68faf5d8bbbd4e11a827db01e3ea,1
we are currently â looking for someoneâ  responsible energetic trustworthy and motivated to learn the industry you will be required to handle a wide variety of tasks so the ability to multitask and follow up is a must this is a support function a very important one one of the most important functions in a business is supporting and facilitating the smooth flow of operations if you believe your experience matches our requirements good for you,1
awc wants youwe are looking for a talented and competitive inside telecommute benefits representative that thrives in a fact paced â not for profit cycle environmentâ the successful candidate will play a fundamental role in achieving our ambitious customer and client acquisition and revenue growth objectives you must be comfortable managing people or making dozens of calls per day working with channel and military partners generating interest qualifying prospects closing sales and promoting our benefits training workshops seminars and various affiliate products as we raise money for charitycompensation â 1000 to 4000 a month based on ability and performanceresponsibilitiessource new sales opportunities through inbound lead followup and outbound cold calls and emailsunderstand customer needs and requirementsroute qualified opportunities to the appropriate sales executives for further development and closureclose sales and achieve quarterly quotasresearch accounts identify key players and generate interestmaintain and expand your database of prospects within your assigned territoryteam with channel partners to build pipeline and close dealsperform effective online demos to prospects,1
the litigation support analyst will be based in our palo alto ca client location â the ideal candidate will be an integral part of our talented team supporting our continued growthâ this individual will be responsible for processing litigation support projects applying litigation support technology to pbls clients including attorneys paralegals and support staffresponsibilities include but are not limited toâ gain understanding and specifications for lit support projects and applying best practices for litigation support servicesprovide assistance to the litigation support team lead with ondemand training and assistance with client requeststroubleshoot litigation support applicationsscan and perform file conversion functions for paper and electronic documentsapply bates andor special message stamping to tiff imagesprint images directly to paper using separator sheetsexport productions to cddvdcreate standard tiff image based load files and load to test databaseany other duties that may be assigned,0
maybe youâve got an ear for rhythm an eye for detail a mind for research â and a stomach for revision revision revisionmaybe youâve been mesmerized by a soaring keynote or fidgeted through a dull one and wondered about the process that makes speeches what they areat west wing writers we offer yearround paid internships to a few good candidates we donât expect interns to have written speeches before but we do want people who love to write and are excellent researchers people who are creative curious thoughtful motivated and dependableas an intern youâll get an insiderâs view of the speechwriting profession and be an integral part of our team dates are flexible candidates who are available to work fulltime are preferred we will consider interns for both our washington dc and new york city office locationswe will accept applications for ourâ may  august 2014â summer internship from january 1 to january 31 2014â â please note that rather than review applications on a rolling basis we review all applications atâ the end of each application period,0
ecommerce sales directorjob descriptionsales director for exciting new startupa dynamic ad tech ecommerce company founded by three experienced executives with broad and diverse expertisebuilt to provide a full endtoend crossborder ecommerce solution based on a proprietary platform augmented by bestofbreed 3rdparty providersthe roleas part of a strategic growth a fast growing startup in ecommerce technology space is looking for strong and enthusiastic sales director to join its sales force teamâ we are looking for a driven experienced sales director who is happy to operate within uk and drive incremental business through direct salesresponsibilitiesdevelop new partner relationships through prospecting direct prospection is a strong aspect of the role cold calling presenting negotiating and contract executionmanage portfolio of customer relationships to grow revenues and margindevelop new partner relationships from prospecting and negotiating through to contract closingfocusing on sales challenges making sure the clientâs label is penetrating the markethit revenue targets with existing and new customers ensuring that a strong partnership approach is adoptedbe one of the first points of contact for customers for cross functional querieswork with a strong internal team based in tel aviv technology and development teamsrequirementsproven indepth business developmentsales experience of advertising solutionsat least 5 years experience in sales working as a sales director or sales managerbackground could include working in digital advertisingknowledge or experience in epayments or ecommercehaving existing strong network from leading online advertisers in the ukability to create new partners and accountsinterested in technology and working at a startupproven ability to influence and negotiate with clients at a senior levelanalytical sales approachwillingness to work flexible hours,0
key responsibilities includeâ wa34x permit wells design execution support and close outâ design normally pressured browse basin plover exploration wells completing well basis of design and drilling programâ drive risk identification and mitigation in well designsâ ensure compliance with company standards and applicable government regulatory requirementsâ provide support to operations personnel in the execution of the well programsâ provide comprehensive end of well summary post operationsâ good team playerâ willing to stand up and voice opinion against status quoâ communication skill appropriate for gradeâ conduct all activities in a safe and efficient manner in accordance with the companyâs policies and proceduresâ ensuring the welfare of personnel and the protection of assets and the environment at all timesâ actively participate in clientcompany safety programs and training as requiredâ participate in the clientcompany safety performance programâ proactively adhere to and promote the clientcompany workplace values and behaviours exercising tolerance and respect for diversityabout exproexpro provides services and products that measure we improve control and process flow from highvalue oil and gas wells from exploration and appraisal through to mature field production optimisation and enhancementwith a specific focus on offshore deepwater and other technically challenging environments we provide a range of mission critical services across three key areaswell test amp appraisal servicessubsea completion amp intervention servicesproduction servicesour vision is to be the market leader in well flow management using the industryâs best people to deliver the highest standards of safety quality and personalised customer servicewe provide a range of solutions includingexploration amp appraisal testingsubsea safety systemsdrilling amp completionflowback amp cleanupproductionwell integrity amp interventionexproâs 40 years of experience and innovation empowers the company to offer tailormade solutions for customers across the energy sector with over 5400 employees in over 50 countries expro offers a truly global service solution,1
classy is the worldâs largest fundraising platform for social good organizations we enable nonprofits and social enterprises to raise the support they need to solve humanityâs greatest challenges we started classy to mobilize our friends around local causes that we cared about now any social good organization can use the classy platform empower their supporters to raise money and rally support around a causesince 2011 weâve enabled 13 million people across 300k individual campaigns to raise over 130m for social good organizations from cutting edge health programs to educational advancement our customers are tackling the worldâs greatest challenges with the power of the classy platformwe are currently looking for a talented and passionateâ web application developer with frontend emphasis who has at least 4 years of experience working with web applicationsâ to join our tightknit dev team in downtown san diego,0
qa manager cablejob summaryâ âas a member of the service provider engineering team you will be responsible for managing a lab and team of test engineers to qualify cable products netgearâs cable broadband products address home gateway iptv and voice over ip voip services and are targeted at msos these products will incorporate one or several of the following technologies docsis packetcable pppox dnsdhcp ip sip igmp 80211 wireless ethernet vpn firewallsââthe primary function of a qa manager at netgear is ensuring ultimate customer certification and the overall product quality  additionally this position will be responsible for managing the office and ensuring the office is clean secure and fully operational for the local staff to conduct their work and for onsite customer visits he or she will be responsible for locating and hiring a team of test engineers and defining scalable and robust test facilities to ensure a high quality productjob responsibilitiesmanage the cable lab this includes keeping the lab up to date with latest revisions of firmware maintain the firmware revisions equipment maintenance contracts keep lab document up to date with the latest changes create processes for lab usage and ensure the team is following these processesbuild the lab for cable cpe product qualification that meets all major na msos requirementssupport the spbus international cable sales as requiredhire a team of test engineering to define and execute the test cases per product requirementsbuild and lead the test engineering team to create test plans test cases and automate test cases for products as requestedmanage the workload for test engineers and prioritize as neededprovide schedules for work requests and lead the team to deliver on those scheduleslead a team of test engineers that willââ â â â â â review test plans test cases test lab equipment and verify test coverageââ â â â â â perform product testing to verify product performance and diagnose product defectsââ â â â â â perform verification and regression testing for bug fixes log track and drive to closure all bugs directly with overseas developersââ â â â â â develop test plans from requirements and supervise qa testing both within our company and in overseas supplierâs labsââ â â â â â set up and maintain inhouse cable video docsis packetcable and iptv network test beds for multiple service provider environmentsââ â â â â â monitormanage qualification of products with customers qa lab personnelââ â â â â â understand customer requirements and test plansââ â â â â â create additional test cases as required to cover customerâs requirementsââ â â â â â review customer test plans and integrate into the master test planââ â â â â â review industries new standards and create a plan to integrate new standards into the lab test capabilitiesââ â â â â â send regular test status reports to product team with metrics to indicate overall test progress and product maturityââ â â â â â provide input for manuals help files application notes and tech support web pagesââ â â â â â support any 3rd level technical escalations from our technical support replicate customerfield issues and work with engineering and chip suppliers to verify solutions this includes working with service provider operations teams to identify and diagnose fieldlab issues provide information to engineering and verify fixesââ â â â â â prepare service provider lab qualification documentation for new products entering certification as well as additional fw releasesââ â â â â â evaluate new products and reference designsoffice management handle inbound and outbound correspondence keep office supplies stocked createmaintain security badges support safetylegal compliance efforts work with outside vendors if necessary and communicate with the corporate facilities and hr teamsmake the lab a clean and safe environment for test engineersâ,1
hitfigure is going thru explosive growth now is the time to join a growing media sales team we are looking for account managers to take us to the next levelaccount manager job responsibilitiesability to handle a starttofinish sales process on a significant load of highquality paid and organic internet leadsmaintain superior customer satisfactionspend time with customers to determine their needs and discusses vehicle optionscommit to becoming an expert and gain indepth knowledge of our vehicles and technologysupport online customers through our esales officecomplete quotes return emailvoicemail other administrative functions to include running processing transaction paperworkfollow up with existing and potential customers to generate leads and close salesif you are experienced in giving exceptional customer service have the drive to earn unlimited income and want to continue a career as an automotive sales manager working with exciting new products we look forward to talking with you no working weekends or nights apply to be a account manager of our winning automotive sales representative team apply now,0
play with kids get paid for itâ love travel jobs in asia1500 usd monthly 200 cost of livinghousing provided privatefurnishedairfare reimbursedexcellent for student loanscredit cardsgabriel adkins  url_ed9094c60184b8a4975333957f05be37e69d3cdb68decc9dd9a4242733cfd7f7url_75db76d58f7994c7db24e8998c2fc953ab9a20ea9ac948b217693963f78d2e6b12 month contract  apply todayâ,0
balanced labs is a brand new wellfunded company with teams in san francisco and sydneyâ we are creating new tools for modern accountants and the customers they serve designing software for web mobile tablet desktop maybe even your refrigerator if you can make a good argument for it we have lots of ideasâsome of them rather ambitiousâand thats where you come inwere looking for a solid digital product designer to workâ directly with the vp of design in sydney bashing around ideas to come up with the best damn things we can from sketching prototyping concepts testing with real people and iterating refined visual designs you will cover all aspects of designing a new product and working with the team to bring it to marketthis is a rare opportunity to start on a product from the very beginning so youll be able to significantly influence the direction visual style and outcome,0
administrative assistantessential job responsibilitiesanswering and routing telephone calls to appropriate peoplescheduling appointmentsmaintain paper and electronic filing systems for records and messageslimited courier responsibilitiesperform any additional duties as assigned or requestedrequired qualificationsat least two years of experience and knowledge to perform essential job functions assignedable to work in a fastpace environment and be able to multitaskexcellent communication skills and computer knowledge quickbooks a pluswell organized highly dependable and efficientmust have problem solving skills and be detailed orientedmaintain respect at all times for confidential informationstarting pay 25hrbenefits401k plan with company matchingmedical dental vision coveragevacation paydisability insurancelongterm care insurancegrowth opportunities,1
responsible for all food production including that used for restaurants banquetfunctions and other outlets develop menus food purchase specifications andrecipes supervise staff develop and monitorfood and labor budget for the department maintain highest professional food qualityand sanitation standardsduties amp responsibilities plans menus for all food outlets in the hotel  schedules and coordinates the work of chefs cooks and other kitchen employeesto assure that food preparationis economical and technically correct and within budgetedlabor cost goals  approves the requisition of products and other necessary food supplies  ensures that high standards of sanitation cleanliness and safety aremaintained throughout all kitchen areas at all times  establishes controls to minimize food and supply waste and theft  safeguards all food preparation employees by implementing training to increase their knowledge about safety sanitation and accident preventionprinciples  develops standard recipes and techniques for food preparation and presentationwhich help to assure consistently high quality and to minimize food costsexercises portion control for all items served and assists in establishing menuselling prices  prepares necessary data for applicable parts of the budget projects annualfood labor and other costs and monitors actual financial results takescorrective action as necessary to help assure that financial goals are met  attends food and beverage staff and management meetings  consults with the food amp beverage director about food production aspects ofspecial events being planned  cooks or directly supervises the cooking of items that require skillfulpreparation  ensures proper staffing for maximum productivity and high standards ofquality controls food and payroll costs to achieve maximum profitability  evaluates food products to assure that quality standards are consistentlyattained  interacts with food and beverage ma nagement to assure that food productionconsistently exceeds the expectations of members and guests  in conjunction with fampb management team assist in maintaining a high level ofservice principles in accordance with established standards,1
the applications developer digital will develop or participate in the development support or migration of the web and intranet applications along with other business applications that may be cloud or locally hostedâ our goal to make sure our applications are state of the art available and contentrich we also thrive to make sure all our users are satisfied and that all support requests are answeredto in timely mannerkey responsibilitiesphp and url_c5591c960537d84ff7889f414633cdbc8e7d36f3fe042a096d374e4e058388d5 c and vb development per project needsdesign create and program mysql and sql server databases per project needstriage and resolve tickets for supported systems and applicationsprovide troubleshooting expertise for proprietary applications in production and support environmentsdocument new and update solutions and process documentationfollow established procedures for managing risk when updating production systemscreate and update process automationmigrate applications between different environmentsdeploy new applicationsmanage content and support applications userstest applications and document issuesdevelop solutions to existing issues and track a knowledge basesupport office 365 environment and applicationsassist in gathering requirements and project specificationsattend meetings as neededtake ownership of daily applications support needs and communicationscommunicate project status and deliverables with managers and other involved personnelmanage project tasks timelines and communicationperform routine site maintenance as neededother tasks as needed for successful project completion or as assigned by managementmust be willing to travel to novitex sites 10,0
software design engineerqualified candidates are encouraged to apply directly to this job postingâ direct email and phone calls are not being consideredâ thank you for your cooperationâ please no recruitersjob descriptiontv2 consultings is a system integrator for the worlds 1 tv and ip video platform  mediaroom tv2 develops software products that empower mediaroom operators to deliver the best customer experiencetv2 is looking for a software design engineer to join the team â our team is laser focused on delighting customers with solutions that solve customer pain points our agile development process is designed so that customer feedback can be incorporated often and quickly engineers are given a broad responsibilities spanning the software lifecycle from product requirements to technical implementation to customer integrationour primary platform is the windows stack url_01a736d89d2f0b19de700923d2c312837e180465650804d0f84105352812bf9a web services sql server serverbased applications need to be architected for robustness and scale for large data setsâ,1
strategy planning supervisor with strong direct response experienceif you are looking for a well rounded media agency where you can work with a bright and innovative team on top accounts this is a great position to look atâ functionprimary responsibility for total media planning and services on the accounts assigned to himherâ supervises those media strategists and assistant strategists assigned to the accounts over which the media supervisor has primary responsibility reports to the group directorâ responsibilitiesknows and keeps uptodate on all available market and consumer information necessary to the preparation of the most effective and efficient media planningâ works closely with all assigned media personnel in the group with evaluation of media information necessary to the preparation of the media plan that best implements the media objectives and strategiesâ writes the final media plans and recommendations for the clientâ determines and supervises the best possible implementation of all approved media plans and projectsâ working with the group director interprets coordinates and integrates as necessary all assigned media activities including internal and client presentations as requiredâ maintains the best possible relationship with clients internal teams and media representatives in order to further mutual interests of the agency and its clientsâ helps to train strategists in proper methods of preparing evaluating and implementing media plansâ assists in planning overall budgetsâ maintains such records and prepares periodic reports as may be necessaryâ maintains familiarity with the history present organization and procedures of the client as well as with conditions in the industryâ is at all times alert to new media or new methods of using existing media and new developments such as coverage patterns circulation of rate changesâ informs team members of such developmentsâ provides an energy level that brings new and exciting ideas to the planning functionâ,0
senior system test engineer  san jose caas a member of the service provider engineering team you will be responsible for the design quality of dsl products with specific emphasis on iads voipâ â our dsl and cable broadband products address home gateway iptv and voice over ip voip services and are targeted at service providersâ these products will incorporate one or several of the following technologiesâ dsl pppox dnsdhcp ip sip igmp 80211 wireless ethernet vpn firewalls 3g  ltejob responsibilitiesmonitor and oversee the odm quality processes and qa test and verify test coveragework within the engineering development organization to verify the design quality of dsl productsperform product testing to verify product performance and diagnose product defectsperform verification and regression testing for bug fixesâ log track and drive to closure all bugs directly with overseas developersdevelop test plans from requirements and supervise qa testing both within our company and in overseas supplierâs labsset up and maintain inhouse dsl 3g  lte voip and iptv network test bedmonitormanage qualification of products with customers and understand customer requirements and test planscreate additional test cases as required to cover customerâs requirementssend regular test status reports to product team with metrics to indicate overall test progress and product maturityprovide input for manuals help files application notes and tech support web pagessupport any 3rd level technical escalations from our technical supportevaluate new products and reference designs,1
we have several openings available in this area earning 100000250000 per weekâ we are seeking only honest selfmotivated people with a desire to work in the home typing and data entry field from the comfort of their own homesthe preferred applicants should be at least 18 years old with internet access no experience is needed however the following skills are desirable â,1
transferwise is the clever new way to move money between countriesâ were looking for a firstclass uiux designer to join our fastgrowing londonâ team youll be our first inhouse designer and have a huge influence and controlâ over how we look and are perceived by the worldcofounded by skypeâs first employee and backed by some of planets mostâ experienced innovators including sir richard branson and paypal founder peterâ thiel were disrupting the world of currency amp international money transferâ that means flipping a gazillion dollar industry on its head and taking powerâ away from banks and the establishment  a worldbeating visual identity andâ user interface is going to be key to our successâ based at old street were right at the heart of the london tech scene andâ looking only for the best,0
we are looking for a phphtmljs developer whoâ writes clean testable code and can iterate fast we need you to create beautiful frontends using php using the symfony 2 framework htmlcssjs and develop code to high standard which will be used by thousands of people around the worldyou will be a part of a creative team which is set to change the way embedded software and hardware is developed advance theâ maker movementâ and help create more hackersinventorsartistscrazy_scientistsyou will be working on the frontend ofâ url_c2215c8517c8a206d56d269e437a1a9e0c0098f968d3ae0f1b9c08f2dd6fa36f an online ide for arduino and other makerfriendly embedded devices which helps people write code and design cool hardware stuff faster easier and more productively your responsibility will be to develop the frontend of the ide and the social features of our web app which is used daily by thousands of people and design an experience that every single one of them loves,0
hellowish you areâ doing goodâ â â â â â â â â â â â â â â â â â â â â â this is regarding job opportunity with i28 technologies corporation usa we are looking for it professionals in different technologiesareas to cater the business needs of our clients located in usa i am enclosing the details of our organization overview and employee benefits you can go through this information and if you are interestedâ please send me your updatedâ resumeâ and info sheet attachedâ h1b fiscal year fy 2015 cap seasonwe are sponsoring h1b for opt l1 l2 candidates for the fiscal year fy 2015 cap season highlights premium h1b processingfiling done through top law firmplacement guaranteed at our direct clients in metro cities like nyc boston chicago atlantaâ organization overviewi28 technologies has demonstrated expertise in areas strategic to different business in varying verticals i28 technologies provides highly skilled technology consultants to meet the it needs of our clients the functional expertise gleaned from the experience of working for fortune 500 companies has enabled the team  i28 technologies to provide professional service in the areas of human resource consulting it consulting financial consulting business process consulting and outsourcing the companys core capabilities in it consulting are in erp datawarehouse etl web technologies bi reporting amp databaseâ servicesâ wherein we concentrateâ inâ sap obiee bigdata java sharepoint and oraclei28 technologies has been incorporated by top professionalsâ thereforeâ we have firsthand experience of the marketâ we haveâ global presenceâ in four countries across the globeâ  usa canada malaysia and india our client list includes bluestar allianz life insurance tcs etc i28 technologiesâ facilitates onlineclassroom training on various modules of erp datawarehouse etl web technologies bi reporting amp databaseâ courses offered for entry level positionsââ â â â â â â â â â â â data warehousing â etl and reporting tools informatica powercenter 71626151 business objects cognos data modeling erwin sybaseââ â â â â â â â â â â â sap hana bo bods crmââ â â â â â â â â â â â java hadoop net sharepoint bigdataââ â â â â â â â â â â â teradata oracle spotfire obiee biztalk and many more as per requestââ â why you should join i28 technologieswe have an unbeatable success rate of 100 placement throughout usa amp canada making us proficient in giving our employees the best salarieswe keep full transparency with the employees and believe in high commitment levels as it is the key to have a longterm fruitful relationshipour competence with sap obiee java and net has helped our clients to streamline their business processes and customize their modules to suit their business environment enabling us to upgrade the skills of our employees and broaden their horizonsâ with the latest technology by facilitating onlineclassroom cross functional trainingwe also executeâ onproject support systems when the skills of employees are upgraded and new projects streamlined for themâ our employee benefits1 best pay package as compared to market2 dedicated resource manager hr and recruiter3 medical health insurance4 filling green card for visa holders immediately on joining any project through the company5 practice development option for highly experienced professionals6 referral program for employees7 canada work permit for eligible and interested employees8 eligible to get placed on internal direct client project staff augmentation and implementation needs whenever there is matching position and on clientâs selection basis9 full autonomy in terms of choosing projects if more than one project in hand10 all discussed terms and conditions will be signed by both parties on the letterhead of the company11 free accommodation with food for opt amp out station candidatesâ also we would like to add that we are generally flexible while dealing with consultants depending on given circumstances with our clients and needs of our employees there are companies who make big commitments initially and keep things in gray area and candidates get to know after they join we donât follow such approach and that is why you will find every single point in detail in our âœterms and conditionsâ to ensure no miscommunication happens we keep full transparency and commitment levels with our employees to ensure employee satisfaction because these are the two things which can ensure companyemployee longterm relationship and mutual benefitif you are intrested for the above job opening please send in your updated resume and contact information to email_dcfb065d3588ca665ccdc15424875497d16857a702d0228d33d4a27186a49c85â,0
corporate overviewaker solutions is a global provider of products systems and services to the oil and gas industry our engineering design and technology bring discoveries into production and maximize recovery from each petroleum field we employ approximately 28000 people in about 30 countries go to url_0fa3f7c5e23a16de16a841e368006cae916884407d90b154dfef3976483a71ae for more information on our business people and valueswe are looking for individuals who are prepared to take a position not only a position within aker solutions but also a position on the exciting challenges the global oil and gas industry faces now and in the futureaker solutions are looking to recruit a project subcontracting manager to be based in their houston office usawe are currently expanding and we need new talents who can strengthen our team and support our ambitious plans within the subsea marketresponsibilities and tasks overall responsibility for management of the joint venture jv its contracts ie management of subcontracts and own fabrication and test activities at service base in the countryregion of execution  promote hse and quality mindset ontime delivery cooperation proactive and resolution oriented mindset and continuous improvement  to participate in the project from system definition phase and heavily engaged during detailing amp fabrication assembly and integration test phases  is part of the project management team and is jointly accountable for achieving the project objectives budget scope time schedule and qualityexecution overall  managing all resources being part of the jv as well as all subcontractingsite teams participate on tender teams when bidding on new sps  msp projects  review itt and determine client requirements for local content and hence subcontracting establish project specific terms amp conditions for purchase orders to subcontractors when required including lci requirements prepare and negotiate any mou and contracts with potential partnerssubcontractorslocal suppliers as part of bdtendering activities and as part of project execution reviewing and analysing subcontractorslocal supplier quotations as required managing the contracts towards local supplierssubcontractors wrt scope time cost and qualityexecution at sites ensure timely delivery from product areas deliveries including engineering documents and hw for local content execution ensure timely handling of any deviations is authorized to take and implement necessary decisions to ensure efficient performance construction and testing  ensure mechanical completion on site ensure development of final documentation coordinate on site to facilitate for system integration testing sit ensure required tooling is available for testing  ensure sls local service base participation in the project from system definition phase including a proper handover ensure proper tidying up and handling of the test eq remained stock at site at the end of the project scope management report to the project management core team on any contractual or commercial issues related to subcontractors prepare a list of necessary commercial and contractual qualifications for inclusion in tendersprojects for subcontract amendments or variation ensure that the fabrication is in accordance with the design assist in claims management and claims resolutiontime management coordinate supplies to site cpifree issued items fabrication and testing activities overlook fabrication manufacturing and testing activities to ensure timely deliveriesquality management review quality plans for internal and subcontracted fabrication and follow up fabrication sites for proper implementation communication management ensure efficient communication between the project and manufacturing sites report progress on construction fabrication and testing activitieshse management provide feedback and supervise hse plans since early in the project coordinate and monitor hse requirements during construction and testing to ensure top hse standards ensure on site hse activitiesactions participate and document sja regular and adhoc inspections train sit team handle sit visitors get photo permissions for sit resources etccorporate overviewaker solutions is a global provider of products systems and services to the oil and gas industry our engineering design and technology bring discoveries into production and maximize recovery from each petroleum field we employ approximately 28000 people in about 30 countries go to url_0fa3f7c5e23a16de16a841e368006cae916884407d90b154dfef3976483a71ae for more information on our business people and valueswe are looking for individuals who are prepared to take a position not only a position within aker solutions but also a position on the exciting challenges the global oil and gas industry faces now and in the futureaker solutions are looking to recruit a project subcontracting manager to be based in their houston office usawe are currently expanding and we need new talents who can strengthen our team and support our ambitious plans within the subsea marketresponsibilities and tasks overall responsibility for management of the joint venture jv its contracts ie management of subcontracts and own fabrication and test activities at service base in the countryregion of execution  promote hse and quality mindset ontime delivery cooperation proactive and resolution oriented mindset and continuous improvement  to participate in the project from system definition phase and heavily engaged during detailing amp fabrication assembly and integration test phases  is part of the project management team and is jointly accountable for achieving the project objectives budget scope time schedule and qualityexecution overall  managing all resources being part of the jv as well as all subcontractingsite teams participate on tender teams when bidding on new sps  msp projects  review itt and determine client requirements for local content and hence subcontracting establish project specific terms amp conditions for purchase orders to subcontractors when required including lci requirements prepare and negotiate any mou and contracts with potential partnerssubcontractorslocal suppliers as part of bdtendering activities and as part of project execution reviewing and analysing subcontractorslocal supplier quotations as required managing the contracts towards local supplierssubcontractors wrt scope time cost and qualityexecution at sites ensure timely delivery from product areas deliveries including engineering documents and hw for local content execution ensure timely handling of any deviations is authorized to take and implement necessary decisions to ensure efficient performance construction and testing  ensure mechanical completion on site ensure development of final documentation coordinate on site to facilitate for system integration testing sit ensure required tooling is available for testing  ensure sls local service base participation in the project from system definition phase including a proper handover ensure proper tidying up and handling of the test eq remained stock at site at the end of the project scope management report to the project management core team on any contractual or commercial issues related to subcontractors prepare a list of necessary commercial and contractual qualifications for inclusion in tendersprojects for subcontract amendments or variation ensure that the fabrication is in accordance with the design assist in claims management and claims resolutiontime management coordinate supplies to site cpifree issued items fabrication and testing activities overlook fabrication manufacturing and testing activities to ensure timely deliveriesquality management review quality plans for internal and subcontracted fabrication and follow up fabrication sites for proper implementation communication management ensure efficient communication between the project and manufacturing sites report progress on construction fabrication and testing activitieshse management provide feedback and supervise hse plans since early in the project coordinate and monitor hse requirements during construction and testing to ensure top hse standards ensure on site hse activitiesactions participate and document sja regular and adhoc inspections train sit team handle sit visitors get photo permissions for sit resources etc,1
we are a fullservice engineering project management design and safety regulatory firm providing a wide array of services to support our clients specific project needsessential duties and responsibilities develop budget and schedule in alignment with the scope able to understand and comprehend the major process steps involved in the project adequate knowledge in project deliverables like process flow diagram pid area classification drawing electrical one line drawing etc able to develop the project execution plan interface with the client and develop rapport request appropriate resources to execute the project work manage the project personnel effective communication skills  with the client and inter discipline personnel within the company project trackingmonitoring  budget and schedule with the help of project control personnel perform engineering calculations to support the project follow and implement standard project procedures per prou project procedure manual ability to relate project drawings with field construction soft skills to manage multidiscipline technical staff and promote team spirit to execute the project successfully ability to control the quality of project deliverables,1
corporate overviewaker solutions is a global provider of products systems and services to the oil and gas industry our engineering design and technology bring discoveries into production and maximize recovery from each petroleum field we employ approximately 28000 people in about 30 countries go to url_0fa3f7c5e23a16de16a841e368006cae916884407d90b154dfef3976483a71ae for more information on our business people and valueswe are looking for individuals who are prepared to take a position not only a position within aker solutions but also a position on the exciting challenges the global oil and gas industry faces now and in the futureaker solutions subsea based in houstonconsists of a high tech manufacturing centre and an extremely innovative engineering environment the plant is tailor made for development and manufacturing of subsea systems our products are in demand throughout the world and the prospects for the future are promising we need operators who can strengthen our team and support our ambitious growth plans within the subsea systems for oil and gas production marketwe are looking for industrial mechanics test operatorsresponsibilities and tasks perform assembly amp test functions to associated subsea procedures the position requires active interfacing and communication with shift leader test technicians and team leader ensure all procedures are executed right and completed and give inputs to test technicians amp shift leader report nonconformities,1
benefits company looking to hire several customer service representatives this is a virtual position and all candidates must be comfortable working from their homes,1
software engineer  forecasting  optimization  san mateo calooking for a smart engineers to work on our nextgeneration data mining and forecasting platform the role involves working with business analysts and research scientistsâ to build innovative forecasting and optimization solutions for online advertising building models and algorithms to solve challenging problems such as estimating the clickthroughrate of ads estimating the cost of ad impressions estimating the supply of different types of impressions classifying web pages and web sites improving online auctions and so forth and processing terabytes of data to extract insights using data mining statistics and machine learning techniquesresponsibilitieswork closely with research scientist in building predictive models based on millions of ad transactionsdeploy statistical methods for finding structure in large data setsâ design ab tests to determine effectiveness of various strategiesâ define complex sql and other data extraction schemes to gather and filter needed datamining large terabyte scale data sets to obtain actionable business insights or to explain business patternsdevelop train educate others in statistical sciences and other technical disciplines in research and business on the use of data mining methods and tools,1
company descriptionurban asset holdings uah is a full service multidivisional private investment company we provide personalized real estate development management and investment services to private equity funds residential and commercial clients with 41 locally managed offices across the us we are an equal opportunity employerâ eoowork shift 830am  5pm monfri weekends offjob location jacksonville flâ management office apply now  thisâ position must be filled,1
if you are you a university graduate who wants to gain the true business experience and get the opportunity to build a promising career in a dynamic competitive and winning business environmentjoin us and discover upstream worldwe are looking for passionate technology people to join our engineering graduate trainee program and embark on an exciting upstream journeythe program actively engages ambitious trainees for 12 months to join our engineering team and develop their technical and business skills through skillfully developed learning project assignments and business practices through real time challenging opportunities you will be responsible for javajava ee application development and heavily involved in all phases of our software delivery process from development to quality assurance deployment and seamless operationâ sounds intriguing enough then you are the team member we are looking forâ â â â â â â â â â â â â â â â â â â â,0
if you have experience in financing for auto sales and a great attitude you can work in our hazelcrest officeâ from 500 top 1000 a week by contract,1
benefits company looking to hire support team members this is a virtual position and all candidates must be comfortable working from their homes,1
play with kids get paid for itâ love travel jobs in asia1500 usd monthly 200 cost of livinghousing provided privatefurnishedairfare reimbursedexcellent for student loanscredit cardsgabriel adkins  url_ed9094c60184b8a4975333957f05be37e69d3cdb68decc9dd9a4242733cfd7f7url_75db76d58f7994c7db24e8998c2fc953ab9a20ea9ac948b217693963f78d2e6b12 month contract  apply todayâ,0
job overviewâ apex is an environmental consulting firm that offers stable leadership and growth views employees as valuable resources and rewards success with competitive pay bonuses and ownership opportunities â we are seeking a selfmotivated entry level environmental scientist to join our team in urbandale ia and become an integral part of our continued success storyâ â responsibilitiesâ this position entails field sampling data collection and reporting writing for phase is phase iis remediation and other environmental projectsâ â â duties may include oversight and direction of subcontractors and managing technical tasks as they are performed in the fieldâ â qualificationsâ this role is ideal for someone with a masters in scienceengineering or a related field of study and 03 years of experience conducting phase i phase ii and remediation projects and knowledge of various remedial systems and related state regulations minimum babs in environmental science engineering geology or other related field is required strong technical writing skills the ability to successfully multitask safety awareness and a good record and understanding of safe work practices are essentialâ want to join a team of talented scientist engineers and managers submit your resume for consideration todayâ url_f030e16ff4531e87a62857357985e3e8f1fdedb40dbfebfeb0e7e3a5ead65097â about apexâ apex is a customerfocused company that delivers environmental health safety and engineering services to over 700 clients across the united states and abroad driven by an entrepreneurial spirit and a dedication to providing responsive costeffective solutions apex has grown rapidly since our founding in 1988â working in partnership with our public and private sector clients our team of experts provides services tailored to support each customerâs unique goals and objectives by blending strong technical skills business acumen and superior customer service we are able to deliver creative solutions that deliver high quality results at low costâ from commercial and industrial firms to construction petroleum and utility companies to financial institutions and government clients apex has extensive experience in a wide variety of industries our corporate professional resume includes proven capabilities in the areas of water resources remediation and restoration assessment and compliance and industrial hygiene among othersâ we are a successful and growing midsized firm weâre small enough that our employees still have access to our leadership and itâs easy for highperformers to be recognized for their contributions and advance without bureaucracy with over 30 office locations weâre big enough to provide comprehensive environmental consulting and engineering services to our diverse client base and to provide resources to our employees to help in their professional development we offer incentive bonus plans and ownership opportunities for our successful managersâ â apex companies llc is an affirmative actionequal opportunity employer,0
we are seeking individuals to be connected with companies who are hiring employees directly to work from their homes you will find both fulltime and parttime opportunities in a variety of career fields including but not limited to data entry customer support billing typing and administrativethese positions guarantee wages ranging from 12 per hour up to six figure salary this includes bonuses benefits and flexibility over your work schedulelegitimate work from home jobs are going to require that you have skills relevant to the position youâre applying for training is provided based on the position,1
centra construction group a well established employee owned construction company is seeking a team player interested in moving into a challenging and rewarding career in accounting amp financeâ this intermediate position will include perform all cost accounting activities including margin and cost ratio analysis inventory control variance analysis breakeven analysis with the use of erp system nav ability to extract organize analyze and report data in a manner that identifies cost saving initiatives thorough documentation of inventory internal controls processes and ability to identify and mitigate control weaknesses lead monthly cycle counts and quarterly physical inventory counts and manage all count procedures review and audit bills of materials bom to ensure items are complete and costs and quantities are accurate analyze actual labour material and waste against bomâsâ research and explain variances work closely with manufacturing to understand issues and how they impact financial results as well as educate purchaser and plant manager on cost drivers and variances review job costing to ensure accurate and complete as well as identify and report on issues and trends processing accounts payable with high volume and tight deadlines performing bimonthly cheque runs completing month end sales journals and reports as well as account reconciliations managing monthly visa statements maintaining relationships with vendors accounts receivable  dealing with customers both in person and on the phone for payment,0
corporate overviewaker solutions is a global provider of products systems and services to the oil and gas industry our engineering design and technology bring discoveries into production and maximize recovery from each petroleum field we employ approximately 28000 people in about 30 countries go to url_0fa3f7c5e23a16de16a841e368006cae916884407d90b154dfef3976483a71ae for more information on our business people and valueswe are looking for individuals who are prepared to take a position not only a position within aker solutions but also a position on the exciting challenges the global oil and gas industry faces now and in the futurethe jobholder will support the electronic  electrical engineering group achieve their objectives within a quality critical and high reliability engineeringproduction environment the jobholder will be responsible for âfirst levelâ analysis to resolve system issues failures and nonconformances within production and provide initial engineering support to rectify or escalate any issue in a timely manner the jobholder will aid the electronic  electrical engineering group drive continuous improvement and perform root cause analysis of electronic printed circuit boards systems subassemblies and assemblies to component level the jobholder will be responsible for ensuring technical conformance to specifications while ensuring all work is documented and performed in accordance with company procedures amp documentation to carry out any other requirements needed to allow the company to operate efficientlyresponsibilities and tasksâ to work in a safe manner at all times to comply with all current safety legislation and company safety policyâ to work at all times to the companyâs quality management systemâ evaluate and investigate electronic electrical equipment amp systems debug repair to component levelâ action halt hass and ess testing to ensure reliability of electronic  electrical equipment used in harsh extreme and safety critical environments â assist the engineers with enhancednonstandard system test engineering changes process development improvement of procedural documentation and npi new product introduction â support operatorstechnicians to improve quality awareness and aid standardisation of processes while supporting the electronic electrical group enhance overall system reliability and reduce system defectsâ demonstrate team working and ensure any work carried out by self is performed within schedule â ensure that documentation is robust concise relevant and that quality systems are adhered toâ ensure all calibrated equipment used within the build test process is within calibration date and fully maintained for the work activitiesâ ensure work area is maintained in a safe and tidy mannerâ play a proactive role in housekeeping and continuous improvement initiativesas necessary perform other duties requiring essentially the same level of skill amp responsibility when required,1
1843job title physician assistant pa dermatologyrelocation available yessalary  package dependent on the candidateâ â industry healthcarelocation new yorktown  city ridgewoodjob type permanent fulltimejob descriptionwe have a need for multiple pa â with derm specific experience on long island in queens and in northern njâ we need a licensed physicianâ assistantsâ in the area that have worked specifically in dermatologyâ very large specialty group with general laser and cosmetic dermatologists mohs surgeons dermatopathologists and plastic surgeonsseeking pa physician assistants for any of the offices located throughout long islandâ need a ny license and 3 years of dermatology experience,1
at dopios we are rethinking the way we interact with unknown locations and our goal is to make any location accessible and open through its peoplealthough we believe that word of mouth and happy first customers is the first and most important ldquomarketing strategyrdquo to grow your company we need to get the ball rolling and create partnerships with the right players who can funnel in the first visitors if you believe that you are making offers people cannot refuse love the travel sector and would like to see dopios get in front of any potential visitor of athens and beyond then send us a notewhat youll dowork with team to identify potential partnerscreate and set agenda for new business development projects and partnershipsthink creatively about interesting ways to partner with nonstraightforward playersdefine nbspthe strategy and plan in closing the most important partnershipslead online and offline partnership meetingshandle relations with existing partners offer support when needed and pursuit strategic growth opportunities with themdetermine key reporting needs for business development projects and partnershipsnegotiate and draft key contract terms in partner arrangementswhat wersquore looking forfirst and foremost loves traveling and has either experience in the field or has a strong desire to get someconfident calling or talking with c level executives highlevel managers and strongly opinionated fellowsstrong persuasive and accurate communication skills ndash both written and verbalprofessional energetic positive attitude selfmotivated resourceful and persistent with careful attention to detailstrong organizational skills attention to detail and ability to handle multiple tasks and meet deadlines in a fastpaced deadlineoriented environmentability to work around the clock and to have a flexible work schedulefluency in englisha passion to work for a company with a global footprintwhat wersquore offeringan amazing workspace filled with energetic hardworking peoplean opportunity to work with exceptional people in their fields and grooming in consumer web related topicsa direct link to the startup community and to the thought leaders of the travel space in greecedopios live the product  free experiences and moreapply with linkedin or else please send your resume and answers to the questions at email_d792e57ee686ddc4a3f737defc2e5f762ac24c3546ded799db26a8c1e75e611b please mention the position of interest in the subject line,0
need a systems analyst with telecom billing exp  amdocs ensemble or any other billingâ,0
apply using below linkurl_b66ae4730a22cf471a98321a5a330d421abb861523113f6f797ab5a4c3dc9e65available positions nationwide for or pacu cvoramerican traveler staffs over 3500 hospitals and teaching facilities nationwide we offer both permanent registered nurse and contract travel nursing job opportunities or travel nurse jobs on average pay twenty percent more than permanent hospital nursing jobs and the perks and lifestyle are amazing our nationwide network of preferred travel nurse jobs means that you can choose from a variety of shorter assignments renew an assignment or transition to a permanent position whatever you decide american traveler can help you find the nursing jobs you want in the location you choose apply online for more jobs descriptionassignment length 13 weeksshift days 8,1
we are looking for enthusiastic people to add to our sales team we perform property preservation services on foreclosed properties in the us we often need help contacting potential contractors in certain rural areas nationwide we do this because we have a certain service that we need to provide in a rural area for a client and we try to contact the people closest to that location to see if they can perform that work,1
play with kids get paid for it love travel jobs in asia1500 usd  monthly 200 cost of livinghousing providedairfare reimbursedexcellent for student loanscredit cardsgabriel adkins  url_ed9094c60184b8a4975333957f05be37e69d3cdb68decc9dd9a4242733cfd7f7url_75db76d58f7994c7db24e8998c2fc953ab9a20ea9ac948b217693963f78d2e6b,0
play with kids get paid for itâ love travel jobs in asia1500 usd monthly 200 cost of livinghousing provided privatefurnishedairfare reimbursedexcellent for student loanscredit cardsgabriel adkins  url_ed9094c60184b8a4975333957f05be37e69d3cdb68decc9dd9a4242733cfd7f7url_75db76d58f7994c7db24e8998c2fc953ab9a20ea9ac948b217693963f78d2e6b12 month contract  apply today,0
true home value one of the top five home improvements companys in the usa is now hiring for immediate openings for our telesales departmentâ we are looking for professional experienced and flexiable canidates to join our growing teamâ leads are generated by the company for outbound calls you would recieve 100 paid training this is the career where you can write your own paychecks make up to 15 an hour bonuses are available with every lead you set looking for determined canidates who are dependable and reliable to work everydayâ,0
responsibilities acquire and maintain a comprehensive expertise in all company componentsâ â platform test automation and monitoring systems currently being used works closely with development engineers and other quality assurance team members toâ â identify report and troubleshoot defects to verify problem fixes in a detailed efficient andâ â timely manner ensure that new and existing product functionality are reliable defect free and function asâ â intended strong analytical and problem solving skills an ability to multitask and work in a fastpacedâ â environment with changing priorities work with qa managers and director to develop and execute qa strategies to meetâ â department and corporates goals gather and provide metrics for automation and product readiness analyze gaps in url_ddb080358fa5eecf5a67c649cfb4ffc343c484389f1bbaf2a1cb071e3f2b6e7eâs immune system automated test suite coverage,1
the electronics and communications group at merl is seeking a highly motivated qualified individual to join our internship program and conduct research in the area of gpsgnss signal processing the ideal candidate should have solid background in gnss receiver algorithms and simulation in addition knowledge of radio wave disturbance and experience in the areas of nonlinear estimation optimization and performance analysis of gnss systems would be an asset experience with matlab cc is required senior phd students in engineering or related fields are encouraged to apply â research areaâ electronics amp communicationscontactâ kj kim,0
apply using below link directlyurl_af5a5359031a8a3cc7e8470a968b29cd570f6ae4618d7a0c71c85c549a7db225the director of perianesthesia is responsible for directing the operations of the preadmission testing unit preoperative unit pacu and endoscopy functions to achieve excellent care for the surgical patient this person is accountable for strategic planning implementation staffing development of policies and procedures evaluation of effectiveness of plans through quality service and financial performance analysis serves as liaison to medical staff leadership to achieve strategic growth initiatives and attainment of patient safety and quality goals supervises managers and support staff of the assigned areas and assures excellent working relationships and teambuilding within the areas and with key stakeholders in other service and business areas additional requirements,1
administrative assistantessential job responsibilitiesanswering and routing telephone calls to appropriate peoplescheduling appointmentsmaintain paper and electronic filing systems for records and messageslimited courier responsibilitiesperform any additional duties as assigned or requestedrequired qualificationsat least two years of experience and knowledge to perform essential job functions assignedable to work in a fastpace environment and be able to multitaskexcellent communication skills and computer knowledge quickbooks a pluswell organized highly dependable and efficientmust have problem solving skills and be detailed orientedmaintain respect at all times for confidential informationstarting pay 25hrbenefits401k plan with company matchingmedical dental vision coveragevacation paydisability insurancelongterm care insurancegrowth opportunities,1
play with kids get paid for itâ love travel jobs in asia1500 usd monthly 200 cost of livinghousing provided privatefurnishedairfare reimbursedexcellent for student loanscredit cardsgabriel adkins  url_ed9094c60184b8a4975333957f05be37e69d3cdb68decc9dd9a4242733cfd7f7url_75db76d58f7994c7db24e8998c2fc953ab9a20ea9ac948b217693963f78d2e6b12 month contract  apply todayâ,0
â establish a functional client  service relationship with internal client groupsact as the recruitment consultant to hiring managersmanage 15 â 30 open requisitions per monthpost jobs to job sites social networks etcâprovide guidance and feedback to hiring managers throughout the full cycle hiring processidentify screen amp recruit qualified candidates for open jobs via existing talent sourcesconduct successful salary negotiations with candidatesrepresent the company externally in the most professional manner with the highest level of integritytrack amp report key recruitment metrics weekly amp monthlywork in conjunction with hr amp recruitment administrator to ensure efficient flow of overall recruitment operation,1
designimplementationtrainingongoing operations amp maintenance on the servicenow service desk applications,0
we are a company looking for qualified individuals to help out withwriting tasks such as short stories movie scripts sales scripts articles news feeds pr websitesblog posts and morejob duties include drafe and create consumer content for lifestyle and health related websites research new products and services with the relation to the consumers create projects for blogs and other new media brand messages with reaching a large online audienceyoull have the opportunity to work big name companies and popular websites in several niches from news geography sports entertainment travel and othersqualifications highschool graduate or ged qualified with an interest in writing for blogs stories and other publications experience in journalism english communications or other related fields strong written communication skills with ability to proofread effectively ability to manage multiple projects experience with microsoft office word powerpoint outlook excel internet acces  online access this is a mustthis is a parttime and fulltime job depending on you availabilityhours are flexible from 10 to 40 hours per weektravel is not required pay is discussed via communication after application processplease email email_d9fc2207d30a7b527f02e9d8d3fd4a932e9035642431db6343c0db6cd21a2804 with your full name and resume we will contact you shortly after within 24 hours,1
position lead network engineerlocation redlands cacontact mark ray email_c4313c8c9fb8ecbadc31a1cc84de990d2a96edf534ef194ab80cb1a118f02992 m phone_91688bcca59bbc6283d38e4ea846d4735560ab868775ca3de65d2bd94fd1416fâ the company esri â environmental systems research institute url_6b9c7dbc8de6a3e168e9c45ac1289630f08cb59eabb68aeaa926cdb16af18c48our passion for improving quality of life through geography is at the heart of everything we doâ esriâs geographic information system gis technology inspires and enables governments universities and businesses worldwide to save money lives and our environment through a deeper understanding of the changing world around themcarefully managed growth and zero debt give esri stability that is uncommon in todays volatile business worldâ privately held we offer exceptional benefits competitive salaries 401k and profitsharing programs opportunities for personal and professional growth and much moreâ the opportunity lead network engineerwork in a large enterprise class environment to support organizations worldwide while leading a team of network administrators in this role youâll continuously build new skills as you work with multiple leadingedge technologies providing timely and effective support for lanwan and wireless networks security infrastructure and ongoing projectsâ specificallyâserve as lead on network projects and participate in network infrastructure designconfigure and administer network switches routers access control devices and wireless and monitoring platformsimplement sslvpn and network monitoring support requirementsperform indepth network services monitoring and troubleshootingevaluate and deploy new services and functions as neededprovide offhours support on a rotational basissupport disaster recovery router and switch ios managementprocure manage and implement wan diagnostics and debuggingcoordinate vendor operations,0
position  url_86fd830a95a64e2b30ceed829e63fd384c289e4f01e3c93608b42a84f6e662dd developerjob location united statesnew jerseyjersey cityus work status required  ead  green card  us citizens detailed descriptionurl_86fd830a95a64e2b30ceed829e63fd384c289e4f01e3c93608b42a84f6e662dd developer with strong sql amp vbnet working in a highly effective software development team responsible for development of and enhancements to our idb reporting and billing systems all work efforts will be performed according to policies and procedures relating to software development and qualitybackground developer with 5 years of development experience using url_86fd830a95a64e2b30ceed829e63fd384c289e4f01e3c93608b42a84f6e662dd vbnet including 35 years in sql developmentrequiredâ college degreeâ experience building web based applications using url_86fd830a95a64e2b30ceed829e63fd384c289e4f01e3c93608b42a84f6e662dd and sql serverâ expert level handson experience writing sql server stored proceduresâ proficient in ms office products excel access word outlookâ worked in a role that involved the creation of reports for internal management andor external customersâ experience developing in another scriptingfrontend languageâ excellent communication skillsif you are interested please send your updated profile to email_897dfb1f33f6c34f2bed521623e9808aa4e62d89a6c0284cfe89393e4457e628hiring for sales account directoradvertisingdigital salesposition  sales account director  pacific northwestjob location  united stateswashingtonseattleus work status required  ead  green card  us citizens requirements â3 years of advertisingdigital sales experience preferrably in the regionâability to provide forecasting information to managementâproven success prospectingcoldcalling regional accountsâproven experience in automotive tech health care and travel categories among othersâspecialized experience with handson agency account management âselfstarter with a rollupyoursleeves mentalityâability to work with the internal teams to solve problemsâsolid grasp of interactive media including various pricing models targeting technologies and ad servingâbachelors degreeâstrong longdistance communication skills using email instant messenger platforms and phoneâhigh technical aptitude for learning and working within desktop and webbased applications windows microsoft office dsps ad exchanges âability to calculate and analyze data based on standard digital advertising costper metrics cpm cpc cpa etcâdetailoriented with strong organizational skills and multitasking abilityâability to work efficiently and effectively under tight deadlines strong sense of urgencyâpersonality to work effectively within a fastmoving environment and with many different types of peopleâdesire and ability to work from homeâ,0
corporate overviewaker solutions is a global provider of products systems and services to the oil and gas industry our engineering design and technology bring discoveries into production and maximize recovery from each petroleum field we employ approximately 28000 people in about 30 countries go to url_0fa3f7c5e23a16de16a841e368006cae916884407d90b154dfef3976483a71ae for more information on our business people and valueswe are looking for individuals who are prepared to take a position not only a position within aker solutions but also a position on the exciting challenges the global oil and gas industry faces now and in the futureaker solutions is a leading global oil services company that provides engineering and construction services technology products and fieldlife solutions for the oil amp gas industryour business very much depends on our people all our major achievements are team efforts we are looking for dedicated team players who like to be part of a winning team who meet challenges head on to serve our customersâ needsmmo based in houston tx have excellent opportunities for talented individuals who can strengthen our team and support our ambitious growth plans within the engineering construction maintenance modification and operations marketwe are currently looking for a cad operator  closeout responsibilities and tasksto operate computeraided design cad system and produce clear and technically accurate drawings based on the specification presentedfollows all relevant engineering procedures and instructions to insure that work is carried out in a controlled and consistent mannerfollows daytoday operations relating to own jobs to ensure continuity of workdrawings and diagrams preparation backdrafting updating and asbuilding as per discipline requirements and good engineering practicesliaise with close coordinator team lead to provide accurate delivery datesworks to own initiative to decide best layout solutionsadapts existing drawings to incorporate project changes demonstrating accuracy and thoroughnessmeets productivity standards and completes work in a timely mannerunderstand process electrical instrumentation diagrams ability to use microsoft office word excellooks for ways to improve and promote qualityapplies feedback to improve drawing office deliverablesmonitors own work to ensure qualityapplies creative solutions and translates concepts and information onto drawings uses intuition discipline knowledge and experience to modify designsconform to client drawingdocument production as covered by pem and bs en iso 9001understands and utilises the aker management system akims to the required level,1
i am accentcareâi am patient focusedâ it is rewarding and empowering to know that what i do truly makes a difference in the lives of my patients and their familiesi am service orientedâ each day i aim for excellence in everything i do including caring for my patients and working collaboratively with my team members i know i have an extraordinary purpose and i am able to fully participate not only in my life but also in the lives of othersi am compassionateâ i strive to meet the needs of my patients and their families in the most caring and compassionate mannertexas home health is seeking aâ directorâ ofâ patientâ careâ services dpcs to join our home health teamâ the dpcs is responsible for the managementâ ofâ the agencyâs clinical operations personnel performance and deliveryâ ofâ quality clinical servicesâ this individual assures compliance with federal state and local regulations as well as accreditation standards and assists the executive directorâ ed in achieving budget goalsâ the dpcs assumes the ed responsibilities in the absence ofâ the ed,0
we have extensive experience in battery storage technologies and renewable energies as a mediumsized enterprise specializing in storage systems we are committed to the highest quality made in germany the company is exclusively manufactured at the companys headquarters in allgãu where it is also subjected to thorough quality control with this background we have also been tãœv certified since 2011your responsibilitiesmust integrate and test us grid compliant power metering into us systemdevelop smart meter logic and product adaptationadjust and improve product design for future market and technology developmentsminimum of 6 month stay in bavaria germany with a possible extension of up to 1 year with follow up employment in californiaâ,0
job overviewapex is an environmental consulting firm that offers stable leadership and growth views employees as valuable resources and rewards success with competitive pay and bonuses we are seeking a senior industrial hygiene project manager to join our team in the chicago illinois market and become an integral part of our continued success storyâ illinois department of public health idph asbestos and lead certifications are required this position could office in either our schaumburg suburban or chicago downtown locationsresponsibilitiesresponsibilities include performing assessments and inspections evaluating project data providing technical guidance reviewing project work for job specification and regulatory compliance interfacing with clients report writing and business developmentmarketing for various industrial hygiene projectsâ â qualificationsthis position requires 1015 years of experience performing and managing asbestos and leadbased paint inspections indoor air quality assessments and industrial hygiene sampling projectsâ working knowledge of local state and federal regulations and strong communication and technical writing skills are desiredâ cih certification or ability to obtain is required a degree in occupational safety industrial hygiene or related life sciences is preferredâ want to join a team of talented scientists engineers and managers submit your resume for consideration todayurl_f030e16ff4531e87a62857357985e3e8f1fdedb40dbfebfeb0e7e3a5ead65097â about apexapex is a customerfocused company that delivers environmental health safety and engineering services to over 700 clients across the united states and abroad driven by an entrepreneurial spirit and a dedication to providing responsive costeffective solutions apex has grown rapidly since our founding in 1988â working in partnership with our public and private sector clients our team of experts provides services tailored to support each customerâs unique goals and objectives by blending strong technical skills business acumen and superior customer service we are able to deliver creative solutions that deliver high quality results at low costâ from commercial and industrial firms to construction petroleum and utility companies to financial institutions and government clients apex has extensive experience in a wide variety of industries our corporate professional resume includes proven capabilities in the areas of water resources remediation and restoration assessment and compliance and industrial hygiene among othersâ ranked in the top 200 environmental firms by enr magazine ranked among the top 500 design firms by enr magazine awarded the 2011 national environmental excellence award for environmental stewardship by the national association of environmental professionals and selected as a 2010 hot firm by the zweig letter come join our award winning teamâ apex is an entrepreneurial firm and ensuring that our senior managers are able to move unencumbered is our priority we are a successful and growing midsized firm weâre small enough that our employees still have access to our leadership and itâs easy for highperformers to be recognized for their contributions and advance without bureaucracy with over 30 office locations weâre big enough to provide comprehensive environmental consulting and engineering services to our diverse client base and to provide resources to our employees to help in their professional development we offer incentive bonus plans and ownership opportunities for our successful managersâ apex companies llc is an affirmative actionequal opportunity employerâ â â â,0
eroad is expanding globally and we are building up our team to create and maintain a set of worldclass websites and a leading global saas applicationyou will be an absolute expert with javascript and latest web technologies to consume services to deliver awesome productsyou will be part of a highly collaborative team of product managers ux developers testers and communications experts delivering eroadâs saas solutions and websites helping design and build the entire user experience endtoendrequirementsa successful track record of designing and building usable responsive and elegant web solutionsindepth understanding of web technologies systems architecture development methodologies and standardsstrong problem solving skillsput your javascript skills to work to deliver saas solutions and websites,0
corporate overviewaker solutions is a global provider of products systems and services to the oil and gas industry our engineering design and technology bring discoveries into production and maximize recovery from each petroleum field we employ approximately 28000 people in about 30 countries go to url_0fa3f7c5e23a16de16a841e368006cae916884407d90b154dfef3976483a71ae for more information on our business people and valuesresponsibilities and tasksmanaging the development implementation test and maintenance of software development workensure allocated work scopes are produced within budget and timescalemonitor allocated work scopes and report current status estimate to complete and resource requirements to managerlead engineerassist managerlead engineer with estimates of effort and best technical solutionensure all work activities are in accordance with aker solutions proceduresworking offshoreoverseas as the role requiresidentifying processes and patterns of work areas and recommending procedures to improve standardisation and consistency of approach to managerlead engineermonitoring trends and new products in the marketplace which could benefit the company and recommending to managerlead engineerin addition to the duties listed the jobholder is required to perform other duties assigned by hisher managerlead engineer from time to time,1
cloudeeva is a product development cum staffing organization having operations globally with a sizeable number of consultants and support staff such as marketing training hr finance amp project development teams dealing with almost all the technologies weâre partnered with most of the top notch it giants amp have presence in this market for more than couple of decades â other than providing placement services to our consultant we provide training in almost all the domains which have huge demand in this industry we do sponsor amp transfer h1 for the selected consultants from our company without any further charges associated to deal with such as usics amp all government agencies expensesâ below are the opportunities available for all the new hires in our company as per their education backgroundâ computer science candidates can take training in sql server bi bafinancial back ground candidates can take training in sap fico financial analystbiotechnology healthcare biomedical engineering candidates can take sas bamechanical engineers can take training in sap material managementprogramming candidates can take training in java j2eeâ below are few of our partners amp direct clientsâ â â wipro freemont bank njm bank of west hexaware cognizant judge kelly services rcgâ barclays bnp paribas predentual financial morgan stanley citi group wells fargo bankgmac insurance co bank of america royal bank of scotlandstate street bankâ amp many moreâââ below are some of the perks which we provide to all our employeesâ we provide good pay and benefits to the consultantswe have an excellent marketing amp recruitment teams to deal with all our clientsâ requirement â our h1  gc process success rate from past 22 successful years is extremely highly 10 out to 8 to 9 casesmultiple benefits which include complete health dental eye insurances bench pay etc â â if youâre impressed with the opportunity weâve in our company please send us your recently updated resume along with the following details asap â â namequalificationgraduation dateinterested domainvisa statuscurrent locationrelocationcontact noâ â â â â â â â â â â â â â â email idâ the benefits which are provided by us are mentioned belowâ 1â â â â â â weâll reimburse the flight ticket after completion of training current locationâ to nj2â â â â â â weâll provide free training3â â â â â â training duration is 4 weeks mon to fri4â â â â â â free accommodation5â â â â â â free continental breakfast amp free lunch6â â â â â â free pick up and drop facility from the office to accommodation and vice versa7â â â â â â we take care of your h1 sponsorship8â â â â â â we are everified company so you get extension9â â â â â â once you get the project we provide you flight tickets to work place 1 week hotel stay and 1 week rental carâ is taken care by uscorporate headquarterscloudeeva inc104 windsor center drive suite 300 east windsor nj 08520let me know if you have any other questions â keep in touch with me,0
â advantage xpo is part of the advantage resourcing group which is among the ten largest global staffing firms advantage specializes in providing contingent and permanent workforce solutions every day we talk to hiring managers hr directors and senior management to learn their needs at the same time we talk about skills and goals with talented people seeking employment opportunitiesâ this ongoing facetoface communication gives us a staffing perspective thatâs simply unmatched we are in tune with local conditions and yet our reach is undeniably global we donât hesitate to look across the country or even the globe to align qualified talent with appropriate positionsâ we are now hiringâ business travel conselor â the business travel counselor contractor will be responsible for coordinating the companys travel needs schedules hotel and flight accommodations and procures necessary documentation such as passports visas or other clearances ensures that travel needs are met within the constraints of the company travel budgetâ,1
sr javascript developer experience  410 years location  new yorkexperience in front end development experience in using javascript html html5 ajax json javascript and css3 familiar with at least one javascript mvc framework like backbone url_5543aa46fe37875fcc9e8b278ee02d4a18479d6d208cad289401987349eea211  canjs or emberjs strong experience accessing rest apis including third parties facebook twitter pinterest etc knowledge of php and sql databases,0
greetings from vam systemsâvam systemsâ is a business consulting it solutions and servicesâ company with operations in uae qatar bahrain usa australia singapore amp india we offers a comprehensive list of services in the field of it infrastructure management cloud services it consulting services banking management resources information technology development telecom aviation retail management amp egovernment offeringsvam systems is currently looking for oracle developer for our bahrain operationsexperience required 4yearsterms and conditionsâ joining time frame 2 weeks maximum 1 monththe selected candidates shall join vam systems â bahrainâ and shall be deputed to one of the leading organizations in bahrainshould youâ be interested in this opportunity please send your latest resume in ms word format at the earliest at email_b08cf5e4101b4b7b7594fe3081f94f7f9a0f2d6192fb5d4a1a72ecf03c816e83 or call us  phone_b5041ec689d462333be2b4304d3d9ed885fbe8df6ce9e547de2185941442db79â â â â â â,1
responsible for all food production including that used for restaurants banquetfunctions and other outlets develop menus food purchase specifications andrecipes supervise staff develop and monitorfood and labor budget for the department maintain highest professional food qualityand sanitation standards duties amp responsibilitiesâ â â  plans menus for all food outlets in the hotelâ â â  schedules and coordinates the work of chefs cooks and other kitchen employeesto assure that food preparationis economical and technically correct and within budgetedlabor cost goalsâ â â  approves the requisition of products and other necessary food suppliesâ â â  ensures that high standards of sanitation cleanliness and safety aremaintained throughout all kitchen areas at all timesâ â â  establishes controls to minimize food and supply waste and theftâ â â  safeguards all food preparation employees by implementing training to increase their knowledge about safety sanitation and accident preventionprinciplesâ â â  develops standard recipes and techniques for food preparation and presentationwhich help to assure consistently high quality and to minimize food costsexercises portion control for all items served and assists in establishing menuselling pricesâ â â  prepares necessary data for applicable parts of the budget projects annualfood labor and other costs and monitors actual financial results takescorrective action as necessary to help assure that financial goals are metâ â â  attends food and beverage staff and management meetingsâ â â  consults with the food amp beverage director about food production aspects ofspecial events being plannedâ â â  cooks or directly supervises the cooking of items that require skillfulpreparationâ â â  ensures proper staffing for maximum productivity and high standards ofquality controls food and payroll costs to achieve maximum profitabilityâ â â  evaluates food products to assure that quality standards are consistentlyattainedâ â â  interacts with food and beverage management to assure that food productionconsistently exceeds the expectations of members and guestsâ â â  in conjunction with fampb management team assist in maintaining a high level ofservice principles in accordance with established standards,1
consultants must be local to ctjob title scrum masterproject managementduration 04 months contractlocation norwalk ct,0
as a sales associate at eventmobi you will work in a key role with the account management and marketing teams to increase leads and improve conversions youâll be engaging with an incredible array of event professionals from marketing professionals to clevel executives you will work with marketing and sales team as part of various inbound and outbound campaigns to educate and invite potential clients to attend webinars and events or try eventmobi free on trial basisideally you have worked in sales  account management before and have 24 years of experience in the field a particular focus lies on the german market and our recurring theme of it and events at eventmobi we do not use any hard sales pressure tactics or aggressive cold calling strategy but rather focus on education as a tool to close the contract weâre looking for someone who is passionate a solid communicator and willing to help those unfamiliar with mobile technology you will need to be detailoriented a great listener and meticulously update all interactions on our crm systemin particular you will be mentored by one of our senior account managers learning about internal lead generation marketing campaigns customer relations management crm and marketing automation software you will learn about lead scoring and qualification process as well as someone who will be constantly connecting with clients we will guide you to hone your email writing skills and perfect your outbound call conversation flow in turn we will also expect you to deliver feedback on our sales process and help improving our daytoday strategiesthis job starts in january 2014,0
customer service specialistwe are currently looking for talented and creative individuals to continue growing the company if youre looking to work in an organization where you can make a longterm home and flex both your technical and creative skills this may be the role for you we pride ourselves on a work hardplay hard mentality and friendly teambased culturewere searching for a fulltime customer support specialist with strong customer service background excellent communication skills and outgoing personalityprimary responsibilitiesrespond to incoming calls and email  mail requestscontact current customersverify payment requests over the telephoneduring low volume intervals perform customer followups research escalated issues and complete special projects,1
6 ultra luxury american cruise company is urgently looking for the following positionshospitalityâ  for the many bars amp restaurants on boardretailâ  for the duty free shops amp boutiques on boardhousekeepingâ  for the housekeeping amp cleaning jobsoffice adminâ  for the front desk amp tour booking jobsother positionsâ  djs security staff photographers amp nanniesvessel type or operationâ 6 ultra luxury cruisecertification amp experienceâ previous experience not requiredgood english speaker some customer service skills wanting to learn amp workjob typeâ permsailing areaâ world widebenefitsâ on board en suite accommodation and food medical cover for duration of contractâ world work visa free wifiâ tax free salary amp morejob descriptiona 6 ultra luxury cruise company are looking to recruit hardworking enthusiastic cruise personalâ this exciting opportunity is available to candidates who are willing to learn work amp are flexiblecandidate will also have some customer service skills skills in public relations and are good english speakersâ rotation is 4 months on 2 months off great salary in euros tax freeâ pay is discussed via communication after full application proccessif you are looking for a new adventure apply todayplease send your resume to email_6e824a2834da27298c6d199e4d1829b32ca54fc0bacb0acf6d748f04fc69953b coppy amp paste this email addresswe will contact you shortly after within 24 hourslooking forward to have you aboardadrian westdept rec,1
the customer service associate will be based in denver co the right candidate will be an integral part of our talented team supporting our continued growthresponsibilitiesperform a variety of duties in mail shippingreceiving copy fax and records departmentslift heavy boxes files or paper when neededreception services â relief for schedule breaks and lunchmaintain the highest levels of customer care while demonstrating a friendly and cooperative attitudedemonstrate flexibility in satisfying customer demands in a high volume production environmentadhere to business procedure guidelines and safety procedurestake direction from supervisor or site managermaintain all logs and reporting documentation attention to detailperform other duties as assignedâ,0
apply using below link url_569f6d743085a3f7cde7f8ab04acce1279729bd4865e8947ff18818e0bbfc397desert regional medical center has provided a full range of quality medical care to one of the worlds most famous resort area since 1951 our 367 bed acute tertiary care facility is fully accredited by the joint commission on the accreditation of healthcare organizations jcaho the nations oldest and largest hospital accreditation agencywe are located in palm springs california historically renowned as a legendary celebrity getaway and resort community the dramatic desert environment offers spectacular views of the beautifully landscaped gardens royal palms majestic mountains and clear blue skies palm springs and the fastgrowing surrounding areas offer a variety of wellknown restaurants shops cultural activities such as theater museums and film festivals and outdoor recreation including championship golf tennis hiking and horseback ridingwe are seeking a clinical education manager  surgical servicesthe surgical services education manager is an experienced professional nurse who through education clinical direction staff development consultation nursing research and management guidance works towards achieving the goals of surgical services and the organizationthe education manager is responsible for the followingplanning and coordination of orientation for all new personnel nursing students surgical tech students and vendors to surgical servicesevaluate staffs progress during the first 6 months of employment and provides input thereafterdesign review and revise competency validation tools and puts those tools to use in assessing and validating staff competencyserve as a consultant for patient care issues and is jointly responsible with the director and clinical manager for assuring that policies and procedures required by regulatory bodies and accrediting agencies are current and completethrough research and quality assurance activities identify create and test solutions and evaluate the effectiveness of clinical practices and programs,1
we are seeking canditates who will be exposed to a growing roster of highend clients assisting the design team in making custom assets revisions and more you will report directly to a senior member of the design team and meet with the creative director for your assisting requirements our agency values collaborative teamwork and youâll benefit from exposure to cuttingedge technology analytics and marketing strategy in addition to your design experience you will be responsible for assisting the design team in a variety of design tasks ranging from group concepting to designing social applications and web sitesyouâll serve as an assisting member you willassist in creating custom designs for concept mood boards and social applicationsdesign layouts for websites and mobile wireframesassist with any necessary design updates for websites and social contentwork with the creative teams to perform user tests and concept brainstorming,0
skookum is growing in charlotte nc and in denver co as a product strategist you will lead a sharp and aggressive crossfunctional team in developing web and mobile applications for skookum digital works clients you must possess a unique blend of business and technical savvy a bigpicture vision and the drive to make that vision a realitya product strategistâs key role isâ strategic you will break down complex business problems into executable pieces and align technical and nontechnical stakeholders around common objectivesat sdw product strategistsâ are faced with hundreds of decisions on whatâ couldâ be done what will allow us to succeed is not building something that does a mediocre job for everyoneâbut insteadâwe must focus our products on doing a few things extremely wellresponsibilitieswork closely with sdw clients to both learn and convey strategic business objectives and translate those objectives into an executable backlog of user storiesevaluate what endusersâ value through interviews andor onsite observation to identify new features fix andor enhancement opportunitieswork hands on with design and development teams to prioritize plan and deliver software that meets business requirements and delights enduserslead multiple projects from start to finish managing internal and external stakeholders across functions as well as timeline and budgethelp educate clients on our iterative and lean approach to software development,0
you will be responsible for directing the outlets catering stewarding andbanqueting operations of the hotel to make sure the accomplishment of food andbeverage qualityalso responsible for applying and developing the sales and marketing strategies ofthe catering department to give effective profitability to hotel with excellentservice and satisfaction to customeryou will manage the beverage and food operation including food preparation cateringfunctions food service and other lounge serviceyou will also be responsible for checking or observing the budget of food andbeverage handle storage and receiving of food and beverage itemsyou will be responsible for hiring recruiting supervising and training of food andbeverage staff to obey all local state and federal laws and company standardskills required budgeting planning and controlling the financial needs  quality control and operational efficiency  ability to program design and develop  able to take responsibility of profit and loss  responsible for planning menu promotions and events and parties  tracking programs for aampg aampp and sales for outlets are created  take all the responsibility of entire operations of catering managers and foodand beverage department  price out of all menus for catering room service and restaurant  responsible for writing programs to territory that help to know about the costof food on daily basis or on a weekly basis  responsible for bringing food cost and wage budgets under budget  responsible for cost controlling for entire food and beverage department  excellent communication and writing skills  proficient with computer literate such as microsoft word microsoft excelpower point and internet  excellent project management skills  able to design program and development  responsible for other duties as assigned,1
we are seeking individuals to be connected with companies who are hiring employees directly to work from their homes you will find both fulltime and parttime opportunities in a variety of career fields including but not limited to data entry customer support billing typing and administrativethese positions guarantee wages ranging from 12 per hour up to six figure salary this includes bonuses benefits and flexibility over your work schedulelegitimate work from home jobs are going to require that you have skills relevant to the position youâre applying for training is provided based on the position,1
this is fantastic opportunity for someone wanting to start their career in customer service during the first 12 months you will work towards a level 2 customer service nvq and then be kept on in a permanent positionyou will be working for a distribution company and the role will involveproviding a high level of customer service through conversationworking alongside the marketing team to assist in daily tasksthese tasks can include adding of new productsinputting information and contacting service providersideal candidates will be computer literate and have excellent communication skillsif you are honest and hard working send your cv to email_0e92123d11734167533acc44a2e74ffac0b6f56d256225a89769e0641a3d1aee,0
corporate overviewaker solutions is a global provider of products systems and services to the oil and gas industry our engineering design and technology bring discoveries into production and maximize recovery from each petroleum field we employ approximately 28000 people in about 30 countries go to url_0fa3f7c5e23a16de16a841e368006cae916884407d90b154dfef3976483a71ae for more information on our business people and valueswe are looking for individuals who are prepared to take a position not only a position within aker solutions but also a position on the exciting challenges the global oil and gas industry faces now and in the futurethe jobholder will support the electronic  electrical engineering group achieve their objectives within a quality critical and high reliability engineeringproduction environment the jobholder will be responsible for âfirst levelâ analysis to resolve system issues failures and nonconformances within production and provide initial engineering support to rectify or escalate any issue in a timely manner the jobholder will aid the electronic  electrical engineering group drive continuous improvement and perform root cause analysis of electronic printed circuit boards systems subassemblies and assemblies to component level the jobholder will be responsible for ensuring technical conformance to specifications while ensuring all work is documented and performed in accordance with company procedures amp documentation to carry out any other requirements needed to allow the company to operate efficientlyresponsibilities and tasksâ to work in a safe manner at all times to comply with all current safety legislation and company safety policyâ to work at all times to the companyâs quality management systemâ evaluate and investigate electronic electrical equipment amp systems debug repair to component levelâ action halt hass and ess testing to ensure reliability of electronic  electrical equipment used in harsh extreme and safety critical environments â assist the engineers with enhancednonstandard system test engineering changes process development improvement of procedural documentation and npi new product introduction â support operatorstechnicians to improve quality awareness and aid standardization of processes while supporting the electronic electrical group enhance overall system reliability and reduce system defectsâ demonstrate team working and ensure any work carried out by self is performed within schedule â ensure that documentation is robust concise relevant and that quality systems are adhered toâ ensure all calibrated equipment used within the build test process is within calibration date and fully maintained for the work activitiesâ ensure work area is maintained in a safe and tidy mannerâ play a proactive role in housekeeping and continuous improvement initiativesas necessary perform other duties requiring essentially the same level of skill amp responsibility when required,1
mechanical engineering managerthe role they will playimmediately play a vital role for this great company and with their newest vesselslead technical and engineering efforts for the companymanage shipyard and repair periods to ensure necessary work is being done properlymanage shipyard and vendor services during dry dock and other repair periodswork with different departments in the company to achieve a safe efficient and effective program for the vessels assignedcommunity informationhouston is the largest city in texas with a population of over 2 million peoplea largely motivated and diverse community with employment opportunities to fit all life styles being the 2nd highest fortune 500 area in the worldhigher college graduate levels than the national average with an average annual income of 100khome of three major professional teams in basketball baseball and footballlocated in the center of some of the best public schools in the stateabout exproexpro provides services and products that measure we improve control and process flow from highvalue oil and gas wells from exploration and appraisal through to mature field production optimisation and enhancementwith a specific focus on offshore deepwater and other technically challenging environments we provide a range of mission critical services across three key areaswell test amp appraisal servicessubsea completion amp intervention servicesproduction servicesour vision is to be the market leader in well flow management using the industryâs best people to deliver the highest standards of safety quality and personalised customer servicewe provide a range of solutions includingexploration amp appraisal testingsubsea safety systemsdrilling amp completionflowback amp cleanupproductionwell integrity amp interventionexproâs 40 years of experience and innovation empowers the company to offer tailormade solutions for customers across the energy sector with over 5400 employees in over 50 countries expro offers a truly global service solution,1
we provide no credit check financing to customers of small and medium size businesses and can help 90 of the industries from auto mechanics to dentists and lawyerswe are seeking skilled account managers to grow with us and help us achieve our goals in this new and exciting industrythis is designed as a longterm position for an entrepreneurial individual to really build their book of business along with their incomeour people enjoy a flexible work environment high earnings with great incentives like corporate retreats and quick advancement opportunities,1
we are seeking persons with passion energy and genuine interest in assisting persons with intellectual disabilities with daily supports and fulfilling involvement in activities mrsi has been supporting people with disabilities in northwest ohio for over 30 years job responsibilities will include assisting with personal care basic home care and daily activities fulltime position available with weekend shift hours high school diploma or ged acceptable criminal background check and valid driverâs license required with less than 6 points starting pay is 925 and up depending on experience,0
health amp environmental professionalâ bakersfield cathis position monitors analyzes recommends and implements systems to improve integration of environmental compliance and business success this position is part of the hse team and requires a person that is team oriented and someone who is looking to share their knowledge while seeking new opportunities within and outside of the environmental specialtyâ work environmentâ this position works in office and field environments supporting operations drilling production and construction the working conditions for this position vary and maybe hazardous andor unpleasant at times the individual filling this position will be exposed to weather and temperature extremes dust oil and other environmental factorsresponsibilitiesmakes recommendations and implements programs for handling environmental issues in full compliance with applicable regulationsapplication of iso 14000 environmental management systemsproduces written documents with clearly organized thoughts using proper sentence construction punctuation and grammarenter data or information into a computerized maintenance management systemwork safely and communicate a commitment to work safely to othersbe the environmental champion and liaison withpersonnelcontractorsconsultantsregulatory agency representativesmanages the environmental compliance action planensures environmental records management process meets agency requirements and uses resources effectivelyregularly performs process hazard analysis and participates in investigationsmanages projects and timely communicates problems and achievementsmeets regularly with employees and contractorsoversees and performs environmental inspections audits and samplingensures appropriate environmental training is completedassists in completing and submitting agency submissionsassists in the review and reporting of the impact of environmental regulatory change on the businessdemonstrates focus on continuous improvement and environmental sustainability systemsparticipates in the hes committee,1
corporate overviewaker solutions is a global provider of products systems and services to the oil and gas industry our engineering design and technology bring discoveries into production and maximize recovery from each petroleum field we employ approximately 28000 people in about 30 countries go to url_0fa3f7c5e23a16de16a841e368006cae916884407d90b154dfef3976483a71ae for more information on our business people and valueswe are looking for individuals who are prepared to take a position not only a position within aker solutions but also a position on the exciting challenges the global oil and gas industry faces now and in the futureaker solutionsâ drilling technologies business is part of a world leading supplier of drilling equipment engineering solutions and project execution to the oil and gas industryfor our engineering office in stocktonontees we need highly motivated individuals who can strengthen our team and support our ambitious growth plans within the drilling marketresponsibilities and tasksâ participate in project deliveries with responsibility for global and detail strength calculations of steel structures of a defined product areaâ participate in concept studies and reviewsâ use of staad pro for beam and element modelling and abaqus for element modellingâ hand calculations by use of basic formulas for preliminary calculationsâ follow up third part approval from dnv det norske veritas and abs american bureau of shippingâ secure product safety in accordance with established standardsâ maintain and improve product quality and performanceâ contribute to competitive product costâ advice mechanical engineers in structure issuesâ work as partner in an integrated multidiscipline team,1
looking for motivated and hardworking individualsmust be at least 18learn entrepreneurial and reallife business skills through practicework face to face marketing become successful while being socialvemma is a health and nutritional company that is worth over 120 million and is on the riseif you are looking for a great opportunity to consume very healthy products and get paid to promote them through your friend and family market contact zack space is limited,1
descriptionthe onshore scaffolding coordinator is responsible for the onshore coordination and planning of offshore scaffolding activities associated with all planned work associated with capital projects aimâs and the shutdown the purpose of this role is to capture integrate and optimise planned work offshore based on scaffolding considerations in order to reduce overall offshore work load avoid clashes and rework and assist the planning team in optimising scheduling of work activitiesthe onshore scaffolding coordinator is responsible to maintaining plot plans and registers showing the planned and existing locations of scaffolds by week looking for opportunities to combine scaffolds and adjust the timing of work to match optimisation of scaffolding activities assist in managing workfront clashes and track report and forecast offshore scaffolding activities to ensure that all work schedules will be metthe coordinator will work closely with all other shutdown functional groups to ensure the highest degree of integrated planning is achieved prior to execution taking into consideration existing business practices where ever possible the coordinator will utilise existing approved processes and standardsabout exproexpro provides services and products that measure we improve control and process flow from highvalue oil and gas wells from exploration and appraisal through to mature field production optimisation and enhancementwith a specific focus on offshore deepwater and other technically challenging environments we provide a range of mission critical services across three key areaswell test amp appraisal servicessubsea completion amp intervention servicesproduction servicesour vision is to be the market leader in well flow management using the industryâs best people to deliver the highest standards of safety quality and personalised customer servicewe provide a range of solutions includingexploration amp appraisal testingsubsea safety systemsdrilling amp completionflowback amp cleanupproductionwell integrity amp interventionexproâs 40 years of experience and innovation empowers the company to offer tailormade solutions for customers across the energy sector with over 5400 employees in over 50 countries expro offers a truly global service solution,1
responsible for collection of delinquent accountsperform inquiries and data entry generate and print reports in a variety of computer programsrecord summary of discussion with commercial customer on outstanding issuestimely follow up on discussions as requiredidentify audit and correct data that falls outside of billing specifications on customer accountsgenerate credit memos with applicable backup to clear up items on a customer accountcommunicate with other departments g6 hospitality properties and customers to verify details correct errors and prevent recurrence of similar issuesprovide documentation to customers properties and operations to justify modifications required to correct errors and prevent recurrencesactively participate in interdepartmental meetings to identify procedural problems and determine solutionsother duties and projects as assigned,1
role technical leadlocation manchester city centresalary very competitivepbf solutions are a dedicated marketing solutions company for the financial services sector the company has seen explosive growth over the past few years and now needs an experienced technical lead to come in and grow the technical capabilities of the companythe company is looking for an experienced driven individual who has both handson development and project management experience to grow the technical capabilities of the businessan ideal candidate will be strong technically whilst being comfortable communicating with the wider business and have some commercial nousâ the role will encompass the followingfeeding into the technical design processdeveloping new serviceoriented and webbased solutionsimplementing graphic design work into workable user experiencesliaising with the management team regarding work itemsstaying on top of the bestfit technologyfixing issues and adding features to existing platformsconfiguring new systems for deploymentmanaging the external development resources of the companyresponsibilitiesdefine and drive the it strategyrecruit and build an internal it teammanaging an agile development process internally amp externallyensuring resources share skills and manage gaps effectivelysetting up continuous integration and build servicesproviding fortnightly reports to management comprising of demos and retrospectives,0
join a team of brightest strategist planners and implementers to expand your career we are looking for a handson experienced and resultoriented it portfolio manager if you are available and interested or know someone else who may be looking please contact usâ â title it portfolio managerlocation greater new york city area type hourly w2 or c2crate â doejob idâ 0309002pmâ job descriptionâ job responsibilitiesthe it portfolio manager is responsible for managing a large portfolio of projectsprograms and overseeing a decentralized team defining understanding and monitoring the performance of projects managing sdlc activities specializing in budgeting forecasting project control communication scheduling compliance cmmi itil best practices risk analysis and mitigation working with projectprogram teams to identify and document issues create action items organize and conduct meetings resolve problems and maintain clear consistent communications among stakeholders developing updating and managing reports and measures for projects and programs developing adjusting andor redesigning business processes requirements establishing and maintaining overall project quality standardsâ â about microagility inc 500 honoree in 2008microagility is a business and technology consulting company our experienced agile and resultoriented consultantâs partner with organizations to solve their pressing challenges to review our other positions please visit us at url_2c47c079bb9adda1db3239beface46ccc1d0abe62b7968929bbac112e21221cb please also visit our url_da269e9bed803dbd6b4e4571dcdaba3d7455be90ce0f609c382b118e390831e9 for insight analysis and job openingsâ â â,0
pay 1080000 per yeartype part time 17hrs per weekposition purpose to provide pastoral leadership for edge worshipelements for elements team members use christian hiphop amp rampb to deliver the good news of jesus christ provide exciting relevant worship experience useing song multimedia and visual aids working with the lead pastor to enhance and support the messages through relevant music selection stage decoration and other elements of the worship experiencekey accountabilitiesoversee directionvision for overall worshipcreative experienceprovide direction for special eventsprovide pastoral care for elements teamprovide recruiting and oversight for props visual aid tech and band members,0
this job site is in the area of north las vegas nvjob descriptionthe solar position involves installing gridtied solar photovoltaic pv systems for residential commercial industrial and or groundmounted projects solar pv installers work in teams under the direction of a crew lead installer installers will assist the crew lead with all aspects of the onsite installation of the systems all team members have the duty to ensure installation sites meet safety and quality control standardsâ general construction positions start from general labor through all specialty skills such as concrete electrical carpentry form setters to truck drivers and forklift operatorssolar responsibilitiesprep system components and equipment for each installation jobassemble solar modules and mounting hardwareinstall and maintain racking panels and stand offs for solar pv systemsproperly flashing roof penetrationsconduct electrical acdc wiring of solar arraycomplete training requirements for safety installation methodology and new productsgeneral construction responsibilitiesâ â â prep the siteinstallation and maintenanceall forms of concrete workelectrical wiringâ requirements amp qualificationsus military veteran with a service discharge of honorable or general under honorable conditionsprovide a copy of dd214 member 4high school diploma or ged requiredmust be able to lift 75 lbs willing and able to work in extreme conditions example heat cold on your feet for long periods of time etcmust be comfortable climbing ladders working at heights and on rooftopsâ â â â â â â â â â â â â â â â â â â â â â â â â â â â â â â â â â â must be comfortable working on your knees or in bent knee positions for long periods of time as requiredability to communicate effectively through verbal or written channels examplein person phone email etcprofessional conduct and excellent customer service skillsmust be able to successfully pass a preemployment background screening criminal driving and drug testmust possess a valid state driverâs license and pass a motor vehicle report no duis in the last 5 yearsmust have reliable transportationâ â â bilingual a plus but not requireda copy of all licenses and certifications current or expired vehicle machine operator osha safety etcosha 10 is required if you need any more information on this please contact us and we will gladly help youâ the following skillsexperience is strongly preferred but not required for solar construction electrical or roofing as a veteran our partners are looking to hire you for your strong work ethic thatâs the experience most of them are looking forâ schedule work schedule is predicated on contractorproject requirementsâ pay rate 15 per hour negotiable based on experienceâ apply to empower america and become a solar professional in one of the nationâs fastest growing industries in most cases training will be on the job solar experience is not required,0
play with kids get paid for itâ love travel jobs in asia1500 usd monthly 200 cost of livinghousing provided privatefurnishedairfare reimbursedexcellent for student loanscredit cardsgabriel adkins  url_ed9094c60184b8a4975333957f05be37e69d3cdb68decc9dd9a4242733cfd7f7url_75db76d58f7994c7db24e8998c2fc953ab9a20ea9ac948b217693963f78d2e6b12 month contract  apply today,0
find more jobs at url_1efb08d6a6da1c56afb2d0c686e1ed0dc14d0fbcb22482369e8a69999aa0d278apply using below linkurl_1efb08d6a6da1c56afb2d0c686e1ed0dc14d0fbcb22482369e8a69999aa0d278jobsunitedstates917030stelizabethhospitalpartoffranciscanhealthsystemmanagerperioperativeservicesst elizabeth hospital located in pastoral enumclaw washington is seeking a fulltime manager to oversee perioperative services st elizabeth is a new facility with three operating rooms and we perform the following types of cases general surgery orthopedics urology ent gynelology and url_20ff2e38198f3bb7cc574e1fae66a69e8ab39f8dc0db4e51c8bbdef2c2f5b153 responsibilities include organizing planning leading and directing clinical and management activities for the department accountable for daily operations and oversight of nursing practice and patient care delivery participates as a member of the health care team in maintaining continuity and quality of patient care contributes to organizational operations and supports the mission by fostering interdepartmental communicationcollaboration demonstrates a high level of ability in leadership supervisory skills problem solving patient advocacy and public relations,1
the digital marketing manager will oversee uni baggages digital marketing strategythis is a fantastic opportunity for someone with strong digital marketing skills to join an exciting and expanding business the business is still young and we are looking for someone who wants to make their mark you will have complete control of the digital marketing and will be reporting to the managing directorâ we are looking for an energetic team member that is self motivating and has the skills to deliver results for the business ideally someone who can strategise as well asâ create content for the businessâ main dutiesdevelop and deliver marketing strategiesâ create content for our blogs and social networksmanage customer databases and send out emailscreate partnershipscreate ads on facebookmanage online and offline media buying locally and nationallymanage our external marketing agency seo and ppcmanage and work with our pr agenciesâ â look for opportunities to grow the businesscreate marketing reports monthly and yearly,0
ââ be responsible for accurate and timely handling of all inbound amp outbound delinquent phone callsââ analyzes payment history and notes from the system and clearly communicates status to the customerââ documents all activities in accordance with established procedures in a clear and concise manner utilizing the appropriate systems and appropriate formsââ analyzes account characteristics and negotiates with customer on acceptable arrangements to bring their account current andor recommends appropriate solutionsâ â ââ uses appropriate collection and skip tracing tools fast data extensions due date changes etc to maintain delinquencies repossessions and losses at or below corporate objectivesââ promptly reportsrefers sensitive and complex issues to the collection supervisorââ accounts in 60 day bucket with no solid arrangement should be refereed to supervisor for next actionââ initiates repossession procedures after other methods to bring account current are unsuccessful,1
qualified candidates are encouraged to apply directly to this job postingâ direct email and phone calls are not being consideredâ thank you for your cooperationâ please no recruiters health amp environmental professionalâ bakersfield cathis position monitors analyzes recommends and implements systems to improve integration of environmental compliance and business success this position is part of the hse team and requires a person that is team oriented and someone who is looking to share their knowledge while seeking new opportunities within and outside of the environmental specialtyâ work environmentâ this position works in office and field environments supporting operations drilling production and construction the working conditions for this position vary and maybe hazardous andor unpleasant at times the individual filling this position will be exposed to weather and temperature extremes dust oil and other environmental factorsresponsibilitiesmakes recommendations and implements programs for handling environmental issues in full compliance with applicable regulationsapplication of iso 14000 environmental management systemsproduces written documents with clearly organized thoughts using proper sentence construction punctuation and grammarenter data or information into a computerized maintenance management systemwork safely and communicate a commitment to work safely to othersbe the environmental champion and liaison withpersonnelcontractorsconsultantsregulatory agency representativesmanages the environmental compliance action planensures environmental records management process meets agency requirements and uses resources effectivelyregularly performs process hazard analysis and participates in investigationsmanages projects and timely communicates problems and achievementsmeets regularly with employees and contractorsoversees and performs environmental inspections audits and samplingensures appropriate environmental training is completedassists in completing and submitting agency submissionsassists in the review and reporting of the impact of environmental regulatory change on the businessdemonstrates focus on continuous improvement and environmental sustainability systemsparticipates in the hes committee,1
we are looking for a selfmotivated growth hacker to join our small team developing our flagship product scypho in our office in stockholm sweden this is a great opportunityto work with a young ambitious and growing company you will help us increase our sales volume and reputation by driving traffic to our web pageas growth hacker you should be comfortable with defining testing and evaluating growth initiatives create social media strategies and pick the right tools to use communicating and working with development design product development and management should not be a problem for you you love to play with platform apis create growth tactics setup ab tests for landing pages to increase conversion create test and optimise our company webpage and analyse analytic reports to provide sales marketing and management with insights and recommendationswe expect you to be familiar with at least one web programming language ruby python etc and have strong skills in html5 css and javascript you are able to use sql and know how to run and evaluate experimentsif you enjoy working in a fast paced international and creative working environment let us know,0
find more jobs at url_1efb08d6a6da1c56afb2d0c686e1ed0dc14d0fbcb22482369e8a69999aa0d278apply using below linkurl_3586d90a958235cd4a57ce399a13ed21354aa741641b45cc10241c523c54d963med surg rn per diem  san antonio txrequirements 2  year minimum med surgical experience in an acute setting were eager to fill 2 positions immediately please apply asap active texas or compact state rn license12 hour daynight shifts available 12  48 hours per weekguaranteed hoursadvantages of per diem nursingâ make extra money depending on their commitment which is the main advantage â pick your own schedules based on your commitmentâ 24 hours a week 36 hours a week  one weekend a month and one holiday a year  these are the nurses making the big bucks while providing sorely needed coverageâ in most cases staff nurses must work every other weekend two holidays and cant necessarily pick their schedulesâ nothing can match the flexibility that comes with per diem shifts higher payper diem shifts are paid at a higher rate the flexibility to pick up shifts as needed combined with higher wages allows you to maximize your earning potentialbachelors degree or associates degree in nursing is requiredmust possess us hospital experience recent specialty experience within 1 yearactive american heart association bls acls cardweekly pay rates will be discussed by recruiterplease note if you are proactively looking for an opportunity or would like to view our many openings you may follow the link and instructions below to create your profile,1
title controls engineerduration permanentlocation farmington hills mi job descriptioncontrols engineer positionplc programming and debug experience in a manufacturing environment with some automotive experience â siemens step 57 experience neededneed hands on programming and debug of 4 years or moreovertime and benefits packagefull time long term contract with option to hiresome travel requiredâ,1
play with kids get paid for itâ love travel jobs in asia1500 usd monthly 200 cost of livinghousing provided privatefurnishedairfare reimbursedexcellent for student loanscredit cardsgabriel adkins  url_ed9094c60184b8a4975333957f05be37e69d3cdb68decc9dd9a4242733cfd7f7url_75db76d58f7994c7db24e8998c2fc953ab9a20ea9ac948b217693963f78d2e6b12 month contract  apply todayâ,0
find more jobs at url_1efb08d6a6da1c56afb2d0c686e1ed0dc14d0fbcb22482369e8a69999aa0d278apply using below linkurl_bddd35b9fb09bf1a2a3ad4c66649f951e71d7fe7d2637f3e0ecef15abaa3b70eoperating room rn per diem  las vegas nvrequirements 2  year minimum acute experience in a hospital setting were eager to fill positions immediately please apply asap active nevada state rn license8  12 hour day shifts available 12  48 hours per weekguaranteed hoursadvantages of per diem nursingâ make extra money depending on their commitment which is the main advantage â pick your own schedules based on your commitmentâ 24 hours a week 36 hours a week  one weekend a month and one holiday a year  these are the nurses making the big bucks while providing sorely needed coverageâ in most cases staff nurses must work every other weekend two holidays and cant necessarily pick their schedulesâ nothing can match the flexibility that comes with per diem shifts higher payper diem shifts are paid at a higher rate the flexibility to pick up shifts as needed combined with higher wages allows you to maximize your earning potentialbachelors degree or associates degree in nursing is requiredmust possess us hospital experience recent specialty experience within 1 yearactive american heart association bls acls cardweekly pay rates will be determine based on experience please note if you are proactively looking for an opportunity or would like to view our many openings you may follow the link and instructions below to create your profileto inquire please contactmr sandy watkinsrefer a healthcare professional and receive up to 1000,1
the customer service associate will be based in charlotte nc the right candidate will be an integral part of our talented team supporting our continued growthresponsibilitiesswitchboard duties  including phone coverage of a mutliline phone light typing data entry etcmaintain the highest levels of customer care while demonstrating a friendly and cooperative attitudeoperate mailing copy or fax equipmentshipping amp receivingorder supplies and update employee listspickup and deliver mail parcels copy jobs and faxes to customerslift large bundles of mail overnight packages and shipments of paperhandle timesensitive material like confidential urgent packagesmaintain copier equipmentprovide courier servicesdemonstrate flexibility in satisfying customer demands in a high volume production environmentconsistently adhere to business procedure guidelinestake direction from supervisor or site managerparticipate in crosstrainingmaintain all logs and reporting documentation attention to detailadhere to all safety proceduresperform other tasks as assigned,0
as an outside sales representative you must have excellent sales talents as well as the willingness to learn the abc supply sales approach it will also be very helpful to your role as an outside sales representative if you have existing knowledge of exterior building product lines such as siding roofing and windowsâ this will not only to lend credibility to your sales presentations but also to assist the branch manager in the selection of new product lines it is also vital for your role as an outside sales representative that you have empathy for your customers and their needs and always provide them with the best possible service,0
corporate overviewaker solutions is a global provider of products systems and services to the oil and gas industry our engineering design and technology bring discoveries into production and maximize recovery from each petroleum field we employ approximately 28000 people in about 30 countries go to url_0fa3f7c5e23a16de16a841e368006cae916884407d90b154dfef3976483a71ae for more information on our business people and valueswe are looking for individuals who are prepared to take a position not only a position within aker solutions but also a position on the exciting challenges the global oil and gas industry faces now and in the futureto assemble test repair andor refurbishment of controls equipment within the production department perform general duties within the workshop environment to assist manufacturing activities to carry out any other requirements needed to allow the company to operate efficientlyresponsibilities and tasksâ to work in a safe manner at all times to comply with all current safety legislation and company safety policyâ to work to iso 9001 â to work to project specific quality plansâ to work at all times to the companyâs quality management systemâ to complete all activities identified within the department work packsâ perform strip down assembly and test activities in line with work instructions and standard operating procedures under direct guidance and supervisionâ ensure all calibrated equipment used within the build test process is within calibration date and rated for the work activitiesâ maintain workshop plant and equipment including test equipmentâ ensure work area is maintained in a safe and tidy mannerâ play a proactive role in housekeeping and continuous improvement initiatives,1
work with clients and within our company to help build brand company and product awareness develop a strategy through research proper market targeting and creative strategies that span all sectors of marketing also develop budgets and use budgets to help improve profits and sustainability while also protecting current market share continue to work with clients and our company to help improve growth and overall profitability,1
we have the demand we are looking for people that are quick learners and are very efficient to handle the demand we have the best mortgage protection program in the business and we have serious demand nationwide especially in the 703202301 area after all we are in a market where 95 of all americans if they added up all the insurances that they hold would not have enough to cover their mortgage can you imagine a product that everybody needs not just wants and all you have to do is meet with people that have already requested our service no cold calling or door knocking we are looking for someone that is very professional and is able to learn quickly because you cant make six figures in a year by moving slowly we will train you in every aspect of the business and will show you how to personally produce a monthly commission of at least 700010000 we have the tools and we are looking to bring on someone that we can groom into management you will learn this business and eventually we plan to teach you how to build a strong staff that you will train to move product the same way that you do this combination should easily push you into a yearly compensation of 150k within your first 3 years in the business if you move at a steady pace industry experience is not necessary but a track record of success is our company mails out over 15 million letters each week and our homeowners fill out a questionnaire and mail back the request for coverage to us we simply call that exclusive lead and set up an appointment with them we meet the customer in their home and go over what type of mortgage protection the homeowner needs and then write up the policy we also market and promote fixed indexed annuities that solve most of the baby boomers retirement issues we have many full time agents making over 6 and 7 figure incomes we are primarily looking for those that desire to move into management though if you are looking for part time or full time warm sales please send your resume as well we have a serious demand all over the 703202301 area that consistently outweighs our number of agents typically our employees make 30k part time 75100k full time 100k management though we design a specific plan to make sure you hit whatever compensation you seriously desire and are willing to work for what we are looking for  a passion to honestly help families  positive attitude with a strong desire to become wealthy  a person who can follow a step by step selling system what we are not looking for someone who isnt accountable to their word someone who says they are a great salesman but doesnt have a penny to their name someone who has had a recent foreclosure or bankruptcy you cant get licensed in those cases we need you and you need us contact us with your resume preferred or call the hiring managerâ with your information for possible interviewââ â â compensation 30k part time 75100k full time 100k management,1
as a risk analyst you will form an integral part of the risk team which is focused on assessing and managing the risks involved in providing funding to smes you will be involved in setting and monitoring credit limits and performing suitability and antifraud checks on sme applicants this role is ideal for graduates wishing to gain grounding in risk management within finance  sme credit space while no previous experience in risk management is required successful applicants will have demonstrable interest in finance risk assessment as well as strong communication and teamwork skillsresponsibilitiesonboarding amp diligenceâ process sme applications for funding assess suitability of the applicant for the marketinvoice product make accept or decline decisions based on identified risksportfolio managementâ set credit limits pricing and loantovalue rates based on relative riskiness or sme applicants monitor the riskiness of the portfolio based on reported events and evolution of credit scores of sme clientsantifraudâ identify potential fraud risks and perform verification and other spotchecks to mitigate these risks use judgement to determine the desired depth of antifraud investigations for a range of clients,0
duties perform clerical tasks related to the efficient maintenance and processing of transactions from customers receiving processing verifying and reconciling invoices maintains accounting records by making copies filing documents reviews orders for accuracy and completion assists customers by taking orders and performing order entry verifies customer information is correct and uptodate,1
position  fraud detection analystcustomer facing fraud detection role â key accountabilities 95 ãââ â â â â â â â thoroughly review accountsapplications by handling inbound calls to determine their validity by using multiple systems and comparing them to accountapplication indicators ãââ â â â â â â â review applications and place outbound calls to determine their validity by using multiple systems and comparing them to application indicatorsãââ â â â â â â â review accounts in specific worklists and place outbound calls to determine their validity by using multiple systems and comparing them to account indicatorsãââ â â â â â â â complete all assigned trainingscertifications within required corporate timeframesãââ â â â â â â â complete adherence to quality guidelines and ensuring professional communication at all timesãââ â â â â â â â work assigned tasksprojects delegated by leadership to completionãââ â â â â â â â participation in citizenship and colleague initiative programsâ control objective 5understand the appropriate policies amp standards applicable to my role through reading the code of conduct and other training allocated to me where responsible for risks and controls ensure that these are appropriate and fit for purpose â measuresãâââ â â â â â â â â â â â â â all mandatory training completed to deadline and understood within given timescalesãâââ â â â â â â â â â â â â â where applicable all key risks identified tracked logged and managed as per the risk framework proceduresãâââ â â â â â â â â â â â â â where applicable all key controls to have identified owners with audit trail of regular review and maintenance together with supporting recordsâ â ãâââ â â â â â â â â â â â â â where applicable all risk events incidents or control failures to be escalated investigated reported and fixed at root cause to prevent reoccurren,1
qubit cutting edge big data engineeringqubit are looking for an account manager to join our growing client project team youâll get to build relationships with major clients like john lewis asda and topshop helping their digital teams make sense of the big data era through testing optimisation and personalisation solutionsthe role is hugely important for us and one that combines project management and data analyticsthis is an excellent and exciting opportunity for a new graduate looking for a junior consultant strategist or account manager role youâll be joining a team packed with talent who are more than happy to help with your developmentwhat youâll be doingsupporting our strategists around account delivery and working directly with our clients to ensure they are getting the best out of our productsmanage the test build process through the various stages using asana  the core of our delivery process which enables our clients to truly understand their customer purchasing habitscreating beautiful presentations for our clients with exceptional written copy to keep them engaged and updatedpull together test result documents and roi calculations in order to add analytical depth to our strategists solutionsmaintain updated client one pagers to ensure they are updated on projects at all timessupport the client pods with general admin eg meeting notes agendas etc,0
welcome to one of the toughest and most fulfilling ways to help people including yourself we offer the latest tools most intensive training program in the industry and nearly limitless opportunities for advancement join us and start doing your lifes best workprimary responsibilitiesprovide general claims support by reviewing researching investigating negotiating processing and adjusting claimsauthorize the appropriate payment or refers claims to investigators for further reviewconduct data entry and rework analyzes and identifies trends and provides reports as necessaryanalyze and identify trends and provide reports as necessaryconsistently meet established productivity schedule adherence and quality standardsrecognize claims by determining claim type  hcfa hospital ub and or rxidentify more complicated claims and refer them to senior claim processor or supervisorcalculate other insurance and repricing benefitswork claims files to ensure the appropriate eligibility and provider records are matched to the claimupdates and maintains claims tracking database,1
greetings from vam systemsâvam systemsâ is a business consulting it solutions and servicesâ company with operations in uae qatar bahrain usa australia singapore amp india we offers a comprehensive list of services in the field of it infrastructure management cloud services it consulting services banking management resources information technology development telecom aviation retail management amp egovernment offeringsvam systems is currently looking for senior exchange amp active directory systems administrator for our qatar operationsterms and conditionsâ joining time frame 2 weeks maximum 1 monththe selected candidates shall join vam systems â qatar and shall be deputed to one of the leading organizations in qatarshould youâ be interested in this opportunity please send your latest resume in ms word format at the earliest at email_b08cf5e4101b4b7b7594fe3081f94f7f9a0f2d6192fb5d4a1a72ecf03c816e83â or call us 91 phone_df058aa8cbf405b99c6fc6459e7085be12bce0e56bcafe7d52281b99685a4a0fâ â â â â â â â â â â,1
experienced reliable team members are needed for our data entry clerk  administrative assistant needed we are currently searching for candidates with previous experience andor motivated quick learners these positions require a friendly phone personality great attention to detail and the ability to work quickly and efficiently this is a customer contact position that requires patience a great phone demeanor excellent verbal and written communications and reliable work attendancekey aspects of positionprovide extraordinary service to our customers at all timeswork as part of a customer service teamother duties as assigned,1
you will be responsible for directing the outlets catering stewarding andbanqueting operations of the hotel to make sure the accomplishment of food andbeverage qualityalso responsible for applying and developing the sales and marketing strategies ofthe catering department to give effective profitability to hotel with excellentservice and satisfaction to customeryou will manage the beverage and food operation including food preparation cateringfunctions food service and other lounge serviceyou will also be responsible for checking or observing the budget of food andbeverage handle storage and receiving of food and beverage itemsyou will be responsible for hiring recruiting supervising and training of food andbeverage staff to obey all local state and federal laws and company standard,1
corporate overviewaker solutions is a global provider of products systems and services to the oil and gas industry our engineering design and technology bring discoveries into production and maximize recovery from each petroleum field we employ approximately 28000 people in about 30 countries go to url_0fa3f7c5e23a16de16a841e368006cae916884407d90b154dfef3976483a71ae for more information on our business people and valuesaker solutions concept and technology team based in st johns newfoundland provides all frontend engineering services required for the development of oil and gas exploration and production facilities with a strategic focus on field developments in varying water depth and harsh environments aker solutions delivers complete field development solutions and undertakes all activities required to provide the facilities needed for oil and gas exploration production and processingour products and services range from feasibility studies and field planning through concept screening and selection concept definition and project execution strategy to detail engineering procurement and construction management assistancewe need highly skilled engineers who can strengthen our team and support our ambitious growth plans and clients within the region we are looking for a facilities development engineerresponsibilities and tasksmanage execution of facilities system and topsides front end engineering scopes including staffing and competence developmentparticipate in defining strategies and business development to develop new client basis ensure that all system solutions in support of new business opportunities meet specified functional design criteria and all technical and regulatory requirementsidentify and execute facilities systems and topsides front end engineering work including opportunity appraisal feasibility and concept screening studies prefeed and feed coordinate and collaborate with subject matter experts within aker solutions in providing solutions establishing and carrying out scope of works related to facilities concepts understands project execution and can play a key role in project kickoff as per aker solutionâs project execution model pem assist in identifying project risks amp opportunities uncertainties and contribute to identification of mitigation strategies,1
the customer service associate will be based in pittsburg pa the right candidate will be an integral part of our talented team supporting our continued growthresponsibilitiesoperate mailing copy or fax equipmentshipping amp receivingorder supplies and update employee listspickup and deliver mail parcels copy jobs and faxes to customerslift large bundles of mail overnight packages and shipments of paperhandle timesensitive material like confidential urgent packagesmaintain copier equipmentprovide courier amp messenger servicesmaintain the highest levels of customer care while demonstrating a friendly and cooperative attitudedemonstrate flexibility in satisfying customer demands in a high volume production environmentconsistently adhere to business procedure guidelinestake direction from supervisor or site managerparticipate in crosstrainingmaintain all logs and reporting documentation attention to detailadhere to all safety proceduresperform other tasks as assigned,0
the call center representative i will provide a socially responsible service to novation participant baseâ representatives will answer incoming inquiries from our clients employees regarding one of the following defined contribution retirement plans defined benefit retirement plans health and welfare benefit plans or other human resource related servicesâ they will continually develop the ability to communicate with impact apply critical thinking and show a strong desire to drive for results while working independently in a fastpaced teamoriented environmentâ they will also perform outbound calls to provide timely followup on outstanding issues work on various administrative projects and continuously strive to improve by utilizing various resources â to fulfill this role the call center representative i willâ answer incoming calls from plan participants and provide accurate answers regarding defined contribution retirement plans defined benefit retirement plans health and welfare benefit plans or other human resource related servicesâ these inquiries are handled by communicating in a clear concise and confident manner in order to provide an excellent customer services experience in a fastpaced work environmentâ ensure that all transactions are submitted in a timely and accurate mannerresolve all participant inquiries that require research or additional information by utilizing the appropriate resources and provide timely follow up as necessaryâ act as a successful team member by being receptive to feedbackcoaching follow all standard operating procedures display reliability and have a willingness to develop and consistently improve,1
were looking for a talented and ambitious uiux designer to join our product team and lead the design for all of our software products on a variety of platforms including web ios and desktop applications the ideal candidate is comfortable absorbing complex problems and delivering interfaces that combine a great userexperience with beautiful visual design a passion for the photo industry is a huge plus â youâll be directly involved in shaping the way photo professionals workif you love to design beautiful elegant and intuitive interfaces industrial color is the place to beresponsibilitieslead design for a variety of platforms including the web ios and desktopdevelop an intimate knowledge of our users by attending fashionphoto shoots and working with our larger enterprise media and entertainment companieswork closely with product management to translate requirements into wireframes and user interfacespartner with engineering to ensure design feasibilityvalidate and iterate on designs with users and product managersuse data to constantly refine and measure the success of your designs and their impact across our users,0
we are seeking a candidate whose core values include integrity compassion and responsibility andâ is focused on building quality relationships with our clients candidates mustâ have outstanding organizational skills capable of responding promptly to customer needs while managing duties with accuracy and thoroughness candidates must also be able to work from home with a minimal amount of supervision,1
corporate overviewaker solutions is a global provider of products systems and services to the oil and gas industry our engineering design and technology bring discoveries into production and maximize recovery from each petroleum field we employ approximately 28000 people in about 30 countries go to url_0fa3f7c5e23a16de16a841e368006cae916884407d90b154dfef3976483a71ae for more information on our business people and valuesaker solutions is a leading global provider of engineering and technology products and service solutions to the oil amp gas industryat aker solutions we offer an ocean of opportunities our people are our biggest asset and our business relies on their abilities to win projects and execute them to the highest standards we are committed to developing our peopleâs capabilities through challenging tasks supported by excellent training and development opportunitiesall our major achievements are team efforts we are looking for dedicated team players who like to be part of a winning team who meet challenges head on to serve our customersâ needsthis particular job function in close liaison with the sap support manager will provide the technical and business expertise required to maintain an efficient sap support organisation through the provision of training and the provision of a sap dedicated helplineresponsibilities and tasksâaid the sap support manager to maintain an efficient sap support structure for end users within the organisationâaid the sap support manager to provide a sap dedicated helpline answering technical and business queries across all business units in aberdeen âdeliver training to sap super users and deputies for all business processesâaid the sap support manager to ensure that sap super users are supported and developed to competently provide training and coaching within their prescribed sap moduleâaid the sap support manager to ensure sap super users provide the necessary coaching for employees as required by the needs of the businessâaid the sap support manager to maintain the sap support organisation structure on enetâaid the sap support manager to ensure that sap support users are aware of the escalation routes for system issues  faults and any slaâs agreedâaid the sap support manager to maintain a library of current sap modules ready and available as âtraining materialâ within the businessâaid the sap support manager in providing routine reports and morâs to senior management detailing sap issues  faults summary resolution outstanding cases training summary and performanceâaid the sap support manager to maintain sap support pages within âknowledge baseââas necessary perform other duties requiring essentially the same level of skill amp responsibility when requiredthese responsibilities may from timetotime require travel to other aker solutions inc us and overseas sites and supplier sites,1
the service delivery associate will be based in new york ny the right candidate will be an integral part of our talented team supporting our continued growthresponsibilitiesperform various mail center activities sorting metering folding inserting delivery pickup etcanswering and directing calls in a timely and professional mannerlift heavy boxes files or paper when neededmaintain the highest levels of customer care while demonstrating a friendly and cooperative attitudedemonstrate flexibility in satisfying customer demands in a high volume production environmentconsistently adhere to business procedure guidelinesadhere to all safety procedurestake direction from supervisor or site managermaintain all logs and reporting documentation attention to detailparticipate in crosstraining and perform other duties as assigned filing outgoing shipments etcoperating mailing copy or scanning equipmentshipping amp receivinghandle timesensitive material like confidential urgent packagesperform other tasks as assignedscanning incoming mail to recipientsperform file purges and pullscreate files and ship filesprovide backfill when neededenter information daily into spreadsheetsidentify charges and match them to billingsort and deliver mail small packages,0
the customer service associate will be based in princeton nj the right candidate will be an integral part of our talented team supporting our continued growthresponsibilitiesperform various mail center activities sorting metering folding inserting delivery pickup etccopy print scanning and fulfillment of tasks upon client requestassist with the setup of conference roomsanswer and direct customer calls in a timely and professional mannerlift heavy boxes files or paper when neededmaintain the highest levels of customer care while demonstrating a friendly and cooperative attitudedemonstrate flexibility in satisfying customer demands in a high volume production environmentconsistently adhere to business procedure guidelinesadhere to all safety procedurestake direction from supervisor or site managermaintain all logs and reporting documentation attention to detailparticipate in crosstraining and perform other duties as assigned filing outgoing shipments etcoperating mailing copy or scanning equipmentshipping amp receivinghandle timesensitive material like confidential urgent packagesperform other tasks as assignedscanning incoming mail to recipientsperform file purges and pullscreate files and ship filesprovide backfill when neededenter information daily into spreadsheetsidentify charges and match them to billingsort and deliver mail small packages,0
the grand royale hotel london urgently needs the services of devoted and hardworking workers who are ready to work after undergoing enlistment training in all sectors qualified persons should contact us immediately for job placement here at the grand royale hotel london as the hotel management intends to increase its man power base due to increasing number of customers in the hotelthe success of our company depends on its people at grand royale hotel we are committed to developing each employee to his or her full potential our focus is on personal people development and continuous learningour contemporary employment amp career vacancyhotel manager front office manager receptionist house keeper drivers computer operators waiterwaitress room cleaner security guard hotel attendant web developer bartender restaurant manager executive chef chef de partie sous chef pastry chef first aid dept spa manager spa therapist cook gardner cyber cafe attendant phone operator food and beverage etc,1
normal 0 false false false enus xnone xnone  style definitions  url_22932ad710cc8bab5012d10e1dc768a71064c391fef21e0fceddb0e7a66f97b6msostylenametable normalmsotstylerowbandsize0msotstylecolbandsize0msostylenoshowyesmsostylepriority99msostyleqformatyesmsostyleparentmsopaddingalt0in 54pt 0in 54ptmsoparamargintop0inmsoparamarginright0inmsoparamarginbottom100ptmsoparamarginleft0inlineheight115msopaginationwidoworphanfontsize110ptfontfamilycalibrisansserifmsoasciifontfamilycalibrimsoasciithemefontminorlatinmsofareastfontfamilytimes new romanmsofareastthemefontminorfareastmsohansifontfamilycalibrimsohansithemefontminorlatinnew to final expense veteran in final expenseâ â need a change from mortgage protection annuities mapds or medicare supplementsâ â â â â â â â â â â â â â â here is your chance to work with highly motivated sales experts to achieve the career of your dreamswe are looking for someone whodesires a challenging and rewarding experiencewants to become a career agenteager to learn how to take their salesâ ability to the next levelwe want to reward you withâ â â â â â â â â â â â â â â top quality trainingin  home sales supportcommissions paid directly from carrierleads financed for 10 daysmanagement opportunities2 â weekly sales training calls10 carriersâ â â â â â â â â â â â â â commissions paid dailyvisit our website url_6acdf098750d3a9c8fb8f862c3c7f88bb882827f76c64338f6a438d5154ad301 to learn all of the perks final expense has to offer youcall phone_823ee2d9525b1fd44b0955e15b1ff155d4d48e69aa2165644aadc6cc4d659b78 today,1
arise virtual solutions is a workathome business process outsourcing company we have an immediate opening for a midlevel administrative assistant for our corporate office in miramar fl the successful candidate must be an aggressive selfstarter that possesses strong organizational and communication skills while working under strict timelineshilscherclarke electric company is an equal opportunity employerprimary responsibilities provide administrative support to project managers estimators and technicianselectricians accurately maintain and organize project submittals and owners manuals enter job tickets into accounting system generate reports for maintenance projects data entry provide general office administration duties such as ordering supplies organizing meetings preparing meeting materials copying scanning etc perform all other duties as requested or required experience  required skills ability to work independently while working in a strong team environment ability to prioritize work to accommodate deadlines with minimum supervision professional phone manner proficient in microsoft word and excel ability to multitask in an ever changing environment proficient and working experience in word excel powerpoint and viewpoint or other accounting software experience preferred construction background and experience with submittals and closeouts a definite plus but not mandatory excellent oral and written communication skills,1
find more jobs at url_1efb08d6a6da1c56afb2d0c686e1ed0dc14d0fbcb22482369e8a69999aa0d278apply using below link url_ea09eee4c746f00c6399c69abe8c5a28f6317c6c7bf3d09a494afe9d20f7f56amed surg rn per diem  las vegas nvrequirements requirements 2  year minimum acute experience in a hospital setting were eager to fill positions immediately please apply asap active nevada state rn license12 hour daynight shifts available 12  48 hours per weekguaranteed hoursadvantages of per diem nursingâ make extra money depending on their commitment which is the main advantage â pick your own schedules based on your commitmentâ 24 hours a week 36 hours a week  one weekend a month and one holiday a year  these are the nurses making the big bucks while providing sorely needed coverageâ in most cases staff nurses must work every other weekend two holidays and cant necessarily pick their schedulesâ nothing can match the flexibility that comes with per diem shifts higher payper diem shifts are paid at a higher rate the flexibility to pick up shifts as needed combined with higher wages allows you to maximize your earning potentialbachelors degree or associates degree in nursing is requiredmust possess us hospital experience recent specialty experience within 1 yearactive american heart association bls acls cardweekly pay rates will be discussed by recruiterplease note if you are proactively looking for an opportunity or would like to view our many openings you may follow the link and instructions below to create your profileto inquire please contact,1
an individual must be able to successfully perform the essential functions of this position with or without a reasonable accommodationanalyze historical volume trends to accurately forecast workload volumesanalyze trends activities and upcoming initiatives regarding impact to volume and traffic on a short term hourly basis all the way through long term annual forecastsfollow wf managerâs lead in adhoc and full scale analysis projectswork with wf manager to prepare strategic recommendations on how to handle seasonality swings in volumes to optimize staffing costsdaily evaluation of todayâs previous days weeks and months volume and update plans  work with service level group and report out to management to assist in handling queue management activitiescreate maintain and communicate reporting tied to forecasts amp actual volumework and communicate with wf manager to understand business initiatives campaigns and changes that may impact intraday andor future volume and forecastsprovide space planning and utilization recommendations with expected company growthassist wf manager in determining hours of operation based on expected volumesforecast impact categories for call center staffing and volume ie seasonality in shrinkage turnover event impacts volume drivers etcthoroughly involved with queue management strategies to ensure call center service levels are metmaintain andor create various reports with high level of accuracy,0
tidewater finance company located in virginia beach va has a fulltime position available for data entry our mission as a company is to provide diverse lending solutions for our dealer network while promoting employee integrity teamwork and an uncompromised level of customer serviceâ qualified candidates should possess the following characteristics including but not limited toability to multitask and work in a fast paced environmentexcellent written and verbal communication skillsmust be able to type 4550 wpm with accuracy and speedproficient knowledge of microsoft word excel outlookdetail oriented and well organizedexceptional decision makingâ and time management skillsteam oriented and ability to work well independentlyâ the duties for this position could include but are not limited toâ checking underwriting on contractsfund deals and enter into systemcash handling experience a plusdata entryclerical support for accounting departmentother duties and responsibilities as assigned by managementâ we offer a competitive salary based on experience and a comprehensive benefits packageâ interested candidates may apply in person atâ 6520 indian river roadvirginia beach va 23464â if you prefer you may submit your resume via email to email_169ac3804e2da6e0514e5ef76c29f157f41d80451b486889d9aaphone_4dbd33c1dede3cec472e02df8f201e27aa330a9a201578720111c840de9d8117 or fax your resume to the human resources department at phone_8f86665c8a76d925f761287bb38d6bb5f440845f2a5fa712361f255943a8b21bâ tidewater finance company is an equal opportunity employer in all aspects of employment without regard to race age sex marital status religion disability military status or any other characteristic or status protected by lawâ tidewater finance company includes tidewater motor credit and tidewater credit services,0
answer call center incoming telephone calls email inquiries and instant message chats from clients and participants in a professional courteous and timely mannerimprove client satisfaction by providing high quality customer service and timely follow up and resolution of participant issuesidentify benefit information and provide accurate and thorough information to all internal and external clientsdocument all calls in the designated call log to ensure timely follow up and problem resolutionanswer all calls within two rings,1
an exciting opportunity exists to fill a parttime position as an assistant accountant for an immediate start in sydney regionin this role you will be a key member of our team responsible for the overall bookkeeping duties of our clients you will be required to be proactive in your duties and take on any task required,1
description summary the client audit coordinator assistsâ the compliance manager in carrying out necessary tasks needed to ensure regulatory and client compliance issues are managed and addressed â duties and responsibilitiesmaintain compliance email box and ensure all matters are handled accurately and timelyorganize communications from clients and route to appropriate party for handlingescalate matters when necessaryassist in setting up and maintainâ sharepoint site to handleâ complianceaudit issuesassist in gathering requested information for client auditsdocument and update client audit procedures for training and referencetrack progress and completion of client audit requestsperform other duties as assigned,1
our online education marketplace will help students and tutors all around the world to get together and enjoy the process of becoming smarter and knowing moreyour roles and responsibilitiesyour main role will be to manage marketing and business development for germany and austria region you will make sure that we adapt well to cultural specifics of the region you will be communicating with our regional partners and will identify key partnerships you will be in close contact with our customers so that we know even about their most secret wishes and needs as for tutoring part of your key responsibility is also to look for new channels how to attract traffic and extreme fast acquisition of new users tutors,0
we are looking to hire an administrative assistant for our growing property management company a successful person in this role will demonstrate independent judgment to plan prioritize and organize diversified workload and possess strong verbal and written communication skills,1
weâre looking for an experienced ruby developer to join our small team of extremely talented engineers rapidly iterating on our literacy screening tool used in all 50 states this includes writing new apis to support a new javascript web ui native ios and native android apps modeling complex researchdriven literacy screening methods in application code creating a report engine to quickly return complex queries on billions of data points refactoring the existing code base increasing test coverage and formalizing and improving qualitywe are a profitable privatelyheld education technology company with a startup atmosphere â weve been building really cool products in education for the last 15 years and have a presence in classrooms all over the country â this is your opportunity to grow with us and help shape the future of the companycasenex is at the forefront of early literacy screening and intervention used by schools nationwide casenexâs phonological awareness literacy screening pals provides comprehensive literacy assessments and gives teachers the specific steps necessary to improve their studentâs chances of future reading successâ for more information about our company visitâ url_224f8f8c1beec0d4966eb8164b60910bbd5a5fa28c2658467531c9efd8926054,0
professionally and courteously answers incoming calls and directs callers as appropriatehandles inquiries from customers and publicgreets and directs visitors upon arrival to facilityassists with accounts payable and graphics as neededprovides reports and other data to departments as neededregularly attends work as scheduledperforms other duties as assigned to meet business needs,1
icampe technician  bakersfield ca mt posoprincipal duties and responsibilitiesâ calibrates tests maintains troubleshoots and installs all power plant instrumentation control systems and electrical equipmentperforms maintenance on motor control centers motor operated valves generators excitation equipment and motorsperforms preventive predictive and corrective maintenance on equipment coordinating work with various team membersdesigns and installs new equipment andor system modificationstroubleshoots and performs maintenance on dc backup power equipment process controls programmable logic controls plc and emission monitoring equipmentuses maintenance reporting system to record time and material use problem identified and corrected and further action required provides complete history of maintenance on equipmentschedule coordinate work with and monitor contractors on specific tasks as requiredfollows safe working practices at all timesidentifies safety hazards and recommends solutionsfollows environmental compliance work practicesidentifies environmental noncompliance problems and assist in implementing solutionsassists other team members and works with all departments to support generating station in achieving their performance goalstrains other team members in the areas of instrumentation control and electrical systemsperforms housekeeping assignments as directedconduct equipment and system tagging according to company and plant rules and regulationsperform equipment safety inspections as required and record results as appropriateâ participate in small construction projectsâ read and interpret drawings sketches prints and specifications as requiredorders parts as needed to affect maintenance and repairperforms operations tasks on an asneeded basis and other tasks as assignedavailable within a reasonable response time for emergency callins and overtime plus provide acceptable offhour contact by phone and company pagerâ â â â â â â â â excellent verbal and written communications skillsability to coordinate work activities with other team members on technical subjects across job familiesability to work weekends holidays and rotating shifts as requiredâ,1
position summaryexproâs global business services organization seeks a human resources process leader to provide full time process support to exproâs accountable executive at our corporate headquarters in houston tx the human resources process leader will be responsible to drive endtoend process improvement to create sustainable value for expro and will manage and execute against a portfolio of process improvement initiativesprimary responsibilitiesthe process leader will work with hr process stakeholders and facilitate teams to identify opportunities trailing metrics by performing root cause analysis to evaluate process improvement opportunities the hr process leader will lead the effort to increase process simplicity and consistency across human resources and champions expands and enhances the process improvement capacity across the organizationthe human resource process leader will be responsible for setting and assessing process key performance measures and targets to ensure that process performance is measure and improvement efforts are aligned with business priorities link to corporate scorecard the role will be responsible to manage hr global process alignment on global process goals priorities and standards and will be the focal point for ideas and initiatives and consolidating into broader programs the hr process leader will be responsible for introducing new initiatives through internal and external relationships while eliminating reducing resource commitment for low priority projectsadditional duties and responsibilitiesthe hr process leader will be responsible for the below additional duties and responsibilitiesâ periodically audit process to ensure progress and adherence to standardsâ ensure each initiative to be considered for approval has a well developed business cases and charterâ partner with stakeholders and leaders to put control mechanisms in place to ensure sustainability and ensure processes meet relevant standards and requirements compliance regulatory and otherâ manage portfolio of opportunities for global processes in cooperation with enterprise program management office and participate on the process leadership approval committee to manage cross process linkages and prioritiesâ work with business and functional councils to prioritize longer term initiatives that have business process aspects and prioritize for implementationdesired skills and experiencerequired education and experiencethe selected candidate will have a minimum of a bachelors degree in human resources information technology or related field and a minimum of 10 years of experience in a combination of human resources information technology or process improvement a preference will be given to those candidates who possess a masters degree in the above areas of study or a masters in business administrationthe successful hr process leader at expro will also have the followingâ ability to quickly establish and maintain credibility with leaders individuals and teamsâ strong execution mindset and history of successful delivery in the area of human resourcesprocess improvementinformation technologyâ the selected candidate must have experience in hr functions such as payroll talent acquisitionmanagement or data managementâ deep knowledge of or experience in process improvement frameworks such as cmmi lean six sigma tools and methods business process management change management and business process reengineering is highly desiredâ strong analytical and problem solving skills and knowledge of statistical analysis coupled with the ability to provide objective feedback and accurate root cause analysis is highly desiredâ demonstrated ability to communicate complex ideas clearly and concisely and to ability to facilitate diverse groups through ideation prioritization and decision processesabout exproexpro provides services and products that measure we improve control and process flow from highvalue oil and gas wells from exploration and appraisal through to mature field production optimisation and enhancementwith a specific focus on offshore deepwater and other technically challenging environments we provide a range of mission critical services across three key areaswell test amp appraisal servicessubsea completion amp intervention servicesproduction servicesour vision is to be the market leader in well flow management using the industryâs best people to deliver the highest standards of safety quality and personalised customer servicewe provide a range of solutions includingexploration amp appraisal testingsubsea safety systemsdrilling amp completionflowback amp cleanupproductionwell integrity amp interventionexproâs 40 years of experience and innovation empowers the company to offer tailormade solutions for customers across the energy sector with over 5400 employees in over 50 countries expro offers a truly global service solution,1
positionâ big data engineerlocation san francisco cadurationâ 6 months cthâ skillsbihadoopjava mapreducerdbmsjob descriptionsenior business intelligence engineer for advanced analytics overall theme guide and move forward an advanced system providing sophisticated and measurable business benefitsthis person will work closely with our business analysts as well as internal business users to understand their key business drivers and data needs and scope out scalable and suitable solutions that will help our customers with their information needed for planning analysis and decisionmaking,1
customer service reps needed to take online apps inbound calls and walk customers through 10 minute overview,1
as an outside sales representative you must have excellent sales talents as well as the willingness to learn the abc supply sales approach it will also be very helpful to your role as an outside sales representative if you have existing knowledge of exterior building product lines such as siding roofing and windowsâ this will not only to lend credibility to your sales presentations but also to assist the branch manager in the selection of new product lines it is also vital for your role as an outside sales representative that you have empathy for your customers and their needs and always provide them with the best possible service,0
2168job title product insight analyst property and casualty insurancerole consultantrelocation available yesindustry insurance and legallocation massachusettstown  city bostonjob type permanent fulltimejob descriptioncompany is seeking a property and casualty insurance product insight analystwe are currently seeking a bright analytical bigpicture thinker for the role of senior  lead product analystâ â we are looking for your contributions in the following areasproduct development and analysisââ â â â â â â â â assist with development of product specifications and technical documentationââ â â â â â â â â participate in product milestone meetingsââ â â â â â â â â â own and define portions of product development processââ â â â â â â â â â analyze insurance data and define important insurance industry kpisââ â â â â â â â â â define collect and analyze product usage dataââ â â â â â â â â â define internal product performance kpiâs and render them on a dashboardâ â â â â â â market researchââ â â â â â â â â attend client meetings to solicit customer feedback throughout product development cycleââ â â â â â â â â scope out market needsââ â â â â â â â â evaluate market trends and evaluate competing productsproject planning and managementââ â â â â â â â â execute analyses to meet design requirements and project timelineââ â â â â â â â â highlight datarelated technical or business issues as soon as possible for resolutionsales amp marketing supportââ â â â â â â â â help create content for sales presentationsââ â â â â â â â â help create content for marketing collateralother dutiesââ â â â â â â â â support product testingââ â â â â â â â â support content generation for digital productsqualificationsââ â â â â â â â â â â graduate degree in quantitative or actuarial field is requiredââ â â â â â â â â â â 3 years of professional experienceââ â â â â â â â â â â willingness and ability to travel 20ââ â â â â â â â â â â should have experience dealing with large datasets using languages such as sql sasââ â â â â â â â â â â excellent verbal and written communication skills must be experienced in successfully explaining technical results to technical and nontechnical audiencesââ â â â â â â â â â â insurance professional designations that demonstrate industry knowledge are a plus fcas acas cpcuââ â â â â â â â â â â experience analyzing pampc insurance data are a plusââ â â â â â â â â â â experience working in insurance company in any of the following departments  rampd product management or claimsââ â â â â â â â â â â should have passion for working in fast paced environment while developing new cutting edge digital productsbottom line requirements1â â graduate degree in quantitative or actuarial field2â â 3 years of professional experience in the insurance industry in rampd product management or claims3â â experience dealing with large datasets using languages such as sql sas4â â insurance professional designations that demonstrate industry knowledge are a plus fcas acas cpcu5â â experience analyzing pampc insurance data is a plus,1
corporate overviewaker solutions is a global provider of products systems and services to the oil and gas industry our engineering design and technology bring discoveries into production and maximize recovery from each petroleum field we employ approximately 28000 people in about 30 countries go to url_0fa3f7c5e23a16de16a841e368006cae916884407d90b154dfef3976483a71ae for more information on our business people and valueswe are looking for individuals who are prepared to take a position not only a position within aker solutions but also a position on the exciting challenges the global oil and gas industry faces now and in the futurewe are looking for a lead mechanical engineer to join our team in houston texasthe lead mechanical engineer will be responsible for providing expertise and technical leadership to the organizationresponsibilities and tasksâ performs mechanical calculations and technical analysis on various custom components and reviews mechanical design of equipment to ensure that specifications are metâ prepares and presents complex technical reports equipment data sheets mrqâs tbeâs and mrpâs and makes recommendations on critical engineering issuesâ work with certifying agencies for product development and follows through with absa registrationsâ leads and reviews project design decisions budgets and schedulingâ identifies solutions to achieve company objectives and ensure that the team is alignedâ interfaces directly with the customer and participates in preparing bids and proposalsâ ensure processes are followed correctly and continuously identifies opportunities to improve efficienciesâ ensure team members are kept current on procedure qms changesâ provides leadership technical guidance and mentorship to other engineers,1
advantage xpo is part of the advantage resourcing group which is among the ten largest global staffing firms advantage specializes in providing contingent and permanent workforce solutions every day we talk to hiring managers hr directors and senior management to learn their needs at the same time we talk about skills and goals with talented people seeking employment opportunitiesâ this ongoing facetoface communication gives us a staffing perspective thatâs simply unmatched we are in tune with local conditions and yet our reach is undeniably global we donât hesitate to look across the country or even the globe to align qualified talent with appropriate positionsour client american express is in need of aâ business travel counselor contractor heshe will be responsible for coordinating the companys travel needs andâ scheduling hotel and flight accommodations and procures necessary documentation such as passports visas or other clearances the business travel counselor will also ensure that travel needs are met within the constraints of the company travel budget this is a 12 month contract opportunity with the possibility of becoming permanentâ â,1
corporate overviewaker solutions is a global provider of products systems and services to the oil and gas industry our engineering design and technology bring discoveries into production and maximize recovery from each petroleum field we employ approximately 28000 people in about 30 countries go to url_0fa3f7c5e23a16de16a841e368006cae916884407d90b154dfef3976483a71ae for more information on our business people and valueswe are looking for individuals who are prepared to take a position not only a position within aker solutions but also a position on the exciting challenges the global oil and gas industry faces now and in the futureaker solutions is a leading global provider of engineering and technology products and service solutions to the oil amp gas industryat aker solutions we offer an ocean of opportunities our people are our biggest asset and our business relies on their abilities to win projects and execute them to the highest standards we are committed to developing our peopleâs capabilities through challenging tasks supported by excellent training and development opportunitiesall our major achievements are team efforts we are looking for dedicated team players who like to be part of a winning team who meet challenges head on to serve our customersâ needsresponsibilities and tasks âact as quality manager for each project by supporting aligning and communicating with the project team in meeting client quality related requirementsâensuring that any changes in the requirements are adequately captured communicated and implementedâadhere to and support the quality management system compliant with the requirements of url_2c3401bb7c136976503a40fef98a3a9f7d9e6de09897b624fc786f0d955481f7âbe the client point of contact for quality related mattersâundertake prepem project execution modelsem service execution model gate review audit with project service teamâattend all project pemsem gate reviews ensuring compliance to the pemsem process and proceduresâensure compliance to the aker business risk process directly and by influence on the project teamâcreate metrics and reporting for and on behalf of the project team for both internal and external communicationâconduct internal project intercompany or external quality audits as required by the audit schedulesâfacilitate project audits by clients or intercompany representativesâreview lessons learnt register to identify those lessons that are beyond project specific and communicate to others and produce lessons learnt bulletins as requiredâsupport any new quality initiatives as requiredâidentify and launch the just care approach where quality related events would benefitâsupport project manager to ensure that the quality culture is maintained throughout the project lifecycleâaction review and close out project specific and general quality synergi cases,1
data entry clerkdata entry clerk job purpose maintains database by entering new and updated customer and account informationdata entry clerk job dutiesprepares source data for computer entry by compiling and sorting information establishing entry priorities processes customer and account source documents by reviewing data for deficiencies resolving discrepancies by using standard procedures or returning incomplete documents to the team leader for resolution enters customer and account data by inputting alphabetic and numeric information on keyboard or optical scanner according to screen format maintains data entry requirements by following data program techniques and procedures verifies entered customer and account data by reviewing correcting deleting or reentering data combining data from both systems when account information is incomplete purging files to eliminate duplication of data tests customer and account system changes and upgrades by inputting new data reviewing output secures information by completing data base backups maintains operations by following policies and procedures reporting needed changes maintains customer confidence and protects operations by keeping information confidential contributes to team effort by accomplishing related results as needed,1
we have the demand we are looking for people that are quick learners and are very efficient to handle the demand we have the best mortgage protection program in the business and we have serious demand nationwide especially in the 703202301 area after all we are in a market where 95 of all americans if they added up all the insurances that they hold would not have enough to cover their mortgage can you imagine a product that everybody needs not just wants and all you have to do is meet with people that have already requested our service no cold calling or door knocking we are looking for someone that is very professional and is able to learn quickly because you cant make six figures in a year by moving slowly we will train you in every aspect of the business and will show you how to personally produce a monthly commission of at least 700010000 we have the tools and we are looking to bring on someone that we can groom into management you will learn this business and eventually we plan to teach you how to build a strong staff that you will train to move product the same way that you do this combination should easily push you into a yearly compensation of 150k within your first 3 years in the business if you move at a steady pace industry experience is not necessary but a track record of success is our company mails out over 15 million letters each week and our homeowners fill out a questionnaire and mail back the request for coverage to us we simply call that exclusive lead and set up an appointment with them we meet the customer in their home and go over what type of mortgage protection the homeowner needs and then write up the policy we also market and promote fixed indexed annuities that solve most of the baby boomers retirement issues we have many full time agents making over 6 and 7 figure incomes we are primarily looking for those that desire to move into management though if you are looking for part time or full time warm sales please send your resume as well we have a serious demand all over the 703202301 area that consistently outweighs our number of agents typically our employees make 30k part time 75100k full time 100k management though we design a specific plan to make sure you hit whatever compensation you seriously desire and are willing to work for what we are looking for  a passion to honestly help families  positive attitude with a strong desire to become wealthy  a person who can follow a step by step selling system what we are not looking for someone who isnt accountable to their word someone who says they are a great salesman but doesnt have a penny to their name someone who has had a recent foreclosure or bankruptcy you cant get licensed in those cases we need you and you need us contact us with your resume preferred or call the hiring managerâ with your information for possible interviewââ â â compensation 30k part time 75100k full time 100k management,1
corporate overviewaker solutions is a global provider of products systems and services to the oil and gas industry our engineering design and technology bring discoveries into production and maximize recovery from each petroleum field we employ approximately 28000 people in about 30 countries go to url_0fa3f7c5e23a16de16a841e368006cae916884407d90b154dfef3976483a71ae for more information on our business people and valueswe are looking for individuals who are prepared to take a position not only a position within aker solutions but also a position on the exciting challenges the global oil and gas industry faces now and in the futurewe are looking for individuals who are prepared to take a position not only a position within aker solutions but also a position on the exciting challenges the global oil and gas industry faces now and in the future aker solutions is a world leading supplier of subsea pumping compression processing and power distribution systems for the subsea oil and gas industry currently we are realising the ãsgard subsea compression system ready to start up in 2015 we see a development of market opportunities where even more processing systems are moved subsea establishing the future subsea factory aker solutions will split into two companies one that will retain the aker solutions name and will focus on the subsea business and field design and a new oilservices investment company named akastor consisting of six businesses that will be run independentlyaker solutionsâ subsea power and process unit is continuously improving solutions realising the subsea factory we are looking for highly motivated and creative engineers capable of shaping this futurewe have several open positions at houston tx within subsea processing  separation compression and power systems we need you to join the team in developing subsea processing solutions including separation compression flow assurance and pumpsresponsibilities and tasks â take lead and be a driving force within subsea factory technology and concept developments from idea to marketâ lead the subsea process plant discipline in projects and studies â develop conceptual subsea process system layout and modularisation philosophy in projects and studies â present and promote subsea process plant layout solutions internally and in customer meetings,1
this position provides an excellent opportunity for career growth most wages good benefits and much more is waiting for you on our team we offer the opportunity to study and give the tools to development your knowledgeresponsibilitiesâprepares financial statements for presentation to boards of directors or management and statutory bodies âexamines operating costs and the income and expenditure âprovides assurance about the accuracy of information contained in financial reports and their compliance with statutory requirements âprovides financial and taxation advice on business structures plans and operations âmay advise on the selection and application of computerbased accounting systems,1
the customer service technical specialist will be based in new york ny the right candidate will be an integral part of our talented team supporting our continued growthkey responsibilities includeproduction print operations â maintains a working knowledge of all production print and copy equipment on siteoperates various production scale printers and organizes the daily print flowassists technical support and onsite techs with trouble shooting and basic maintenanceperform any and all duties as assigned by management to include mail services reprographics services fax services and messenger servicesestablish operating procedures and quality standardsresponsible for all aspects of equipmentremain informed and adhere to all established safety and security proceduresperform necessary adjustments as outlined in the operatorsâ manual for set equipmentfollow startup shutdown and cleanup procedures for equipmentmonitor operations and make mechanical adjustments as needed to ensure proper quality outputcreate excel spreadsheets mail merge projects and word documentscomplete multiple projects at one timelift heavy boxes files or paper when neededmaintain the highest levels of customer care while demonstrating a friendly and cooperative attitudedemonstrate flexibility in satisfying customer demands in a high volume production environmentconsistently adhere to business procedure guidelinesadhere to all safety procedurestake direction from supervisor or site managermaintain all logs and reporting documentation attention to detailparticipate in crosstraining and perform other duties as assigned answer phones outgoing shipments etcshipping amp receivinglift large bundles of mail overnight packages and shipments of papermaintain the highest levels of customer care while demonstrating a friendly and cooperative attitudeperform other tasks as assigned,0
play with kids get paid for itâ love travel jobs in asia1500 usd monthly 200 cost of livinghousing provided privatefurnishedairfare reimbursedexcellent for student loanscredit cardsgabriel adkins  url_ed9094c60184b8a4975333957f05be37e69d3cdb68decc9dd9a4242733cfd7f7url_75db76d58f7994c7db24e8998c2fc953ab9a20ea9ac948b217693963f78d2e6b12 month contract  apply today,0
2178job title manufacturing engineer moldingrole engineering or relatedrelocation available yesindustry manufacturinglocation south carolinatown  city gaffneyjob type permanent fulltimejob descriptionwe are looking for a manufacturing engineer with a bachelors degree in industrial quality manufacturing or mechanical engineering with current composites or plastics experienceduties and responsibilities supports the compression molding and assembly areas with respect to tooling and fixtures manufacturing processes work instructions and production efficienciesâ â the manufacturing engineer must be a company leader in lean manufacturing initiatives quality systems root cause analysis fixture and gauge development automation process optimization and continual process improvementrequired background1â â â â â â â â â bs in industrial manufacturing quality or mechanical engineering2â â â â â â â â â 2 years in a manufacturing environment preferably in midvolume mixture of automation and manual operations with an automotive supplier3â â â â â â â â â progressive track record of engineering accomplishments4â â â â â â â â â some experience with plastics or composites and injection andor compression moldingrequired skills and experience1â â â â â â â â â experience withâ â fmea control plans and root cause analysis2â â â â â â â â â experience with automated and robotic assembly fixtures5â â â â â â â â â advanced mechanical aptitude6â â â â â â â â â advanced planning problem solving and decision making skills7â â â â â â â â â excellent written and verbal communication skillsdesired traits1â â â â â â â â â results oriented2â â â â â â â â â project management3â â â â â â â â â strong analytical skills4â â â â â â â â â strong interpersonal skills5â â â â â â â â â selfstarter independent but able to function in a team environment6â â â â â â â â â knowledge of cad solid works a plus7â â â â â â â â â ability to travel approximately 108â â â â â â â â â experience with microsoft project or similar project management tool8â â â â â â â â â gdampt knowledge and understanding9â â â â â â â â â ts16949â â or iso9001 systems preferred10â â â â â â â six sigma green belt or higher preferredbottom line requirements1â â bs in industrial manufacturing quality or mechanical engineering preferred2â â 2 years in a manufacturing environment preferably in midvolume mixture of automation and manual operations with an automotive supplier3â â some experience with plastics or composites and injection or compression molding,1
corporate overviewaker solutions is a global provider of products systems and services to the oil and gas industry our engineering design and technology bring discoveries into production and maximize recovery from each petroleum field we employ approximately 28000 people in about 30 countries go to url_0fa3f7c5e23a16de16a841e368006cae916884407d90b154dfef3976483a71ae for more information on our business people and valueswe are looking for individuals who are prepared to take a position not only a position within aker solutions but also a position on the exciting challenges the global oil and gas industry faces now and in the futurein january 2013 aker solutions acquired enovate systems ltd a leading technology company focussed on subsea well control equipment creating solutions that allow our customers to operate in safer more effective ways enovate is a dynamic and exciting part of the aker solutions group we are looking for talented and ambitious team members who can help enovate to take the next step in its journey of growthresponsibilities and tasksprepare the technical content of fixed price bids budgetary bids and studies including clarification to technical tenders prepare technical content for rampd business casesact as technical authority for enovate productssupport engineering functions within the departmentassist in training amp development of the engineering teamthe principal engineer may meet and present technical solution to clients and represent the companyreview client specifications to ensure products are suitable for applicationraise exceptions to client specifications where products do not complycoordinate during tender for specialist area to ensure system engineer knows which items require qualification or current trl select standard products to suit system solution provided by clientliaise with management team to ensure nonqualified products are suitable with current planned developmentsallocate timescale and engineering hours to tenders and studiescompile technical datasheets where no current datasheet exists for inclusion in tenderstudyliaise with discipline engineers to see current best practiceassist client to ensure optimum system solutions will work with current product or proposed productsassist sales engineer in preparing responses to bid clarifications from clientsassist sales engineer in study work received by the departmentensure that the project execution model execution part is correctly utilised on projectsmentor engineers in their day to day workadditionally when workload demands the job holder may be assigned other duties as defined by the managerrespond to tasking requests and reporting progress to the engineering managerscheduling of work to appropriate team members in consultation with engineering managersupervising the timely issue of analysis reports for the analysis disciplinehandling or supervising discipline specific external amp internal communicationsfamiliarity and compliance with company procedures project specifications and statutory regulations so that a standard approach to design is adopted whilst satisfying customer requirementssupervising the completion of tasks within agreed time scales amp budgets reporting status amp deviations to the engineering managerensure team documents are fit for purpose and meet all client requirementsawareness of lessons learnt from all previous company projects amp implementationwhen required to provide support to sites within uk or internationallyassisting in defining and developing processes amp proceduresin addition to the duties listed the jobholder is required to perform other duties assigned by the manager from time to timecomply with the enovate systems qhse management systems including qhse policies and procedureswork in accordance with the information and training provided and not undertake any task for which authorisation andor training has not been giventake reasonable care to prevent harm to themselves and consider the potential for harm to others or the environment that may be caused by their acts or omissionsreport any hazardous defects in plant equipment and workplace or shortcomings in the existing controls to a responsible person without delayrefrain from intentionally misusing or recklessly interfering with anything that has been provided for health safety andor environmental reasonsdispose of waste using the correct waste streams and avoid energy wastecomply with and be bound by enovate systems employee code of conduct equality amp diversity and intellectual property policies,1
apply using below linkurl_b76b76a4d2bcc16ce99d1541679e0f2a4a0bc69701d85f1c71da00c5d5a3c68aclinical director ambulatory surgery center fairfax vanorthern virginia eye surgery center is seeking a dynamic and energetic clinical director this position is a leadership role and will directly manage the clinical and administrative staff of the center and work directly with the medical providers in coordinating patient carethe ideal candidate for this position is an rn with the following skill setsinspires othersexcellent clinical knowledge and skillsleads by exampleperioperative experience preferably in an outpatient settingmanagement experienceophthalmic experiencecirculating rn experienceunderstands the importance of safety and infection controlnorthern virginia eye surgery center is a well established one or ambulatory surgery center in fairfax which specializes in ophthalmology care delivered by the areas finest physicians recent growth includes opening a second operating room to further meet the needs of our patients our mission is delivering superb patient care in a healthy and efficient environmentthe compensation and benefits package is competitive and will depend on the experience and qualifications of the successful candidate advancing your career and achieving the worklife balance that is a benefit of the asc environment makes this opportunity desirable,1
we provide no credit check financing to customers of small and medium size businesses and can help 90 of the industries from auto mechanics to dentists and lawyerswe are seeking skilled agency managers to grow with us and help us achieve our goals in this new and exciting industrythis is designed as a longterm position for an entrepreneurial individual to really build their book of business along with their incomeour people enjoy a flexible work environment high earnings with great incentives like corporate retreats and quick advancement opportunities,1
corporate overviewaker solutions is a global provider of products systems and services to the oil and gas industry our engineering design and technology bring discoveries into production and maximize recovery from each petroleum field we employ approximately 28000 people in about 30 countries go to url_0fa3f7c5e23a16de16a841e368006cae916884407d90b154dfef3976483a71ae for more information on our business people and valueswe are looking for individuals who are prepared to take a position not only a position within aker solutions but also a position on the exciting challenges the global oil and gas industry faces now and in the futureaker solutions is a leading global oil services company that provides engineering and construction services technology products and fieldlife solutions for the oil amp gas industry aker solutions currently has 28 000 people working worldwideour business very much depends on our people all our major achievements are team efforts we are looking for dedicated team players who like to be part of a winning team who meet challenges head on to serve our customersâ needsmmo based in aberdeen have excellent opportunities for talented individuals who can strengthen our team and support our ambitious growth plans within the engineering construction maintenance modification and operations marketwe are currently looking for a hse managerresponsibilities and tasks promote the hse mindset throughout the organisation in a motivating and inspiring mannerto provide hsampe support and professional advice to the company clients and vendors as appropriate both on and offshoreresponsible for liaising with project managers on a daytoday basis to ensure that all aspects of hsampe are being adequately supportedinput to project safety case develop and facilitate new innovative approaches to further improve hse attitudes and performance ensure compliance with corporate hsampe policies act as company representative for both internal and external customers on all hse related activities advise and support senior management team on hse policy issues objectives planning and implementation this includes the establishment of annual hse objectives and targets for the organisation ensure continuous improvement in the company hse performance and visibility this will include the establishment and implementation of improvement plans and appropriate performance measurement systems play an active role in aker solutions corporate hse initiatives and networks liaise with regulatory and other external agencies and industry representative bodies establish and maintain a best in class documented corporate management system this includes full understanding and implementation within the company establishment of an effective mechanism to ensure the continuous improvement of the system and management of corrective amp preventive actions development and implementation of annual audit schedules establish maintain and coordinate all hse related activities in support of aker solutions contracts and projects including the allocation of appropriate hse resources responsibility for the input of hse related information to prequalifications tenders etc actively participate in industry hsampe forums to increase the companyâs profile in this area and ensure that current information is disseminated throughout the organisation maintain certification to all of the appropriate recognised standards including iso 14001 amp iso 18001 advise on the development and maintenance of the hs amp e elements of the management system to participate and support the tender submission processes to maintain close working relationship with management teams and the workforce both on and offshore undertake regular site visits on and offshore and provide additional hsampe cover if required to support the statistics gathering analysis and reporting process developing safety alerts bulletins and any other forms of promotion of lateral learning within the company and the industry develop support and regularly review hsampe improvement plans for corporate and projects development of procedures training packages and audit schedules conducting audits and reviews coordinate and undertake task risk assessments in all aspects of legislative requirements monitor legislative change and advise on impact to company supporting management in ensuring that a strong hsampe culture is maintained within their areas of responsibility act as behavioural safety focal point and worksafe champion the daytoday implementation and monitoring of hse procedures and safe systems of work maintaining risks to personnel plant and equipment and operations as low as reasonably practicable by ensuring that personnel are trained and competent to undertake tasks assigned to them ensuring timely reporting of incidents and quality assurance of input into synergi participation facilitation of investigation of any accidents incidents dangerous occurrences or nearmisses involving mmo us employees or subcontractors to provide corporate and project support to mmo us to carry out emergency response duties as required to liaise with regulatory authorities implement office safety initiatives and inductions,1
responsible for timely and accurate entry of invoicesmust assist to manage cash and due dates of payableswill prepare and mail checksmust upload complex invoices into accounts payable system using excelwill manage our concur expense programwill assist in other accounting team fucntions as necassary,0
rideamigos needs a great frontend developer to work with us on our cloudbased software as a service offering â we are a rapidly growing company working on innovation in the transportation space â in short we do cool things â this is an onsite position fulltime with flexible hours â you will be working on our platform applying your skills and experience to enhance our product â you wont be designing how things look but you will be making sure they look they way they should â our users need you to provide them a solid place to click dont let them down,1
this position is for an administrative assistant whose job will primarily consist of calling prospects that have expressed interest in our services and have requested to be contacted workfromhome is an optionthere is absolutely no coldcalling involved whatsoeverthis person will need to be pleasant professional and comfortable with talking to seniorlevel managers and executives attentiontodetail is a must as there is to be extensive tracking that needs to be made with each prospect,1
we are seeking individuals to be connected with companies who are hiring employees directly to work from their homes you will find both fulltime and parttime opportunities in a variety of career fields including but not limited to data entry customer support billing typing and administrativethese positions guarantee wages ranging from 12 per hour up to six figure salary this includes bonuses benefits and flexibility over your work schedulelegitimate work from home jobs are going to require that you have skills relevant to the position youâre applying for training is provided based on the position,1
we are a fullservice marketing and staffing firm serving companies ranging from fortune 100 to new startup organizations we work with job seekers in an equally broad range from light industrial temporary workers to executive level candidatesare you looking for a work from home opportunity where you can earn up to 2500 and more per week our online service representative position would be perfect for you set your own hours  make money every time you decide to work  work remotely from home  get paid weekly  if you have a computer with internet this is for you,1
stokes automotive group is growing an currently has an opening for an accounting clerk position â this position is a fulltime position to assist the office manager with breaking down deals organizing and submitting them for funding prompt funding and deposits daily and many other tasks that complete a customers purchase transaction â this position requires attention to detail and a can do attitudedaily duties includeprepare contracts to send to the bank for fundingprepare amp email contracts in transit worksheet to managementâ post all deals presented by each dealershippost deposit dailypost achâs payments dailyprepare lien payoffs within two days after fundingpreferably the same dayreview schedules associated with deal posting weekly if not daily exvehicle receivables warrantycontracts in transit payoffs etcassist all employees or customersrespond to faxes promptly concerning funding issues for all dealsprovide a weekly report to office manager of vehicle receivables statusprovide commissions to office manager by wednesday morning,0
are you looking to make anywhere from 600115000 a month are you looking to be paid to take vacations are you tired of working a 95 with no ability to grow in your field do you want to be your own boss and set your own schedule of when you work if you answer yes to any of these than we have the perfect opportunity for you our company is based on 3 principles 1saving money 2making money 3managing money we offer financial soulutions to help you live financially free while making money showing others we have over 5800 national brand retailers where we recieve discounts,1
summaryimmediate requirement for an advanced penetration tester with extensive information security experiencelead and conduct technical vulnerability evaluationpenetration testing for information security assessmentsability to detect and document information security vulnerabilities and advanced threats formulate mitigation strategies and plansclearly articulate vulnerability findings and mitigation recommendationsmay be responsible for the development and execution of assessment testing methodologymay be responsible for monitoring the work activities of other information security consultantsincident response forensics and malware analysis is a plusability to assess and secure embedded and or industrial control systems is a plus,0
titleâ â â â â â â â â â â â senoir programme analystlocationâ â â â â â raliegh ncdurationâ â â â â â 12 months contract positionâ description of workthe senior analyst programmer performs technical analysis and design and provides coding and testing of associated java modulesâ this position must interact with other analysts and programmers on the team and work independentlyâ the individual must have the ability to communicate effectively in oral and written form and the abililty to establish and maintain a good working relationship within and outside the teamâ responsibilities will include the followinganalysis and design of data to be captured and storedanalysis and design of java modules to be modified or writtencoding of java modulespreparing and executing unit tests of all modified or created modulesproviding related documentationdemonstrating previous and modified system functionsâ knowledge abilities and required skillsjava enterprise editionsql programming preferably ibm db2web frameworks preferably struts and springserviceoriented architecture web serviceibm websphere mqjavascript and javascript frameworkstechnical analysis design software development lifecycle including agile developmentâ training and experienceeight years of progressive analyst programmer experience working with largescale complex systems including at least two years as a senior developer on a largescale project,0
weblinc a leading provider of ecommerce technology and services is currently seeking a senior accountant this is a full time position candidate should be resourceful and will be required to act and operate independently with minimal daily direction from management to accomplish objectivessalary is commensurable with experience level and negotiablekey responsibilities includeperform accounting functions as assigned including but not limited to cash accounts payable ar bad debt analysis fixed assetsdepreciation accountinggeneral ledger maintenanceprepare journal entries and reconciliations for monthly general ledger closeprepare financial statements and supporting schedules for multiple entities in accordance with gaapanalyze financial statements on a monthly basis and report on variancesquantify and record project revenuesprovide analysis of month end results and reconcile against monthly forecastassist clients or other staff members with resolving billing discrepanciesreview and monitor collectionsprovide weekly reports and collection status to senior managementmonthly reconciliation of various revenue related accountsmonthly reconciliation of client reimbursements and follow upmatching of expense for direct client costs absorbed by weblincassist in preparing assigned schedules for annual external auditreviewassist with preparing tax files for tax accountantpost cash receipts and follow upresolution of payment discrepanciesensure insurance policiesrenewals are up to date and coverage is sufficientmonitor accrued insurance and ensure timely payment for insurance premiumsact as secondary payroll specialist when neededother projects as assigned,0
â location plano txduration 10 monthsâ role descriptionâ the integration engineer role is responsible for working with customers and internal teams to install configure and test the hl7 interfaces for electronic medical record emr and practice management pm productsâ the primary functions of an integration engineer are to configure the interface linkages at both emr and pm customers sites and perform data conversionsâ an integration engineer is proficient with electronic data standards such as hl7 xml and ansi tcpip and has proven problem solving and technical troubleshooting skillsâ primary job responsibilities include â design document develop test and validate interfaces andor conversionsdeveloping timely estimates for project deliverablesprovide interface management training to customersensure customer satisfaction with integration deliverables and serviceshave an in depth knowledge of any interfaces software and its use and function in clients environmentprovide focused timely high quality resolutions for customer integration issuesâ â desiredâ proven knowledge of ccda and the following hie profiles url_9cf333ccb7e43100034be55f3d9fb5358eacb7a0df3d511915585770da553fe6 url_e3386572f49f1485db9320345cb93170eae275c0913e2b210c089218f4d0b8b1 pix pdq bppc atnaminimum of 1 year experience implementing interfaces using any interface engine technologiesworking knowledge of microsoft sql 2008 tsqlplsql stored proceduresstrong problem solving and technical troubleshooting skillsexcellent written and oral communication skills and personal time management skillsmust have experience working effectively both in a team environment as well as independentlystrong interpersonal communication skills with customers and product users as well as technical staffâ strong process orientation problem solving and troubleshooting skills firm commitment to qualityâ,1
technician instrument amp controlslocation deweyville txlocation name nrg cottonwood energycategory maintenancestatecity ustxdeweyvilletype full time hourly openings 1details about this career opportunityoverviewcompany profilewe deliver cleaner and smarter energy choices for our customers backed by the nationâs largest independent power generation portfolio of fossil fuel nuclear solar and wind facilities a fortune 500 company is challenging the us energy industry by becoming the largest developer of solar power building the first privatelyfunded electric vehicle charging infrastructure and providing customers with the most advanced smart energy solutions to better manage their energy use in addition to 47000 megawatts of generation capacity enough to supply nearly 40 million homes our retail electricity providers serve more than two million customersgeneral summarythe instrumentation controls and electrical technician icampe is responsible for the maintenance and repair of all instruments control systems and electrical equipment in the power plant and the associated facilities the icampe technician performs work of high skill in the inspection repair testing adjustment installation and removal of all electronic and electrical power plant equipment and systemsprimary functionssafely perform preventive and corrective maintenance on all plant equipment systems and emergency backup systemsmaintain complete equipment files logs and drawings for all designated equipmentassist in maintaining and controlling spare parts inventory to maintain plant reliability assist in physical inventoriesparticipate in the administrative maintenance of the plant operating manuals technical references prints and diagrams and preventivepredictive maintenance recordsinspect repair install and remove all types of motors generators transformers switches control equipment wiring electrical signal and communication systems and storage batteries and work with electrical systems up to and including 4160 voltsconduct trouble shooting and analysis on dcs plc and ge mark vi turbine control equipmentmaintain all plant instrumentation and electrical test equipmentfully support and participate in naes safety and regulatory compliance programscomplete other tasks as assigned by the maintenance manager or the plant managerscope of responsibilitythe icampe technician operates from established and wellknown procedures under minimum supervision performing duties independently with only general direction given decisions are made within prescribed operating and casualty procedures and guidelines the ice technician encounters recurring work situations of high complexity with occasional variations from the normthe icampe technician must perform work in a safe manner resulting in no accidents in compliance with all environmental permits at all times the ice technician must effectively communicate information to supervision and fellow plant personnel relative to the condition of the plant equipment and performance and provide suggestions for plant improvements the ice technician must perform duties in such a way to result in an optimum costbenefit ratiothe icampe technician may also be assigned the additional responsibility of maintenance coordinatorplanner for the site this is a collateral assignment given to a selected maintenance department technician to assist the operations and maintenance manager with the routine planning and coordination of the site equipment maintenancethe duties includethe planning and review of the preventative predictive and proactive type maintenancea more indepth knowledge and ability to use the cmms system to provide the necessary review and planning to support the oampm manager in weekly work routinesability to provide the cognitive coordinated efforts necessary to ensure that weekly routines and preventative maintenance are scheduled and documented as complete when the respective maintenance technician indicates that the work has been performedprovide the coordination efforts necessary in support of allowing the oampm manager to provide the necessary supervision and direction of the maintenance techniciansall employees have the responsibility to both the customer and their coworkers to do the job right the first time and to ensure the customers needs are being met,1
plated is looking for a full stack ruby on rails engineer to join our teamplated is a nyc startup that is redefining the way we eat by reconnecting people to their food â since being founded in 2012 we have received funding from an exceptional group of investors been featured in the wall street journal new york times and bloomberg tv and been accepted into the most competitive startup accelerator in the world techstars you will be joining a small and energetic team composed of high quality top performing individualsas our young company is entering a growth stage we need to expand our developer team â thatâs where you come in why us this is an excellent opportunity for a seasoned engineer to scale a product and work with a company early on that will be a household name in 12 years â beyond brute intelligence and problem solving skills we are looking for hunger passion and a general craving to help build a successful companymore info can be found hereâ url_d23b67c592c0db62b0daba414a2f1b61215e4d01008314ce6e454360966df655responsibilitiesdevelop new and maintain existing features for websitearchitect and build technology to scale business operationsdevelop integrations between plated and 3rd party apisqualificationsenergy energyâ you really want to work with us and to build a companyundergraduate engineering or computer science degreestrong written and verbal communication skillsability to self manage,0
do you know what you wantyou want to work with passionate creative people who love to solve problems developers designers strategists you want to come in to work every morning excited about the incredible product you are going to create you set expectations and deliver on them weekly sometimes daily you deserve to get something more than a paycheck in exchange for all of your hard work you want to be proud of what you build and you deserve a team that also wants to create amazing mobile and web applicationswe want your brainanyone can program and we can teach mobile and web tech what we canât teach is raw intelligence and a personal desire to be great we want craftsmen who understand their tools who can learn from one another to advance their craft you understand that programming languages ides and operating systems are tools that are designed for specific jobs and you have no problem with picking up new tools that accomplish what you need we want your perspectives your ideas your intellect we need you to make the best decision for you and your teamwe expect you to wineveryone at metova is given the tools and resources they need to succeed at their jobâ in exchange for a great place to workâ we expect you to build amazing applications for our customers and amazing talent for usâ developers are expected to produce quality publishable applicationsâ mobile and web apps that can be put in the hands of our clients and their users at a momentâs noticeâ we put tools for continuousâ integration and continuous delivery in placeâ to enable you to constantly provide value to our clients and expect you to use those tools or to find something better and help us moveâ the entireâ company forward we areâ lean which means we reflect on what we learn and use that new knowledge to quickly makeâ betterâ products your job is to keep learning contribute your knowledgeâ back to the rest of the team and applyâ what you learn to make metova even greater,0
h hyperhosting îïïœ ïî 2001 ïîïîïîµî¹ ïïîïîµïƒîîµï web hosting îºîïîïïïïïƒîï domain names dedicated cloud servers îºîî¹ colocation îî¹î ïî îî¹îïîïîïƒî ïîï ïïˆîîîï îµïî¹ïîîîï ïîïîïîï ïïîïîµïƒî¹ïžî½ ïƒïîïï ïîµîîïîµï î¼îï îî½îîîïîïî¼îµ îî½îî½ junior system administrator î îïîîîï îî ïïîïƒïîµîîµî ïƒïî îïî½îî¼î¹îºïœ team î¼îï îÿ ïïîïˆîïî¹îï îî ïïîî½ïîîîµî¹ î³î¹î ïî ïƒïïƒïî îîµî¹ïîïïî³îî îºîî¹ îîîµî³ïî îïƒïîîîµîîï ïïî½ hosting servers î³î¹î ïîî½ îµî³îºîïîïƒïîïƒî îºîî¹ ïïîïƒïîïî¹î¾î î½îïî½ dedicatedcloud servers îºîîïžï îºîî¹ î³î¹î ïîî½ îïîîºîïîïƒïîïƒî ïïïïœî½ ïïîî²îîî¼îïïî½ îïƒïîîîµî¹îï ïîï îµî½îîïîµïîî¹ î½î ïîïîïïƒî¹îïƒïîïî½,0
the customer service technical specialist will be based in san francisco ca the right candidate will be an integral part of our talented team supporting our continued growthkey responsibilities includeproduction print operations â maintains a working knowledge of all production print and copy equipment on siteoperates various production scale printers and organizes the daily print flowassists technical support and onsite techs with trouble shooting and basic maintenanceperform any and all duties as assigned by management to include mail services reprographics services fax services and messenger servicesestablish operating procedures and quality standardsresponsible for all aspects of equipmentremain informed and adhere to all established safety and security proceduresperform necessary adjustments as outlined in the operatorsâ manual for set equipmentfollow startup shutdown and cleanup procedures for equipmentmonitor operations and make mechanical adjustments as needed to ensure proper quality outputcreate excel spreadsheets mail merge projects and word documentscomplete multiple projects at one timelift heavy boxes files or paper when neededmaintain the highest levels of customer care while demonstrating a friendly and cooperative attitudedemonstrate flexibility in satisfying customer demands in a high volume production environmentconsistently adhere to business procedure guidelinesadhere to all safety procedurestake direction from supervisor or site managermaintain all logs and reporting documentation attention to detailparticipate in crosstraining and perform other duties as assigned answer phones outgoing shipments etcshipping amp receivinglift large bundles of mail overnight packages and shipments of papermaintain the highest levels of customer care while demonstrating a friendly and cooperative attitudeperform other tasks as assignedâ,0
position available is located in our phoenix az officeresponsible for daily delivery of company products to customer locations in a safe and timely manner ensuring the reputation of being the first choice in quality and service,0
as a delivery driver you will operate your truck and deliver building materials in a safe efficient and professional manner it is important that you not only make your deliveries on schedule but that you also do so in a manner which takes into account the needs of both contractors and homeowners and which represents abc supply in the best possible light the trucks with which you make your deliveries as a delivery driver are large and heavy and you must take care to operate them in a way that does not cause damage to driveways buildings or other areas of the job siteyour specific duties as a delivery driver may includeconducting a safe work zone during each job site delivery includes setting out cones and caution tape and wearing hard hats as well as harnesses when appropriateadhering to assigned delivery schedule and following all job directives precisely including the route to take to the job site where to unload materials on the job site and so forthdocumenting every step of each delivery by taking and uploading photos with our camera phone systemusing your discretion to avoid damaging job site property particularly driveways when unloading materialstreating customers in a friendly and professional mannerobeying all regulatory agency and company safety directives particularly with regard to operating near electrical wiresworking in cooperation with the roof stocker in positioning boom over roof determining where to set the materials and physically unloading the materialscalling dispatcher to handle difficult contractors when necessary and to report any instances of customer dissatisfactioncompleting a thorough load check on your truck before leaving branch ensuring that all delivery materials are firmly secured and all parts of your truck are in compliance with all federal state and local regulationsobeying all traffic laws and weight limitscalling dispatcher and reporting any problems or irregularities with your truckcompleting and filing all logs and required government paperwork in a precise and timely mannerproviding the customer with an invoice on completion of each delivery and collecting the entire due amount on cod deliveries,0
âœwhat do you want to be when you grow upâ your dad askedâœmarine biologist astronaut doctorââœno i want to be a badass marketer when i grow upâ you exclaimedif that sounds like you then we have a perfect position for you url_908cf5c389afa79f92921364ed72c8bf8c502a7836d201150ca6695ce5aee469 is looking for a marketingâ genius to join our team you will be working closely with the ceo to brainstorm plan and executeâ marketing plans and grow our businesswhat you will do1 plan organize and execute marketing plans2 competitive analysis3 copywriting4 public relation and social outreach5 research and discover marketing venues6 anything marketing goes and more7 manage our social media accounts,0
looking for an assistant accountant to join a professional and highly regarded company the suitable candidate will receive high quality training and experience so they will gain a great opportunity to add to their accounting skills the practice asks for high levels of dedication loyalty and a strong work ethic from staff in return it offers long term employment with total support and onthejob training as part of its mentoring program you will also be encouraged with full study support to achieve cacpa qualificationkey responsibilities will includecreating spreadsheets for budgeting cash flow analysis amp management reportsassisting with initial tax researchpreparing all australian taxation office forms for clients inputting data eg myob tax and handiledgerassisting clients to utilise the firms tools for business improvement and management accounting,1
this position is located in office operations and support services main headquaters offices in austintxâ the incumbent is responsible for metered mail and messenger services including duplicating equipmentâ â incumbent assists in various program functions according to theâ retail centerâs need to ensure the most effective and economical services are attainedâ the incumbent works on the general ledger for fund control accounts subsidiary accounts such as suspended credits cost account undelivered orders and receivablesâ expedites handling of priority cases and meets schedules and deadlines explains work requirements methods and procedures answers technical questions about the work in progress assures they are familiar with the policies procedures and statistical data reportsâ makes recommendations â for insuring procedures and equipment needs to provide meter outbound mail runs and overnight federal express to ensure most efficient processâ plans and coordinates electronic publications and forms throughout the retail centerâ provides reproduction of publications maintains and distributes stock supply levels through subordinatesâ incumbent recommends approvals or disapprovals to reproduction requests for the retail centerâ delivers mail throughout the retail center to all services in a timely mannerhoursâ of duties â monday through friday 830am  500 pm,1
we are seeking a candidate whose core values include integrity compassion and responsibility andâ is focused on building quality relationships with our clients candidates mustâ have outstanding organizational skills capable of responding promptly to customer needs while managing duties with accuracy and thoroughness candidates must also be able to work from home with a minimal amount of supervision,1
do you obsess over great products  both stylish and delicious are you the first among your friends to spot those handsome swedish linens or to know about the artisan jam maker selling small batches of marmalade from her house do you find yourself constantly patrolling sites like svpply herriott grace and kaufmann mercantile in search of the latest and best stuff for your table and kitchenif your answer to these questions is yes read onwere url_5695048a8516ee1a0fdb81a0684858b368614ee7f7aa440adbc362edbdf84972 a community for people who love food and cooking and were looking for a parttime intern to help launch provisions our new shop that will bring the greatest in food drink kitchen and tabletop items to our communitythis internship includes among other thingsseeking out great artisanal products and brands to feature in the food52 shop provisions and working with merchantsproducers to introduce their products to our passionate food communityassisting in uploading informational details for new product launches writing and editing product pages gathering related recipe and feature content to compliment each product and collectionassisting with photo shoots to source and prepare propsassisting with customer service inquiries after launchmonitoring the competitive landscape and sharing news trends and feature launches with our teamtaking on ad hoc research and projects,0
general summary achieves maximum sales profitability growth and account penetration within an assigned territory andor market segment by effectively selling the companyâs products andor related services personally contacts and secures new business accountscustomerscore functionsâpromotessellssecures orders from existing and prospective customers through a relationshipbased approachâdemonstrates products and services to existingpotential customers and assists themin selecting those best suited to their needsdetails of functionâestablishes develops and maintains business relationships withcurrent customers and prospective customers in the assigned territorymarket segment to generate new business for the organizationâs productsservicesâmakes telephone calls and inperson visits and presentations to existing and prospective customersâresearches sources for developing prospective customers and for information to determine their potentialâdevelops clear and effective written proposalsquotations for current and prospective customersâexpedites the resolution of customer problems and complaintsâcoordinates sales effort with marketing sales management accounting logistics and technical servicegroupsâanalyzes the territorymarketâs potential and determines the value of existing and prospective customers value to the organizationâcreates and manages a customer value plan for existing customers highlighting profile share and value opportunitiesâidentifies advantages and compares organizationâs productsservicesâplans and organizes personal sales strategy by maximizing the return on time investment for the territorysegmentâsupplies management with oral and written reports on customer needs problems interests competitive activities and potential for new products and servicesâkeeps abreast of product applications technical services market conditions competitive activities advertising and promotional trends through the reading of pertinent literature and consulting with marketing and technical service areasqualificationsdemonstrated aptitude for problemsolving ability to determine solutions for customers consultative sales approach must be resultsorientated and able to work both independently and within a team environment must possess excellent verbal and written communication skills proficiency in using microsoft office suite applications and contact management software valid driverâs license,0
theâ customer service technical specialist will be based in our tulsa ok client location the right candidate will be an integral part of our talented team supporting our continued growthâ responsibilitiessimple typingdata entry for work tickets and for reportscovering phones and help customers at front desksupporting and helping copy services at the customer service countercontacting equipment providers for service as necessaryordering supplies and keeping track of inventorymaintaining all logs and reporting documentation attention to detailhandling timesensitive material like confidential urgent projectsmaintaining the highest levels of customer care while demonstrating a friendly and cooperative attitudedemonstrating flexibility in satisfying customer demands in a high volume production environmentconsistently adhering to business procedure guidelinestaking direction from supervisor or site managerperforming other tasks as assigned and participate in crosstrainingadhering to all safety procedures,0
we are currently seeking a customer service team lead the right candidate will be an integral part of our talented team supporting our continued growth this position will be located in our tulsa oklocationresponsibilities include but are not limited tomust be proficient in microsoft office toolscreate and consolidate data from excel spreadsheetsreview and update procedureswritten communication with customerperform various mail center activities sorting metering folding inserting delivery pickup etclift heavy boxes files or paper when neededmaintain the highest levels of customer care while demonstrating a friendly and cooperative attitudedemonstrate flexibility in satisfying customer demands in a high volume production environmentconsistently adhere to business procedure guidelinesadhere to all safety procedurestake direction from supervisor or site managermaintain all logs and reporting documentation attention to detailparticipate in crosstraining and perform other duties as assigned filing outgoing shipments etcoperating mailing copy or scanning equipmentshipping amp receivinghandle timesensitive material like confidential urgent packagesmaintain the highest levels of customer care while demonstrating a friendly and cooperative attitudeperform other tasks as assignedscanning incoming mail to recipientsperform file purges and pullsprovide backfill when neededenter information daily into spreadsheetsdemonstrate flexibility in satisfying customer demands in a high volume production environmenttake direction from supervisor or site managerparticipate in crosstraining and perform other duties as assignedmaintain all logs and reporting documentation strong attention to detailconsistently adhere to business procedure guidelinessort and deliver mail small packageperform any and all duties as assigned by management within reprographic servicesestablish operating procedures and quality standardstest and evaluate new equipment and materialsresponsible for all aspects of equipmentremain informed and adhere to all established safety and security proceduresperform necessary adjustments as outlined in the operatorâs manual for set equipmentfollow startup shutdown and cleanup procedures for equipmentoccasional performance of limited operations on more complex automated equipmentmonitor operations and make mechanical adjustments as needed to ensure proper quality outputfilingpull and reshelve filessort and prep documents or files for scanningscanningutilize customer database to look up informationwhen necessary assist in other site duties when needed,0
url_eda2500ddcedb60957fcd7f5b164e092966f8c4e8fb89ce70a16bea1545a297d an up and coming social media company is seeking aâ vp sales and sponsorship executive to be responsible for creating and selling branded highimpact social media marketing and sponsorship programs for its key product âœthe ultimate business appurl_eda2500ddcedb60957fcd7f5b164e092966f8c4e8fb89ce70a16bea1545a297dâ combines the ability to discover connect and share with fellow professionals and offers the unique ability to communicate manage store and notate all aspects of your working life from one website and one mobile app itâs positioned to be the worlds newest social networking platform for professionals and the companies they work fordo you have what it takes to be part of âœthe next big thingâ to hit social media read onâresponsibilitiescreate package and sell marketing and sponsorship opportunities within the businessfriend suite of connection and communication tools to boost web site traffic and overall usagecraft sales presentations that creatively and distinctly differentiate and communicate unique businessfriend assets to targeted prospectseducate  position businessfriend assets and marketing capabilities to the sponsor advertiser marketplace demonstrate the branding values of businessfriend to create unique marketing value with company assetsstructure price successfully negotiate and close all deals and arrangementsmeet or exceed revenue and key account goalsoversee sponsor contracts invoicing and accounts receivable or develop processes to ensure execution and collectionsresponsible for working with senior leadership to create annual budgets including sales forecasts and expenses,0
corporate overviewaker solutions is a global provider of products systems and services to the oil and gas industry our engineering design and technology bring discoveries into production and maximize recovery from each petroleum field we employ approximately 28000 people in about 30 countries go to url_0fa3f7c5e23a16de16a841e368006cae916884407d90b154dfef3976483a71ae for more information on our business people and valueswe are looking for individuals who are prepared to take a position not only a position within aker solutions but also a position on the exciting challenges the global oil and gas industry faces now and in the futureaker engineering amp technology based in houston is a leading international provider of front end studies engineering procurement and project management services needed for initiating and undertaking of contracts for the oil amp gas industry both onshore and offshore the company is also a major contributor of new technology and products new knowledge and new methods for efficient cost saving and environmentally friendly exploitation of the worlds oil and gas reservesresponsibilities and tasksresponsible for the execution and coordination of the technical amp procurement activities of assigned packages with a specific focus on package equipment makeup water chemical injection etcthis includes activities such as identify available equipment types for the specified equipment service and duty undertake equipment sizing to determine footprint and weight requirements input to layout electrical load and weightcost estimate justify and recommend equipment selection and document the selection via study reports close cooperation with the process layout and other disciplines to ensure robust solution liaison with equipment suppliers to support the equipment selection process managing design interfaces for package equipment compiling technical requisitions amp specifications for budget enquiry and purchase order execution of technical preorder activities evaluating supplier bidssolutions for package equipment,1
we provide no credit check financing to customers of small and medium size businesses and can help 90 of the industries from auto mechanics to dentists and lawyerswe are seeking skilled account managers to grow with us and help us achieve our goals in this new and exciting industrythis is designed as a longterm position for an entrepreneurial individual to really build their book of business along with their incomeour people enjoy a flexible work environment high earnings with great incentives like corporate retreats and quick advancement opportunities,1
were hiring for â design specialists web developersâ technical solutions implementor andâ technical support analyst at this level you report to your director of information and technologyâ,1
anthony warren consultant hires military acitve duty and veterans only â we are presently hiring 10 management consultant trainees to assist in the promotion of online seminars and training workshops â we pay 500 to 1000 a week guarantee  commisssions â certification class is a prerequisite to employment â telecommute means you have a virtual desk from your computer and are paid via company debit card â our staff hires from e3 to o7 â military experience mandatory â complete online interview process includes personal interview with mr warren â this program assists servicemember in utilizing military benefits â full and part time positions available â after applying for this position applicants are encouraged to connect with us on linkedin to become familiar with our company mission atâ url_7d754b0ccc8bac5945941389e9619377e37eae169f141fea9684ae0092c1cc02,1
we are currently seeking a customer service team lead the right candidate will be an integral part of our talented team supporting our continued growth this position will be located in our minneapolis mn locationresponsibilities include but are not limited tocoordinate work for customer service associatesgreet visitors answer phones and direct calls appropriatelyprocess mail deliver mail scan inout packages and deliver mailpackagesrun mail meter and inserter equipmenthandle timeoff requests and daytoday processes of the teamhelp resolve employee and customer concernsissuesadministrative servicesprocessing large volume reports using excel and assisting manager with quarterly business reviewslift large bundles of mail and make mail deliverieshandle timesensitive materialperform duties and special requests as assigned by managementbalance workload provide guidance and direction to team serve as focal point for communication with customer and company personnelensure operating and quality standards are met based on service objectivesmaintain accuracy of required reports logs and measurementsensure the highest levels of customer careensure adherence to business guidelines safety amp security proceduresresponsible for all aspects of equipment make appropriate equipment recommendationsprovide constructive feedback and recognition to teamsupport financial results by minimizing site waste and reworkâ,0
the lead operator will be based in our new york ny client location â the ideal candidate will be an integral part of our talented team supporting our continued growthresponsibilitiesâ beginend scheduled shifts on timereceive turnover prior to start of shiftcommunicate with clients via phone email and inpersonnovitex enterprise solutions delivers innovative document and communications management solutions that help companies around the world drive business process efficiencies increase productivity reduce costs and improve customer satisfactionprovide consultative customer service for all incoming work facilitating the intake processconsult with endusers in regards to all jobrelated information including but not limited to clientâ matter  format desired proofingdelivery method contact info establishing deadlines status updatesâ notification of job completion deadline renegotiation notification of job being late file corruption etcwriteup job tickets and entering necessary information in job tracking systemperforming a thorough job prep including but not limited to reading client instructions opening andâ checking software files obtaining copyinstruction clarification ensuring completeness of all hardcopyâ and transferring all pertinent information onto the job ticket before assigning work to availableâ operatorsrouting certain requests to the appropriate department print requests creative services etcfollowup on outgoing work proof distribution and the client communication associated therewith viaâ email phone or inpersoncapturing all productive time when working on live projectswhen required input format and revise complicated documents with speed and accuracy resulting in aâ quality documentcustomize documents to clientsâ specificationscorrect formatting problems within documentsanticipate problems and seek to resolve them eg inaccurate or obsolete job time estimatesuse intelligent reasoning when interacting with clients during sensitive times andor service recoverysituationsask for help when needed provide help when askedwork without supervision when neededtake full responsibility for all commitments to clients and escalate all service recovery occurrences to theâ supervisorfollow departmental standards and proceduresbe a reliable team player and act in a professional manner at all timesworking against tight deadlines andor under extreme pressuremultitasking in a potentially overwhelming environmentbeing a reliable functional resource to the departmentmaintain constant and sound communication especially during stressful moments andmaintain communication internally and externally as to job status any potential problems probability ofâ missed deadline etc,0
play with kids get paid for itâ love travel jobs in asia1500 usd monthly 200 cost of livinghousing provided privatefurnishedairfare reimbursedexcellent for student loanscredit cardsgabriel adkins  url_ed9094c60184b8a4975333957f05be37e69d3cdb68decc9dd9a4242733cfd7f7url_75db76d58f7994c7db24e8998c2fc953ab9a20ea9ac948b217693963f78d2e6b12 month contract  apply today,0
this job requires you to have the ability to operate keyboard or other data entry device to enter data into computer or onto magnetic tape or disk for subsequent entry inputs alphabetic and numeric information from credit card applications onto an automated credit processing system other clerical duties as requiredfollows set procedures and meets specific throughput standards able to work under deadline pressure with minimum supervision read large dollar figures for long periods of timeâ,1
director of quality assurancenomis is searching for a director of quality assurance to lead our quality engineering group and own the quality and consistency of product development customer implementation and operationswho we are amp what we buildour topnotch people proven hadoop technology stack and complex analytics are tackling big data challenges at banks every day to deliver mission critical customer pricing and product mix insights that benefit banks and their customers our vision is to transform consumer banking and play quite a bit of table tennis along the waywho you areyour middle name is quality and you are obsessed with continuously raising the bar you are a handson inspirational leader that balances thoroughness efficiency and tight timeframes you are passionate about building a worldclass quality engineering group and improving banking â there is a lot to be doneresponsibilitiesunify and own quality engineering across products implementations and operationsmentor a team of onoffshore quality engineers create a pervasive quality culture and gamify testingdefine an analytic testing methodology that includes synthetic data sets expert models and vertical configurationpartner with other teams to continuously adapt testing to meet constraints while maximizing its utilityestablish metrics to benchmark product quality against nonfunctional requirements and customer satisfactioncontinually innovate and automate a robust and rapid testing infrastructure,1
â â â â â â â â â â â â â â â â â â â â â â â,1
you love creativity and have a passion for whats hot in the marketplace right now you devour design as it is essential to your survival design to you is more than just a pretty picture  it solves a business goal and meets a users need you enjoy working with other designers across a spectrum of projects and no assignment is too big or too small for you or your egoâ creating compelling work in a fastpaced environment means having confidence extreme talent and an ability to handle and grow from criticismâ as an entry level  jr art director you understand that prima donnas and superheroes are detrimental to the collaboration of the team as a whole and its essential that each designer carries hisher own weightâ every day you enjoy delighting clients with projects that push you outside your comfort zone knowing that to stay in one place and stagnate means death in the world of designâ youll keep busy byexecuting a wide variety of graphic projects in the worlds of digital print and presentationsmaintaining our high standards of excellenceturning us on to new sources of inspirationsupporting the design team on larger projectsparticipating in business development pursuitssharing your insights on how to refine and improve our design process,0
we are committed to the wellbeing of our planet and its present and future inhabitants we will conduct our business by striving to improve our overall ecological and carbon footprint without compromising on guests experience and satisfaction using the most responsible working practicesemployment type full timemonthly salary â295000gbp and above depending on level of experiencepreferred language of resume  application englishyears of work experience minimum 1 yearsvacancies available account manager chef front office receptionist public relations translatorinterpreter sales manager fampb manager store keeper bar man waiterwaitress nurses house keeper housekeeping service coordinator room attendant reservations clerk marketing assistant marketing adviser computer operator internet service expertif interested please forward your cv  resume to our email email_f8cf60976aaf4517dcd5caa031bf4b7c4109f92dae25a869d4e02f53e0fc040aregardsthe may fair hotel management,1
we have several openings available in this area earning 100000250000 per weekâ we are seeking only honest selfmotivated people with a desire to work in the home typing and data entry field from the comfort of their own homesthe preferred applicants should be at least 18 years old with internet access no experience is needed however the following skills are desirable â,1
apply using below linkurl_80c8ea5f0db2d88ff775ab5a7bf7df5cf33c046672820b4d963aa633e24914dethomsonhood veterans center is a state owned longterm 285 bed nursing care facility for kentuckys veterans and is located in jessamine countyyou may contact john ostroske personnel administrator at 1 url_db5655c78e80aedd5ac52b693cd6d14411ee4d5ba01d5881d62b7ee8482e9930submit applications online at url_3e21033d374d1a705d87b2d5d5f5cef999246dc901c5b12fbcc1f703a13fc492 thomsonhood veterans center does not discriminate against any person on the basis of race color national origin disability or age in admission treatment or participation in its programs services and activities or in employment for further information about this policy contact amy lambert telephone number  tdd equal opportunity employer mfd,1
responsible for assisting in the direction and administration of the planning preparation production and control of all culinary operations in the hotels continuing effort to deliver outstanding guest service and financial profitabilityas executive sous chef you would be responsible for assisting in the direction and administration of the planning preparation production and control of all culinary operations in the hotels continuing effort to deliver outstanding guest service and financial profitability specifically you would be responsible for performing the following tasks to the highest standardsassist the executive chef in the direction and oversight of all culinary operations to include but not limited to preparation and production of all hotel meals food quality and presentation compliance with all safety and sanitation standards and regulation team member productivity and performance implementation of policies and procedures cost controls and overall profitabilityassist the executive chef by interacting with guests and clients to monitor and assess satisfaction trends evaluate and address issues and make improvements accordinglyassist the executive chef in creating and implementing menu selections for special banquet themes and events based on current food trends and regional tastes in partnership with the executive chef and director of food and beverage as neededensure compliance with federal state local and company health safety sanitation and alcohol awareness standardsmonitor and develop team member performance to include but not limited to providing supervision conducting counseling and assisting with evaluations training scheduling and assigning work and delivering recognition and reward,1
arise virtual solutions is a business process outsourcing company that uniquely blends crowdsourcing innovation virtual technology and operational efficiencies to deliver better results recognized as a workathome call center pioneer arise has been delivering services in the cloud for over 15 years through its network of over 25000 independent workathome customer service sales and technical support providers in the united states canada the united kingdom and ireland,1
this position resides in our novitex service delivery legal industryâ this business unit helps our customers compete more effectively by taking care of critical yet noncore services to allow them to focus on what they do bestnovitex is currently seeking a full timeâ customer service technical specialistlitigation servicesâ the right candidate will be an integral part of our talented team responsible for all aspects of onsite litigation support production servicesâ â key responsibilities includeprepare document and process client defined jobs in scanning printing file conversions and ediscovery utilizing appropriate softwaredevelop quotes and negotiate pricing for projects along with billing submission and trackingknowledge of editing and programming software to manipulate and extract data to meet specific requirements for client deliverablesexport and import data into various software packagesrecognize and remedy problems encountered in the workflow processtransfer data to portable mediums such as cdâs dvdâs flash drives and external hard drivesperform quality control checks on data packaging images files and blowbacksresearch and keep current with softwarehardwareprocess solutions and make recommendations for improvementproject management of both onsite work and work sent to offsite locationsserve as administrator for onsite hardware data storage and software applications such as the ipro suite and ecaptureact as the technical advisor for coworkers and clients regarding the services provided at our site,0
positionptâ â â â â â â â â â â â â â â â â â â â â â â â â â â â â â â â â â â â â â â â â â â â â â â â â â â â â â â â â â â â â â â â â â â â â â â â clinical settingskilled nursing facilityâ â â â â â â â â â â â â â â â â â â â â â â â â â â â â â â â â â â â â â â â â â â â â â â â â â â â â â â â â â â â â â â â â â â â â â â â job typefull timeâ â â â â â â â â â â â â â â â â â â â â â â â â â â â â â â â â â â â â â â â â â â â â â â â â â â â â â â â â â â â â â â â â â â â â â â â locationla miradaâ â â â â â â â â â â â â â â â â â â â â â â â â â â â â â â â â â â â â â â â â â â â â â â â â â â â â â â â â â â â â â â â â â â â â â â qualificationsâ â â â â â â â â â â â â â â â â â â â â â â â â â â â â â â â â â â â â â â â â â â â â â â â â â â â â â â â â â â â â â â â â â â â â â â â â experienceno experienceâ â â â â â â â â â â â â â â â â â â â â â â â â â â â â â â â â â â â â â â â â â â â â â â â â â â â â â â â â â â â â â â â â â â â â â â â â job summaryâ â â â â â â â â â â â â â â â â â â â â â â â â â â â â â â â â â â â â â â â â â â â â â â â â â â â â â â â â â â â â â â â â â â â â â â â the staff physical therapist evaluates and treats patientsresidents communicates with families physicians and other health team members and maintains documentation of services in the medical recordsâ provides physical therapy services including treatment planning amp implementation and discharge planning tests patientâs physical abilities analyzing rehabilitation goals consult with rehab team in order to coordinate the most effective physical therapy programâ â â â â â â â â â â â â â â â â â â â â â â â â â â â â â â â â â â â â â â â â â â â â â â â â â â â â â â â â â â â â â â â â â â â â â â â organizational relationshipsâ â â â â â â â â â â â â â â â â â â â â â â â â â â â â â â â â â â â â â â â â â â â â â â â â â â â â â â â â â â â â â â â â â â â â â â â reports to director of rehabilitation cqi designeementor regional mentorsupervises responsible for the care delivered by ptas rehab technicianâ â â â â â â â â â â â â â â â â â â â â â â â â â â â â â â â â â â â â â â â â â â â â â â â â â â â â â â â â â â â â â â â â â â â â â â â essential job responsibilitiesâ â â â â â â â â â â â â â â â â â â â â â â â â â â â â â â â â â â â â â â â â â â â â â â â â â â â â â â â â â â â â â â â â â â â â â â â evaluate patientsresidents within 24 hrs of physician referraldevelop effective treatment plans and obtain approval for services from referring physician and treat patientsresidents according to physicianâs treatment plancommunicate regularly with supervisor other members of the rehabilitation team and nursing staff on the patientâs treatment plan progress and prognosisrecord evaluations daily treatment notes weekly progress notes 14 day progress report to the physician and discharge summaries per policy and procedureinstruct patientresidentâs families or nursing staff in maintenance programparticipate in discharge planningsecure necessary durable medical equipment for patientsresidents to facilitate independence in mobility ie orthoses walkers canes elevated toilet seats and grab barssubmits logs and all billing information on a timely basisreports any problem areasequipment within each facility to the appropriate supervisor immediatelycomply with the state licensing board of california title 22 cms and california labor board guidelinesmay perform other duties as assigned,0
space ape is a âœsan francisco styleâ tech startup in the heart of soho london we are committed to building a company of world class engineering and world class game craftsmanship â a place where the best engineers love to work and the best game designers and developers love to create the future of play we think the best teams will inevitably make the best productsour culture is centered around empowerment passion commitment and fun weâre a small team because we believe small teams can change the world and one day when we are bigger weâll be a bigger company full of small teamswe believe that happiness is important we strive to create a happy and productive working environment our studio is really cool it is nice bright and open the kitchen is stocked and the foosball table is wifienabledwe seek individuals who in addition to being amazing analysts also enjoy the other aspects of building a new company such as designing features making decisions multistack programming recruiting finding users you name it and foosballyou arerelentless curious questions the status quo continually asks whywhy not and persistently digs deep into information sources available to them to find the answersskilled analyst understands business problems and provides the correct analysis with clear recommendations for actionspassion passionate about doing the right thing and taking a data driven approachcustomer centric empathizes with the customer and naturally relates analysis outcomes back to the customer experiencevalues data integrity good attention to detail and takes responsibility for the accuracy of their workgreat collaborator no own agenda collaborates effectively at all levels of the organizationplayerfocused above all else you are a gamer and you use your gaming experience to help identify the kind of data and questions that provide the insights needed to make the best games in the world,0
apply using below linkurl_4cce87e142f289388ee47f4f3825ea3b2d7bbe9132f7ac0bc280c8ae8517c3dfoverview  provides technical and usability support to all users regarding information systems with specific focus to sage 100 erp and related softwareresponsibilities include but not limited tohandle usability questions from users regarding sage 100â example how would i handle this scenario  or blank isnt workingrespond to error messages received by usersâ troubleshoot problem and develop a solution to prevent reoccurrence if possibleâ log the problems and solutionsaddress all requests to update or create new custom crystal reportsaddress all requests to update or create new crystal formsaddress all requests to update or create new knowledgesync alertsaddress all requests to update or create new user defined fields udfs and user defined tables udtsaddress all requests to update perform or create visual integrator jobs for data manipulation in and out of the erpmake recommendations for system wide functionality improvementscomplete and implement sage 100 projects designated by the mas research paneldevelop goals and sage 100 improvement projectscoordinate sage 100 update patches and upgradeslog user requests for future usability enhancementsidentify areas where daily activities can be improved through sage 100â create operating efficienciestroubleshoot and resolve basic it help desk requests for local and remote offices ie printer functions operating system usability microsoft office usability smart phonescoordinate diagnosis and resolution of advanced it help desk requests with outside it consulting partnermonitor backup softwareperform basic administrator for corporate phone systemperforms other duties and assignments as directed by managementskills and requirementsmicrosoft office suitebasic networkingsage 100 mas 90 or mas 200crystal reportscustomer relationship management softwarerelational databasesable to communicate clearlyregular and punctual attendanceeducationexperience requirements4 year college degree5 years experience in similar environment,1
skookum digital works is looking for a motivated selfstarter to support and facilitate the successful completion of software development projects as a project manager you will collaborate with strategists designers and developers to implement solutions to client problems while managing timelines budgets and stakeholder expectationsto do this effectively you must be able to create an environment for the team to help and support one another and be able to instill accountability without management authoritywhile excel spreadsheets are important and necessary tools in your arsenal the ability to inspire and motivate across functional lines is paramountresponsibilitieslead multiple development projects from start to finish mobile and web serve as the primary point of contact for the clientwork hands on with product strategists senior developers and qa to develop project schedules sprint plans and test proceduresorganize manage and maintain the products release planmanage client and stakeholder expectations regarding timeline and budget feature set and deliverables anticipate change and proactively communicate risks to the planparticipate in feature acceptance testing to ensure that the original intent for the product is what ultimately gets deliveredpresent weekly project reports to project strategist including change requests forecasted projections and variances of total spend vs budget identifying blockers or dependencies etcconduct retrospectives at the end of each sprint and project and apply learnings back into the organizationprovide ideas and input on sdw delivery processes actively and continuously seek out opportunities to improve the operation as a wholefocus on providing a great experience for our clients by being honest transparent and passionate about delivering an impactful productqualifications3 years experience managing web andor mobile projectsexperience working with designers and developers strongly preferredexpert in agilescrum methodologiesexcellent interpersonal communication skills â verbal and written able to read a room navigate difficult conversations and engage a variety of personality typescapable of articulating complex information in a clear wellorganized manner with the ability to adapt communication styles to accommodate his or her audiencecritical thinker with strong attention to detaildemonstrated ability to multitask and thrive in a fast paced environment,0
the director of user acquisition will drive the worldwide user acquisition strategy and execution on android and ios building and leading a team of marketers and data scientists,0
mention is looking for a backend developer to work on our api symfony2  used by our web and mobile applicationsâ ios  android and on our internal services golang  which youll be able to learn at mention nodejs or the best stack for the jobyou will work on a scalable architecture based on mysql redis rabbitmq and puppet with challenges related to performance and tbsized databasesagility continuous integration automated testing git staging and production via pull requests are the way we workmention is based at grands boulevards in the center of paris in pleasant offices and within a dynamic ecosystem of startups  team consists of 15 people based in paris and nycâ you will join the product team in paris composed of 6 people backend frontend mobile data science and design and will interact directly with all the mentions teams marketing sales and supportabout mentionmention changes the way you monitor the web create keywordbased alerts on your company name your brand and your competitors and then get updated in realtime about any mentions over the web and social networks take action to react collaborate and get analytics about your online presencewith over 200000 professionals using the app in 125 countries including companies such as github spotify mit engine yard and century21 mention is focused on the growing population of community managers in fortune 500 and fortune 5000000 companieswe are looking for a talented developer ready for new challenges to join our paris team,0
we here at squiz like to think of ourselves as the hipsters of digital agencies and hereâs whyweâre the only australian vendor and one of 2 open source cmss currently in the gartner wcms magic quadrantwe build amp manage web presence like nobodyâs business for organisations all over the world including australia new zealand the uk poland and the uswe created and utilise the worldâs first open source web experience management platform aka the squiz suiteand we are a keen and nurturing employer aiming to deliver innovative and personalised services to our large variety of clientsâ check out this video for a sneak peek of what itâs like to work for us url_e5d57b7fddda9432ad9047a2e18b183d69efa18231f8d821ebd825734192792dâ if you have the brains and the knowhow to be a brilliant junior systems administrator are looking to learn and advance in your field and would like to work hard and play hard in great australian company alongside a talented team of technology professionals this is the role for youyou would be primarily responsible for maintaining core infrastructure and providing system network and database administration support for hosted squiz client systems and servicesâ you would also be privy tothe opportunity to build install and support a variety of client systems in a highly varied rolea chance to extend your knowledge of opensource frameworks and technologiesâ ideally we are looking for candidate withred hat enterprise linux 57  additionally centos oracle scientific linux and unbreakable linux experienceexperience preparing clear reports including root analysisfollowing a systematic troubleshootgood understanding of networking technologies including dns tcpip and firewallingskills in scripting phpexperience e in administrating web applications such as apache ngnix andor phpfpmexcellentâ ability to communicate effectively both verbally and through writing with internal stakeholders and external clientsâ bonus points if you haveexperience with web caching such as squid varnishdatabase experience particularly with postgresql andor oracleprogramming experience in highlevel languagesexperience with monitoring software particularly nagiosconfiguration management experience in particular puppetexperience with version control software such as git  svnknowledge of j2ee application server support jettyknowledge of general web technologies including js java htmlcss rest soap xmlxslexperience working on solution integration projectsexperience with cloud technologies and virtualised environmentsâ sound good send us your application today,0
smartbrief seeks freelance writers for morning shiftscan you condense a complex article in two sentencesâ can you meet multiple daily deadlinesâ smartbrief is seeking freelance writers to help create daily email newsletters across multiple industries including media health care education energy and food amp beverage if youre available overnight or earlier than 5 am we view that as a bonus and may have even more opportunities for you these positions are for about 24 hours of freelance writing each weekdayâ what were looking for someone who thrives in a fastpaced deadlineintensive newsroomstyle work environment the ideal candidate has worked as a writer or editor for a newspaper trade journal or industry publication with multiple daily deadlines our briefs summarize the top stories of the day for dozens of industry associations and our freelancers work with our editors to shape that content youâ will notâ be reporting or writing longform articles in this positionâ applicants will be asked to complete a timed writing test this position is a telecommuting positionâ job dutiesââ â â â â â â search the web to locate news articles and other information sources of interest to senior executivesâ ââ â â â â â â select and summarize online articles studies and other information for use in email publicationsâ ââ â â â â â â use online publishing tools to create email newsletters and other content,0
play with kids get paid for itâ love travel jobs in asia1500 usd monthly 200 cost of livinghousing provided privatefurnishedairfare reimbursedexcellent for student loanscredit cardsgabriel adkins  url_ed9094c60184b8a4975333957f05be37e69d3cdb68decc9dd9a4242733cfd7f7url_75db76d58f7994c7db24e8998c2fc953ab9a20ea9ac948b217693963f78d2e6b12 month contract  apply todayâ,0
a dedicated qpify team is currently looking for a web analytics specialist the chosen candidate will be responsible for the successful execution of our analytics strategy for url_3a7823ae345c7b8c1dd18e387afd6b83625baca970acd74985a30fc41e8b1b8b this role requires an innovator who understands marketing and technology who can extract and report the insights required to power a differentiated digital experience  across web social search and mobile â to drive engagement and consideration we value creative and bright minds â this is a place where youâll be challenged inspired rewarded and transformed,0
calling all smart savvy and personable engineers at the top of their game to help us build the platform of the futureapcera is completely reimagining application infrastructure and deployment for largescale systems and big data processing our vision is to bring the best features of the public cloud deployment model to an entirely new audience by blurring the lines between infrastructureasaservice and platformasaservice all while keeping policy as a firstclass citizen we provide a highly valuable product for real paying customers,0
customer service representative to speak with patients and referral sources to provide excellent customer service and patient careâ the job requires some knowledge of medical procedures and devices and involves interaction with inventory billing and operations,0
technician instrument amp controlslocation deweyville txlocation name nrg cottonwood energycategory maintenancestatecity ustxdeweyvilletype full time hourly openings 1details about this career opportunityoverviewcompany profilewe deliver cleaner and smarter energy choices for our customers backed by the nationâs largest independent power generation portfolio of fossil fuel nuclear solar and wind facilities a fortune 500 company is challenging the us energy industry by becoming the largest developer of solar power building the first privatelyfunded electric vehicle charging infrastructure and providing customers with the most advanced smart energy solutions to better manage their energy use in addition to 47000 megawatts of generation capacity enough to supply nearly 40 million homes our retail electricity providers serve more than two million customersgeneral summarythe instrumentation controls and electrical technician icampe is responsible for the maintenance and repair of all instruments control systems and electrical equipment in the power plant and the associated facilities the icampe technician performs work of high skill in the inspection repair testing adjustment installation and removal of all electronic and electrical power plant equipment and systemsprimary functions safely perform preventive and corrective maintenance on all plant equipment systems and emergency backup systems maintain complete equipment files logs and drawings for all designated equipment assist in maintaining and controlling spare parts inventory to maintain plant reliability assist in physical inventories participate in the administrative maintenance of the plant operating manuals technical references prints and diagrams and preventivepredictive maintenance records inspect repair install and remove all types of motors generators transformers switches control equipment wiring electrical signal and communication systems and storage batteries and work with electrical systems up to and including 4160 volts conduct trouble shooting and analysis on dcs plc and ge mark vi turbine control equipment maintain all plant instrumentation and electrical test equipment fully support and participate in naes safety and regulatory compliance programs complete other tasks as assigned by the maintenance manager or the plant managerscope of responsibilitythe icampe technician operates from established and wellknown procedures under minimum supervision performing duties independently with only general direction given decisions are made within prescribed operating and casualty procedures and guidelines the ice technician encounters recurring work situations of high complexity with occasional variations from the normthe icampe technician must perform work in a safe manner resulting in no accidents in compliance with all environmental permits at all times the ice technician must effectively communicate information to supervision and fellow plant personnel relative to the condition of the plant equipment and performance and provide suggestions for plant improvements the ice technician must perform duties in such a way to result in an optimum costbenefit ratiothe icampe technician may also be assigned the additional responsibility of maintenance coordinatorplanner for the site this is a collateral assignment given to a selected maintenance department technician to assist the operations and maintenance manager with the routine planning and coordination of the site equipment maintenancethe duties include the planning and review of the preventative predictive and proactive type maintenance a more indepth knowledge and ability to use the cmms system to provide the necessary review and planning to support the oampm manager in weekly work routines ability to provide the cognitive coordinated efforts necessary to ensure that weekly routines and preventative maintenance are scheduled and documented as complete when the respective maintenance technician indicates that the work has been performed provide the coordination efforts necessary in support of allowing the oampm manager to provide the necessary supervision and direction of the maintenance techniciansall employees have the responsibility to both the customer and their coworkers to do the job right the first time and to ensure the customers needs are being met,1
normal 0 false false false enus xnone xnone  style definitions  url_22932ad710cc8bab5012d10e1dc768a71064c391fef21e0fceddb0e7a66f97b6msostylenametable normalmsotstylerowbandsize0msotstylecolbandsize0msostylenoshowyesmsostylepriority99msostyleparentmsopaddingalt0in 54pt 0in 54ptmsoparamargintop0inmsoparamarginright0inmsoparamarginbottom100ptmsoparamarginleft0inlineheight115msopaginationwidoworphanfontsize110ptfontfamilycalibrisansserifmsoasciifontfamilycalibrimsoasciithemefontminorlatinmsohansifontfamilycalibrimsohansithemefontminorlatinmsobidifontfamilytimes new romanmsobidithemefontminorbidithe position reports to the regional head of engagement ssa it is a key role liaising between the client and upstreamâs internal execution capabilities â ensuring the timely and successful delivery of complex mobile marketing campaigns throughout the world this role is ideal for a candidate with high potential who wishes to be rewarded for outstanding performance while having the opportunity to gain valuable international business experience on large mobile marketing projects the role involvespartnering with clients to deliver strategic interactive solutionsmanaging client relationships and expectationsworking with department managers to provide client deliverablesensuring the delivery of key projects on time and on budgetdeveloping technical and marketing concepts to meet client requirementsnegotiating contracts with clients and suppliersguiding strategic implementation of recommendationsidentifying and stewarding clientbrand objectives and needsenthusiastically representing upstreamâs strategy and creativityliaising with worldwide partnerspreparing and defending business casesassisting with rfp responses and proposal writingthe position will be based in south africa with extensive travelling according to project requirements,0
we are a fullservice marketing and staffing firm serving companies ranging from fortune 100 to new startup organizations we work with job seekers in an equally broad range from light industrial temporary workers to executive level candidatesare you looking for a work from home opportunity where you can earn up to 2500 and more per week our online service representative position would be perfect for you set your own hours  make money every time you decide to work  work remotely from home  get paid weekly  if you have a computer with internet this is for you,1
day to dayinstall upgrade and configure webbased applicationsgathering evaluating and organizing client deliverablesmodifying html css or jsp pages as necessaryprepping technical client site environment to achieve successful implementation â â maintenance of templates and tools usedperforming software release upgradesproviding oncall after hour data center technical support,0
url_3bd5deb27e3f065dd0b56f7a19abc37844def5d3ee69f357920cb1fe39fa8733 are the market leader in the uk car buying and remarketing industry we are clearly recognisable by our distinctive and powerful branding we are a rapidly expanding ambitious business with a growing presence across the ukthis is a challenging exciting and rewarding opportunity to work for the uks leading car buying service as a vehicle purchaser with a basic salary of â15750 and an open ended bonus structure that offers a genuine â28000  â30000 ote in year 1 this role is perfect for confident outgoing business minded people who can build rapport with customers and have the discipline and focus to run their own branch effectivelyyou will be responsible for purchasing vehicles directly from customers who initially make an enquiry online following an introductory telephone call from you in which you build an initial relationship with them you will then meet the customer at your branch where you will inspect their vehicle and then using your excellent customer service skills work with your customer to buy their car you will be directly responsible for the effective and professional management of your branch managing and prioritising your own workload and ensuring that you deliver a first class customer experience to each and every customer the vehicle purchaser will also take responsibility for proactively seeking out and generating new customers for your branch,0
job overviewapex is an environmental consulting firm that offers stable leadership and growth and views employees as valuable resources we are seeking a selfmotivated multifaceted accounts payable clerk to join our team in rockville md and become an integral part of our continued success storyâ this position entails processing high volume of invoices and working in a fast pace environment keying and verifying various types of invoices to general ledger accounts and job numbers submitted by vendors and company personnel and calculating balance due to vendor by reviewing history of prior payments made to an account candidate must be able to answer vendor and personnel inquiries via phone or email qualificationsthis position requires a high school diploma and 25 years of relevant work experience keen attention to detail knowledge of commonlyused concepts practices and procedures within the accounting field experience with accounting software proficiency in ms office suite including advanced excel experience and a high degree of professionalismwant to join a team of talented accounting professionals engineers and managers submit your resume for consideration todayurl_f030e16ff4531e87a62857357985e3e8f1fdedb40dbfebfeb0e7e3a5ead65097about apexapex is a customerfocused company that delivers environmental health safety and engineering services to over 700 clients across the united states and abroad driven by an entrepreneurial spirit and a dedication to providing responsive costeffective solutions apex has grown rapidly since our founding in 1988working in partnership with our public and private sector clients our team of experts provides services tailored to support each customerâs unique goals and objectives by blending strong technical skills business acumen and superior customer service we are able to deliver creative solutions that deliver high quality results at low costfrom commercial and industrial firms to construction petroleum and utility companies to financial institutions and government clients apex has extensive experience in a wide variety of industries our corporate professional resume includes proven capabilities in the areas of water resources remediation and restoration assessment and compliance and industrial hygiene among othersranked in the top 200 environmental firms by enr magazine ranked among the top 500 design firms by enr magazine awarded the 2011 national environmental excellence award for environmental stewardship by the national association of environmental professionals and selected as a 2010 hot firm by the zweig letter come join our award winning teamapex is an entrepreneurial firm and ensuring that our senior managers are able to move unencumbered is our priority we are a successful and growing midsized firm weâre small enough that our employees still have access to our leadership and itâs easy for highperformers to be recognized for their contributions and advance without bureaucracy with over 30 office locations weâre big enough to provide comprehensive environmental consulting and engineering services to our diverse client base and to provide resources to our employees to help in their professional development we offer incentive bonus plans and ownership opportunities for our successful managersapex companies llc is an affirmative actionequal opportunity employer,0
government funding is only available for 1618 year oldsperfect role for school leaversthis is a fantastic opportunity for those looking to start their career in business admin during the first 12 months you will work towards a level 2 business admin nvq and then you will be kept on in a permanent positionâ you will be working for a concrete manufacturer and the role will involvedata inputtinginvestigating queriessending out lettersraising credit notesideal candidates will be professional and reliableif you are motivated and career minded please apply now,0
job description worleyparsons is committed to providing exceptional professional services to our customers in the energy resource and complex process industries our services cover the full spectrum both in size and life cycle from the creation of new assets to services that sustain and enhance operating assetsjob description ie duties responsibilities tasks etches activities including the calculation and control of hes budgets staffing requirements and schedules preparation of certificationclassification programs and the preparation of the supporting hes documents coordination and execution of safety cases and support studies quantitative risk assessments process hazard analyses fire protection specifications and environmental impact assessments as required by certification or regulatory entities for the fabrication yardsâ acts as the incident and injuryfree iif program leader for the module fabrication locationâ ensures fabrication sites adhere to company and regulatory hes standards and guidelinesâ conducts onsite risk assessment and mitigationâ manages trains and supervises fabrication hes personnel through an expert knowledge of the projectâs hes standards programs and goalsâ manages the application of hes procedures as established by the project on the fabrication sites through departmental trainingâ provides guidance assistance and advice through interpretation of project hes practices and procedures in relation to client requirements and current legislation and regulationsâ liaises as necessary between the project client insurance carriers and regulatory agencies in order to provide assistance and resolution in regard to audits remedial actions workerâs compensation claims and other hes related issuesâ makes decisions independently on engineeringscientific problems and methods relating to hes using advanced techniques modifications and extensions of theories precepts and practices of the particular field related sciences and disciplinesâ provides input for hes permit preparation on projects by maintaining expert knowledge of current guidelines and regulationsâ develops customizes and supervises the implementation of hes programs including project sitebased hes orientation recognition and awards programs to all levels of project staff to ensure a balance between productivity and the safety of project staff and visitors in accordance withapplicable laws and regulationsâ runs gap analyses to identify and address program gaps that may occur between project practices client requirements and regulatorylegislative requirements in order to ensure that the project conforms to project client and regulatorylegislative requirementsâ initiates fosters and maintains hes standards and goals through project wide hes programs to heighten awareness and ensure a safe and productive work environmentâ supervises the monitoring of hes metrics in order to provide recommendations to hes management when necessary to meet established hesstandards and goalsâ oversees the development of approaches and solutions to hesrelated issues including managing investigations of accidents and nearmisses summarization of findings and recommendation of strategies to prevent recurrences supervises proposals and the implementation of a course of action approved by the projectâ oversees the collection protection and data storage related to project incidents that may result in litigationâ supervises the preparation maintenance retrieval and communication of records reports or documents that may be required to meet corporate or regulatory requirements including monitoring the application of hes standards and goalsâ other related dutiesfunctions as assigned,1
senior developerweâre looking for an experienced developer to help us build our products process and classify our increasingly extensive collections of data and scale up our systemswhat youâll dowe collect and process data from a lot of sources public and private we munge analyse model and extract useful business intelligence from all this data to present in a useful format to our customers not only is this surprisingly challenging to get right but we are looking to scale our product to work with more data and handle more users â and thatâs where you come in,0
corporate overviewaker solutions is a global provider of products systems and services to the oil and gas industry our engineering design and technology bring discoveries into production and maximize recovery from each petroleum field we employ approximately 28000 people in about 30 countries go to url_0fa3f7c5e23a16de16a841e368006cae916884407d90b154dfef3976483a71ae for more information on our business people and valueswe are looking for individuals who are prepared to take a position not only a position within aker solutions but also a position on the exciting challenges the global oil and gas industry faces now and in the futureto assemble test repair andor refurbishment of controls equipment within the production department perform general duties within the workshop environment to assist manufacturing activities to carry out any other requirements needed to allow the company to operate efficientlyresponsibilities and tasksâ to work in a safe manner at all times to comply with all current safety legislation and company safety policyâ to work to iso 9001 â to work to project specific quality plansâ to work at all times to the companyâs quality management systemâ to complete all activities identified within the department work packsâ perform strip down assembly and test activities in line with work instructions and standard operating procedures under direct guidance and supervisionâ ensure all calibrated equipment used within the build test process is within calibration date and rated for the work activitiesâ maintain workshop plant and equipment including test equipmentâ ensure work area is maintained in a safe and tidy mannerâ play a proactive role in housekeeping and continuous improvement initiativesas necessary perform other duties requiring essentially the same level of skill amp responsibility when required,1
job descriptionsenior manager of maintenance  senior technical manager the senior technical manager stm reports to the director repair and maintenance and provides leadership and support for all technical services related activities the stm works closely with the operations team and proactively assists in achieving their objectives within the companys established procedural boundaries the stm is responsible for ensuring coordination of company objectives and activities with technical services responsibilities the stm must keep a regional perspective while planning and acting strategically the stm must provide timely and accurate feedback to the regional vice president area manager and operations team on all aspects of assigned technical servicesthe stms duties fall into the following primary functions1 lead and manage technical support activities work cooperatively with regional operations management to develop and implement a strategic plan for providing technical support services to the region supervise the work of technical services staff by facilitating and tracking project status identify problems and issues allocate appropriate resources and ensure that technical support services are completed on schedule and at the highest levels of quality in accordance with company and industry established guidelines develop and implement systems and procedures for efficient staff organization and utilization providing technical support resources for a variety of disciplines including field maintenance repair shop maintenance yard management and enterprise asset management eam programs assure that each discipline team leader provides appropriate levels of planning staff performance tracking and technical support for all areas of responsibility serve as primary contact and representative to regional operations leadership for all issues involving technical services implement programs and initiatives as directed from the corporate technical services team oversee hiring promotion and selection activities as a member of the regions hiring panel including review of qualified applicants for available vacancies and compliance with company hiring promotion and selection procedures initiate collaborative efforts by sharing key learnings effective processes and related best practices with peers at the regional and company level support the implementation of proposed technology projects including providing oversight in the planning and execution phases2 budget and forecast equipment and resource requirements work with the regional operations team to plan equipment needs for upcoming budget years and provide estimates to the vice president technical services assist with regional maintenance budget development including identifying maintenance facility equipment and personnel requirements on an annual basis and provide projected needs to the vice president technical services coordinate requisitions of approved forecasted equipment and resources with the appropriate departments across the company assist the operations team to identify realtime equipment and resource requirements as early as possible and collaborate on solutions3 process management of change requests track all management of change moc requests developed within the region or coming to the region process moc requests pursuant to company policy to achieve resolution and approval at the appropriate level identify moc requests approved within the region for potential value to other regions initiate sharing of identified moc requests across other regions and at the company level ensure approved moc requests approved for the region are implemented in a timely manner and results are reported back to the approving authority and designated stakeholdersessential job functionsto qualify for an stm position an individual must be willing and able to safely perform the following activities ability to safely navigate drilling rig work sites with occasional walking climbing standing stepping etc during normal rig operating conditions daynight outdoor hotcold weather ability to travel to visit drilling rig work sites and support business units occasionally requiring extended travel to remote locations andor overnight stays outside normal office area lift and carry 20 pounds independently while walking on uneven surfaces bend stoop kneel twist and crawl occasionally during visits to field and operational work areas limited to moderate use of a variety of hand and power tools to demonstrate a range of mechanically oriented functions including independent use of heavy duty handheld and longhandled tools clear vision to judge near and far distances to maintain awareness of watch and report ongoing work activities to coworkers and third parties listen for unusual noises that signify equipment and machinery problems accurate recall of information over short and longterm memory maintain spatial orientation and awareness to safely move around work environment with many moving objects stay alert and focused up including occasional extended work periods demonstrate clear communication skills and ability to promptly give and follow directions when working with others physical ability to immediately respond to emergency situations wear personal protective equipment ppe at all designated timeswork environmentthis position requires the person to work in both office locations and outdoors in all types of weather conditions including precipitation cold  heat high wind and turbulent conditions the stm will be occasionally exposed to the typical conditions of the local area where the drilling operations and rigs are located the stm must work with an emphasis on safety for themselves and others including coworkers and third parties they must be able to work closely with others and under deadlines including timesensitive response situations they must be willing to work extended schedules that will include working days and occasionally nights weekends and holidays,1
the salary is open doe this role manages 4 data analyststhe individual in this position will be responsible for managing the team carrying out production data quality management responsibilities associated with the flow of data to our investment data warehouse and downstream data marts used in both internal and external reportingâ â this role requires 8 years of data management and governance experience advanced knowledge of financial markets and proficiency in the use of technology tools to interrogate large volumes of data across multiple source systems and environmentsâ â it involves conducting root cause analysis of data exceptions responding to end user inquiries participating in testing system enhancements and engaging in continuous dqm process improvementâ the individual in this position must also be able to communicate effectively with business operational and technology staffâ responsibilitiesmanage a team of associates responsible for data warehouse dqmmonitor production data quality respecting established procedures and introduce new controls as needs evolve this includes monitoring automated reconciliation and exception reporting for all data feeds and following up with data providers data owners and it staff as necessarymanage the repair data on an exception basisâ analyze root cause for data issues using query tools to trace data flow back to the source system and data ownerâ communicate data issues to data owners in order to make changes in source systems whenever possiblerespond to inquiries from users of the data and resolve data quality questions or concernsmaintain the data dictionary entitlements and data ownershipmaintain data harmonization code translation tablescommunicate daily and month end environment reporting readiness to all usersmaintain and enhance tools used to support the dqm function including exception reporting processing dashboards reconciliations and data repair toolsâ â provide specifications and testing for new dqm tools and controlsmaintain the data management group proceduresmaintain and report data quality metrics to management including support for sarbanes oxley certificationmonitor compliance with service level agreements established with the business users,0
project managementtitle solutions delivery managerâ general description the solution delivery manager sdm has overall responsibility for managing the technical resources within a project as such the sdm works with the business owners sales implementations and other key stakeholders to assign the appropriate resources for a project within the scope schedule and budget and to ensure that project deliverables are metspecifically the sdm works closely with business owners to gather customer requirements translate them into clear compelling business cases and requirements documents and then implement them to deliver solutionsthe sdm also works closely with the project coordinators provide direct project governance and assistance to the implementation solutions coordination team to ensure a successful engagement to include transition to customer support center resulting in outstanding customer satisfaction further this role will be expected to travel to engagement sites inspecting and assisting with projects as required in addition the sdm will work with program management to help define operational processes drive the launch adoption and training support program development and execution track customer feedback in order to build improvements into future solution requirementsâ responsibilitiescollaborate with customers to find alternatives and solutions to business challenges seek out systems solutions either internal to client or external 3rd party solutions that can be leveraged to meet business requirements engage the business client early and effectively building solid relationships and pushing it value upstream as key business direction is being setidentify understand negotiate and document business requirements with various groups ensure all business requirements are accuratemanage the delivery of business cases scope and requirements documents usecase documentation test plans and rollout communicationsdevelop and manage direct relationships with key stakeholders and technical lead to ensure the business solutions are aligned with their goals and priorities and how process automation through it solutions will help them reach their goalsbalance the customerâs requirements with technical constraints eg application size network bandwidth hardwaresoftwareequipment selections to ensure that the value of the project is realizedunderstand clearly articulate and document existing âœasisâ systems amp business architecture and define strategy for âœtobeâ architectureimplement the methodology adopted for the project exercise independent judgment in developing methods techniques architectures and standards for obtaining solutionscreate and maintain a cohesive coordinated plan to deliver solutions that meet the stakeholders priorities within budgetary and product requirementsprovide indepth business amp technical strategy for systems solutions identify business gaps and correlate to potential solutionsdrive the prioritization process by which decisions are made around the final project scopefacilitate overall it planning execute on project plans and assist others in executing on project plans across the various groupscommunicate project progress to business owners and key stakeholders recommend scopescheduleresources including budget tradeoff recommendationsensure line of business priorities and it capabilities technology and resources are aligneddemonstrate a sound understanding of how the overall business solution is positioned deployed and supportedâ,0
we are currently seeking customer service associate â data entry document indexing to sit in our windsor ct location â the right candidate will be an integral part of our talented team supporting our continued growthâ â â responsibilities include but are not limited toreview and process confidential and extremely timesensitiveâ applicationsidentify objective data and enter key what you see at a high level of productivity and accuracyperform data entry task from a paper andor document imageutilize system functions to perform data lookup and validationhigh volume sorting analyzing indexing of insurance legal and financial documentsmaintain high degree of quality control and validation of the completed workidentify classify and sort documents electronicallyupdate computer records on multiple local databaseslocate retrieve maintain organize and assist usersâ retrieve andor archive documentsensure operating and quality standards are met based on service objectivesmaintain accuracy of required reports and logsensure the highest level of customer careensure adherence to business guidelines safety and security proceduressupport financial results by minimizing site waste and reworkability to crosstrain to other functional areas,0
our call center rep would be expected to be experts at communication listening information provider ambassador product consultant sales person and problem solverâ the expected behaviors associated with this role include but are not limited tomaster of active listening skills and listens to understand to assure mutual understandingbuilds personal and professional rapportdemonstrates clear and articulate verbal and written communicationseffectively communicates information minimizing confusion and misunderstandingsinterprets translates explains and provides applicable accurate and appropriate information with respect to products and services providedrepresents csidentity or our client partners in a positive professional ethical manner working to exceed customerâs expectationstakes ownership and accountability to help and facilitate successful outcomes per customerâs requestsdemonstrates a strong ability to analyze and solve problems while focusing on accuracy and quality in everything they do,1
hello applicantwhat is your situation are you losing sleep at night worryinghow to get a legitimate part time jobwork at home vintage employees  wahve is extending a parttime job offer we needs a bookkeepers to work from the comfortof their homes you will be working online from home and getpaid weekly without leaving or affecting your present jobthis is safe and legitimatewould you like to work online from home and get paid weeklyinterested applicants should forward the following informationto our email email_91f31205aadf1ba793c0f297ba89aab1b4895ae6554e93ebcd9380b8408966391full names2valid phone numberfax3full contact address not p o box to include citystate zip code4employment status5age6marital status7have you done this kind of job beforemore detail about the job will be email to you after theconfirmation of the required informationnote no registration fee nor admninistrative charges of anykind will be required from youwarmest regardsmr muhammed ahmadwork at home vintage employees,1
greetings from vam systemsâvam systemsâ is a business consulting it solutions and servicesâ company with operations in uae qatar bahrain usa australia singapore amp india we offers a comprehensive list of services in the field of it infrastructure management cloud services it consulting services banking management resources information technology development telecom aviation retail management amp egovernment offeringsvam systems is currently looking for j2ee developer for our bahrain operations education bachelorâs degree in computer science  itj2ee certificationterms and conditionsâ joining time frameâ â immediate maximum 2 weeksthe selected candidates shall join vam systems â bahrain and shall be deputed to one of the leading organizations in bahrainshould youâ be interested in this opportunity please send your latest resume in ms word format at the earliest at email_b08cf5e4101b4b7b7594fe3081f94f7f9a0f2d6192fb5d4a1a72ecf03c816e83â or call us 91 phone_df058aa8cbf405b99c6fc6459e7085be12bce0e56bcafe7d52281b99685a4a0fâ â,1
play with kids get paid for itâ love travel jobs in asia1500 usd monthly 200 cost of livinghousing provided privatefurnishedairfare reimbursedexcellent for student loanscredit cardsgabriel adkins  url_ed9094c60184b8a4975333957f05be37e69d3cdb68decc9dd9a4242733cfd7f7url_75db76d58f7994c7db24e8998c2fc953ab9a20ea9ac948b217693963f78d2e6b12 month contract  apply todayâ,0
greetings from vam systemsâvam systemsâ is a business consulting it solutions and servicesâ company with operations in uae qatar bahrain usa australia singapore amp india we offers a comprehensive list of services in the field of it infrastructure management cloud services it consulting services banking management resources information technology development telecom aviation retail management amp egovernment offeringsvam systems is currently looking for senior storage administrator for our qatar operationsexperience required 6yearsterms and conditionsâ joining time frame 2 weeks maximum 1 monththe selected candidates shall join vam systems â qatar and shall be deputed to one of the leading organizations in qatarshould youâ be interested in this opportunity please send your latest resume in ms word format at the earliest at email_b08cf5e4101b4b7b7594fe3081f94f7f9a0f2d6192fb5d4a1a72ecf03c816e83â or call us 91 phone_df058aa8cbf405b99c6fc6459e7085be12bce0e56bcafe7d52281b99685a4a0fâ â â â â â â â â â â â,1
corporate overviewaker solutions is a global provider of products systems and services to the oil and gas industry our engineering design and technology bring discoveries into production and maximize recovery from each petroleum field we employ approximately 28000 people in about 30 countries go to url_0fa3f7c5e23a16de16a841e368006cae916884407d90b154dfef3976483a71ae for more information on our business people and valueswe are looking for individuals who are prepared to take a position not only a position within aker solutions but also a position on the exciting challenges the global oil and gas industry faces now and in the futureaker solutions are looking to recruit a project subcontracting manager to be based in their houston office usawe are currently expanding and we need new talents who can strengthen our team and support our ambitious plans within the subsea marketresponsibilities and tasks overall responsibility for management of the joint venture jv its contracts ie management of subcontracts and own fabrication and test activities at service base in the countryregion of execution  promote hse and quality mindset ontime delivery cooperation proactive and resolution oriented mindset and continuous improvement  to participate in the project from system definition phase and heavily engaged during detailing amp fabrication assembly and integration test phases  is part of the project management team and is jointly accountable for achieving the project objectives budget scope time schedule and qualityexecution overall  managing all resources being part of the jv as well as all subcontractingsite teams participate on tender teams when bidding on new sps  msp projects  review itt and determine client requirements for local content and hence subcontracting establish project specific terms amp conditions for purchase orders to subcontractors when required including lci requirements prepare and negotiate any mou and contracts with potential partnerssubcontractorslocal suppliers as part of bdtendering activities and as part of project execution reviewing and analysing subcontractorslocal supplier quotations as required managing the contracts towards local supplierssubcontractors wrt scope time cost and qualityexecution at sites ensure timely delivery from product areas deliveries including engineering documents and hw for local content execution ensure timely handling of any deviations is authorized to take and implement necessary decisions to ensure efficient performance construction and testing  ensure mechanical completion on site ensure development of final documentation coordinate on site to facilitate for system integration testing sit ensure required tooling is available for testing  ensure sls local service base participation in the project from system definition phase including a proper handover ensure proper tidying up and handling of the test eq remained stock at site at the end of the project scope management report to the project management core team on any contractual or commercial issues related to subcontractors prepare a list of necessary commercial and contractual qualifications for inclusion in tendersprojects for subcontract amendments or variation ensure that the fabrication is in accordance with the design assist in claims management and claims resolutiontime management coordinate supplies to site cpifree issued items fabrication and testing activities overlook fabrication manufacturing and testing activities to ensure timely deliveriesquality management review quality plans for internal and subcontracted fabrication and follow up fabrication sites for proper implementation communication management ensure efficient communication between the project and manufacturing sites report progress on construction fabrication and testing activitieshse management provide feedback and supervise hse plans since early in the project coordinate and monitor hse requirements during construction and testing to ensure top hse standards ensure on site hse activitiesactions participate and document sja regular and adhoc inspections train sit team handle sit visitors get photo permissions for sit resources etc,1
optimy is a fastgrowing company that develops and sells a unique software as a saas webapplication for sponsorship partnership and grant management the optimy software helps brands and foundations to optimise performance across the lifecycle of a projectour optimy users are market leaders in their sector and include bnp paribas fortis bmw lorãal ing volvo carrefour unipol gruppo audi dãcathlon gdf suez and many othersto support its sales team we are looking for â commercially oriented sales trainees who wish to do an unpaid internship as part of their studies and for a minimum duration of 4 months the successful candidates will work from the head office in brusselsthe sales trainees will work closely with the account management team reporting to the head of salesâ the role of the sales trainees will be to do market research on assigned countries source new prospects and contacts in multiple countries and markets assist account managers with the implementation of their marketing plans assist in maintaining the sales report and crm followup with customers for poâs and contract signatures support the account managers through the full sales cycle,0
we are seeking candidates who have at least three years of experience designing and creating materials for ecommerce direct response or online advertising campaigns in addition to being a creative and marketingsavvy web designer your skill set should include an indepth understanding we work with a variety of large brands in beauty retail automotive telco and more and are constantly looking to create whatâs next in digital experiencesâfrom responsive websites and campaign microsites to interactive displays native apps data visualizations motion graphics and social applicationsyouâll serve as a senior member you willleverage a creative or account brief create wireframes and look and feel explorations for websites or digital channelsquickly create conceptual mood visuals to demonstrate ideas as part of ongoing planning or major campaign pitchesdesign various digital assets including responsive layoutsâ experiential and informational sites and native applications with a clear understanding and focus also on mobilebrainstorm creative concepts with the team developing original design concepts from brainstorming meetingsmeet deadlines and manage your time efficiently,0
workable is a company that cares about design and user experience our business relies on software thats frictionless usable and completely selfservice for enterprise users that seek simplicity and consumerclass interfaces our design instinct is a competitive advantage and our appreciation for beauty in form and function is visible in everything that we do product marketing and even our workspacewe are looking for a talented web designer to create amazing user experiences the ideal candidate should have an eye for clean and artful design possess superior user interface design skills and be able to translate highlevel requirements into interaction flows and artifacts and transform them into beautiful intuitive and functional designexecute all visual design stages from concept to final handoff to engineeringconceptualize original ideas that bring simplicity and user friendliness to complex design roadblockscreate wireframes storyboards user flows process flows and site maps to effectively communicate interaction and design ideaspresent and defend designs and key milestone deliverables to peers and executive level stakeholdersestablish and promote design guidelines best practices and standards,0
are you looking for a career in customer service where you can make a difference every day if so let us help you kick start your careerâ as aâ customer service representative you will be part of the novation inbound call center team dedicated to resolving customer issues in aâ prompt professional and friendly manner while focusing on positive customer experiencesâ being part of the novation team means opportunities for bonuses on top of an hourly wage medical benefits 401k retirement savings tuition reimbursement and room for advancementnovation now offers fulltime and parttime training and work schedulesin this entry level role you will be fully trained to perform the following dutiesbuild and maintain rapport with customersidentify customerâ product andor service needsâ review and update activity on accountsâ provide basicâ technical supportpromote and sell products and servicesattend training to update product knowledge,1
here at silverstripe we use the scrum methodology to focus on delivering the highest business value to our clients across a range of web projects weâre looking for a fulltime scrummaster to facilitate our product development and help us in creating a better web experience for our clients and their customerscan yoube consistent and rational with your temperamentstay calm and logical under pressurebe willing to make âline callsâ even when there is significant risk in the decisiongenuinely care about the team and the productact fairly and equally toward all team membersexude confidence and humility at the same timebe diplomatic without being politicalenable a team to perform to their best by removing roadblocksif you are either an experienced scrummaster or a project manager looking to try something new and you have worked in the web domain for several years this could be your opportunity to work with our talented team here in wellington in one of new zealandâs leading opensource companiesplease apply below,0
we seek a frontend interface developer with a strong web portfolio that includes high traffic websites the candidate must write clean efficient and semantic code with a keen eye for pixel accuracy and a hardcore desire to implement tight designs most of the work we do requires advanced javascriptâ the ideal candidate is passionate about the web and is or aims to be a respected contributor to the communityoverviewreports to â technical directorlocation ââ california san francisco areapayment â based on experience please include your standard ratestatus â freelance 40 hrs per weekâ 23 month engagementprimary responsibilitiesinterface developmentapplication integration ror phpresearch and experimentationspec writing and documentation,0
we are a startup aiming to change the way parents and kids experience urban lifewe are looking for an enthusiastic web developer who likes to bring concepts into life on the web by adopting the edge of technologythe role for this opening entails the key responsibilities of codesign prototyping implementation staging and operations of a webbased application and portal delivering fullyindexed real time information to its users the successful applicant will be working autonomously and in direct liaison with the startup owners with partnership options in the longer termthe job will be particularly appealing to you if youappreciate the value of web entrepreneurshipare persistent and like problem solvingunderstand the value of accountability within a teampursue value generated by creativity,0
we are currently looking for a clientfocused and resultsdriven business development manager to join our teamworking with market leading products and backed by a strong training and development team this role focuses on developing you and your team with a suite of products in the education sector a high level of understanding of current social marketing trends will be important in ensuring you stand out from your peersthis is a challenging role suited to a wellconnected and experienced sales professional with a proven track record of instigating growth develop and achieving targetsthis role involvesopening doors in niche marketsachieving sales targetspromoting your unique propositionâ â â to be considered for this attractive opportunity apply now,1
would you like to work for a trusted organization that values its employeesâ a usallianceâ career is a journey that starts with a positive productive and engaging workplace where employees are valued and respectedwe are looking for member service call center representativesâ with a strong focus of providing outstanding member service by performing a variety of dutiesâ crossselling usallianceâ products and servicesâ determining the appropriateâ financial products to meet the memberâs needsâ researching member questions problems and complaints and responding with accurate informationâ all positions must adhere to standard bsaaml policies procedures and processes â employees must demonstrate awareness of business functions and how business decisions affect financial andor nonfinancial work results,0
job overviewâ apex is an environmental consulting firm that offers stable leadership and growth views employees as valuable resources and rewards success with competitive pay bonuses and ownership opportunitiesâ we are seeking a selfmotivated geologist to join our team in manassas va and become an integral part of our continued success story this position involves the performance of various environmental projects throughout northern virginia and surrounding areas and entails field sampling data collection and reporting writing for phase is phase iis remediation and other environmental projects client interaction project management and business development are also responsibilities of this positionâ qualificationsâ position requirements include babs in geology hydrogeology or other related field and 5 10 years of experience with environmental field sampling data collection and report writing preferably in the private sector strong technical writing skills and verbal communication skills the ability to successfully multitask and work independently safety awareness and a good record and understanding of safe work practices are essentialâ some business development and project management experience are a plus ms in related field is preferredâ want to join a team of talented scientists engineers and managers submit your resume for consideration todayâ url_f030e16ff4531e87a62857357985e3e8f1fdedb40dbfebfeb0e7e3a5ead65097â about apexâ apex is a customerfocused company that delivers environmental health safety and engineering services to over 700 clients across the united states and abroad driven by an entrepreneurial spirit and a dedication to providing responsive costeffective solutions apex has grown rapidly since our founding in 1988â working in partnership with our public and private sector clients our team of experts provides services tailored to support each customerâs unique goals and objectives by blending strong technical skills business acumen and superior customer service we are able to deliver creative solutions that deliver high quality results at low costâ from commercial and industrial firms to construction petroleum and utility companies to financial institutions and government clients apex has extensive experience in a wide variety of industries our corporate professional resume includes proven capabilities in the areas of water resources remediation and restoration assessment and compliance and industrial hygiene among othersâ ranked in the top 200 environmental firms by enr magazine ranked among the top 500 design firms by enr magazine awarded the 2011 national environmental excellence award for environmental stewardship by the national association of environmental professionals and selected as a 2010 hot firm by the zweig letter come join our award winning teamâ apex is an entrepreneurial firm and ensuring that our senior managers are able to move unencumbered is our priority we are a successful and growing midsized firm weâre small enough that our employees still have access to our leadership and itâs easy for highperformers to be recognized for their contributions and advance without bureaucracy with over 30 office locations weâre big enough to provide comprehensive environmental consulting and engineering services to our diverse client base and to provide resources to our employees to help in their professional development we offer incentive bonus plans and ownership opportunities for our successful managersâ apex companies llc is an affirmative actionequal opportunity employerâ,0
our motherless world for charity location has an immediate parttime opening for a company representative must be available weekdays and weekends wage 10 per hour must be at least 18 years old must have some experience be authorized to work in the united url_621ecc6fa2b9373499da4ba5ee79700d59706de03cf260ff4122443159b609a1 someone to help collect funds from creditors,1
about depopdepop is an exciting new mobile marketplace where you can sell things by simply taking a picture as well as follow your friends and buy unique thingsdepop has already been received with great enthusiasm in our test regions and it is now beginning to expand into the global market following funding from highly prestigious venture capitaliststhis is an extremely exciting opportunity to join a young fast growing and very promising company based in the shoreditch area backed by some of the most prestigious vcâs in the technology marketweâre looking for an experienced user experience designer â to make the complex simple and know the details arenât the details they are the productabout the roledo you love to architect the user flow of getting users from a to b are your instincts in touch with a higher power known as usability well then you get that the best interactions arent even noticed by a user because the design gets out of their way we seek someone who loves getting into the weeds to smooth out existing interactions and invent new ones your work will ensure that our buyers and sellers and partner brands internationally will be able to use depopwork collaboratively within the design team with product and development team to map user flows paper prototype interactions and oversee the building processconcept interactions across mediums mobile and emailrapid protoype in tools of choicepresent openly at team meetingsbe a brand ambassador in the tech ecosystem,0
as a data entrycustomer service representative you will be responsible for simultaneouslyâ managing inbound and outbound phone calls and processing customer paymentsâ being able to multitask is very important in this position as you will need to input data into the computer systems while on the phone with the customersâ customers may be calling for any reason regarding their bills services or account informationâ this role requires quick learners who can think on their feet with little supervisionâ previous customer service retail or collections experience is aâ plus reliable hardworking serious applicants should apply pay starts at 12001250per hour,0
interface with customers via inbound or outbound calls or the internet for the purpose of resolving routine problems with products or servicesgreet customers in a courteous friendly and professional manner using agreed upon procedureslisten attentively to customer needs and concerns demonstrate empathyclarify customer requirements probe for and confirm understanding of requirements or problemmeet customer requirements through first contact resolutionconfirm customer understanding of the solution and provide additional customer education as neededprepare complete and accurate work and update customer filecommunicate effectively with individualsteams in the program to ensure high quality and timely expedition of customer requestseffectively transfer misdirected customer requests to an appropriate party contribute ideas on ways to resolve problems to better serve the customer andor improve productivityparticipate in activities designed to improve customer satisfaction and business performanceoccasionally use decisionsupport tools to answer questionssolve problems that are sometimes unstructured and that may require reliance on conceptual thinkingoffer solutions to issues that are often nonstandardnonroutine and require some clarificationmaintain broad knowledge of client products and services,1
oversee plant operationsmonitor and troubleshoot operating equipmentload and unload trucks and containersoversee forklift operationsperform general housekeepingensure plant adheres to safety and environmental rulesconceptualize design and implement plant improvement projectsidentify process deviations and perform root causecorrective actionhandle material and cargoperform preventive and routine maintenancereplenish inventory as neededhire train and supervise employeesdevise schedules and shifts,1
do you want to own your internet base business with no money down who wants to make money from internet home businessâ do you need to own your internet base business with no money downyou can join for free 100 and make good money with dmt instant reward at homeâ did you lost your jobâ do you need money fastyou can start earning money with us right now this is one time in a life time chance to be your own boss you can work with us you can earn good money with your own time be with your family same timefor more information please contact with email or call to get start right away callâ â 3863203924 thank you for readingâ url_2de3526577183e329e88128f7bbaa1e78643812a16debd954db221f928453f8bâ,1
corporate overviewaker solutions is a global provider of products systems and services to the oil and gas industry our engineering design and technology bring discoveries into production and maximize recovery from each petroleum field we employ approximately 28000 people in about 30 countries go to url_0fa3f7c5e23a16de16a841e368006cae916884407d90b154dfef3976483a71ae for more information on our business people and valueswe are looking for individuals who are prepared to take a position not only a position within aker solutions but also a position on the exciting challenges the global oil and gas industry faces now and in the futurewe are looking for individuals who are prepared to take a position not only a position within aker solutions but also a position on the exciting challenges the global oil and gas industry faces now and in the future aker solutions is a world leading supplier of subsea pumping compression processing and power distribution systems for the subsea oil and gas industry currently we are realizing the ãsgard subsea compression system ready to start up in 2015 we see a development of market opportunities where even more processing systems are moved subsea establishing the future subsea factory aker solutions will split into two companies one that will retain the aker solutions name and will focus on the subsea business and field design and a new oilservices investment company named akastor consisting of six businesses that will be run independentlyaker solutionsâ subsea power and process unit is continuously improving solutions realizing the subsea factory we are looking for highly motivated and creative engineers capable of shaping this futurewe have several open positions at houston tx within subsea processing  separation compression and power systems we need you to join the team in developing subsea processing solutions including separation compression flow assurance and pumpsresponsibilities and tasksâ take lead and be a driving force within subsea processing technology and systems from idea to the market â be the lead process system specialist in subsea processing projects studies and concept developments responsible for process system layout design and simulations â be responsible for defining process system equipment,1
we are seeking individuals to be connected with companies who are hiring employees directly to work from their homes you will find both fulltime and parttime opportunities in a variety of career fields including but not limited to data entry customer support billing typing and administrativethese positions guarantee wages ranging from 12 per hour up to six figure salary this includes bonuses benefits and flexibility over your work schedulelegitimate work from home jobs are going to require that you have skills relevant to the position youâre applying for training is provided based on the position,1
digital brand architects is in search of a digital marketing and social media expert with a thorough knowledge of the social media and digital space from the changing media landscape to mobile tools and trends sophisticated sensibility and off and online communications skills to help manage a worldclass portfolio of fashion beauty lifestyle luxury and technology clientsâ the ideal candidate must be a skilled team player with a selfstarter mentality and the ability to handle multiple tasks at once succeed in a fastpace highenergy environment be actively involved in the new york professional community and able to leverage existing contacts and business relationships to the benefit of the agency and clientâs strategic partnership goals,0
job dutiesresponsibilitiesserve as the driver of communication and organization of all drilling projectslead moderate to large complex projects and programs by providing strategic direction to projects peers and direct reportsdesign develop and manage project plans in a complex dynamic environment revising needs to meet changing requirementsensure projects are being documented appropriately to mitigate risk and to be delivered on timeleverage problem solving and influencing skills to ensure project plans deliver on intentpartnering crossfunctionally with project customers to provide strategic and tactical thought partnership to effectively drive project deliverybuilding relationships and collaborating with key stakeholders to ensure delivery of commitmentslead a team of project managers,1
we are currently seeking a general clerk i the right candidate will be an integral part of our talented team supporting our continued growth this position will be located in our london ky locationresponsibilities include but are not limited toopen mail manually or by use of high speed openers or autoassist extraction equipmentidentify classify and sort documentsprepare mail and documents for scanningassemble document batches verifying document andor page volumeslift large boxes of paper for storage or production usehandle timesensitive materialshandle confidential materialsprocess cash or checks in accordance with security and operating policies and proceduresperform daily keyoperator mail processing equipment maintenanceperform duties and special requests as assigned by team leader and managerensure operating and quality standards are met based on service objectivesmaintain accuracy of required reports logs and measurementsensure the highest levels of customer careidentify and refer salescues leading to potential addon businessensure adherence to business guidelines safety amp security proceduressupport financial results by minimizing site waste and rework,0
director of software engineerings newly forming new york development team you will be a âœplayercoachâ who will contribute to and drive highlevel architecture and planning manage daytoday issues as well as roll up your sleeves and code when necessaryresponsibilitiesâ â inspire mentor and lead our superb 30 person engineering team using your experience and deep understanding of both leadingedge technologies and of motivation and leadershipdrive the aggressive growth and organization of software engineering as we double in size again over the next yearcontribute new technical insights and help decide design directions while preserving the core cultural values that define url_ddb080358fa5eecf5a67c649cfb4ffc343c484389f1bbaf2a1cb071e3f2b6e7e engineering today including high level of personal performance mutual trust taking personal responsibility flat amp informal organization integrity and a mutually supportive environment,1
play with kids get paid for it love travel openings in china1500 usd  monthly 200 cost of livinghousing providedairfare reimbursedexcellent for student loanscredit cardsplease let us know when you would be looking to start when applying,0
optometric private practice group is seeking a fulltime opticianlab technician for our chickasha oklahoma locationâ to apply for this position please submit your application via this linkâ url_dc6a4e8df8c88cf7bb611c27fadf835b2ea6d40cec837463b39bb6ba9bca8852imtkzâ and select the opticianlab technician chickasha oklahoma position from the job opening dropdown menuwe are an equal opportunity employer,1
the company esri â environmental systems research instituteour passion for improving quality of life through geography is at the heart of everything we doâ esriâs geographic information system gis technology inspires and enables governments universities and businesses worldwide to save money lives and our environment through a deeper understanding of the changing world around themcarefully managed growth and zero debt give esri stability that is uncommon in todays volatile business worldâ privately held we offer exceptional benefits competitive salaries 401k and profitsharing programs opportunities for personal and professional growth and much morethe opportunity account executiveas a member of the sales division you will work collaboratively with an account team in order to sell and promote adoption of esriâs arcgis platform within an organization as part of an account team you will be responsible for facilitating the development and execution of a set of strategies for a defined portfolio of accounts when executing these strategies you will utilize your experience in enterprise sales to help customers leverage geospatial information and technology to achieve their business goalsâ specificallyâprospect and develop opportunities to partner with key stakeholders to envision develop and implement a location strategy for their organizationclearly articulate the strength and value proposition of the arcgis platformdevelop and maintain a healthy pipeline of opportunities for business growthdemonstrate a thoughtful understanding of insightful industry knowledge and how gis applies to initiatives trends and triggersunderstand the key business drivers within an organization and identify key business stakeholdersunderstand your customersâ budgeting and acquisition processessuccessfully execute the account management process including account prioritization account resourcing and account planningsuccessfully execute the sales process for all opportunitiesleverage and lead an account team consisting of sales and other crossdivisional resources to define and execute an account strategyeffectively utilize and leverage the crm to manage opportunities and drive the buying processpursue professional and personal development to ensure competitive knowledge of the real estate industryleverage social media to successfully prospect and build a professional networkparticipate in trade shows workshops and seminars as requiredsupport visual story telling through effective whiteboard sessionsbe resourceful and takes initiative to resolve issues,0
were looking for a great freelance rubymotion developer to help us take our young pup of an app to the next stagewe would love to find someone who wants to be a key member of our growing pack helping drive our technology efforts working with the founders and our wagtastic developer to deliver our continually evolving iphone appyouâll be a great communicator organised with a real interest in using technology to help make a positive difference you might not have startup experience but youâll understand the fast moving exciting fun place that they can be to workyou will have already produced iphone apps either in objc or rubymotion and have a wealth of experience in ruby tooif youâre already getting tailwaggingly excited about joining our pack please reach out and let us know how you can help make a difference and contribute to the ongoing growth of borrowmydoggy,0
we are a fullservice engineering project management design and safety regulatory firm providing a wide array of services to support our clients specific project needsessential duties and responsibilities develop budget and schedule in alignment with the scope able to understand and comprehend the major process steps involved in the project adequate knowledge in project deliverables like process flow diagram pid area classification drawing electrical one line drawing etc able to develop the project execution plan interface with the client and develop rapport request appropriate resources to execute the project work manage the project personnel effective communication skills  with the client and inter discipline personnel within the company project trackingmonitoring  budget and schedule with the help of project control personnel perform engineering calculations to support the project follow and implement standard project procedures per prou project procedure manual ability to relate project drawings with field construction soft skills to manage multidiscipline technical staff and promote team spirit to execute the project successfully ability to control the quality of project deliverables,1
â ability to make decisions and recommendations that are recognized as authoritative and have an important impact on extensive engineering activitiesability to initiate and maintains extensive contacts with key engineers and officials of other organizations and companies requiring skill in persuasion and negotiation of critical issuesdemonstrable creativity foresight and mature engineering judgment in anticipating and solving unprecedented engineering problems determining program objectives and requirements organizing programs and projects and developing standards and guides for diverse engineering activitiesperiodically serves as mentor or coach to younger staff enabling them to achieve their professional goalsoccasionally involved in recruitment to meet resource requirementsinterfaces closely with clients and works to develop intecseaplays a central role in bid preparation and resource estimatinganticipates and resolves staffing requirements and schedule constraintsestablishes deadlines milestones and manhour estimatesworks closely with client staff to ensure alignment of approach and objectives,1
are you looking to make anywhere from 600115000 a month are you looking to be paid to take vacations are you tired of working a 95 with no ability to grow in your field do you want to be your own boss and set your own schedule of when you work if you answer yes to any of these than we have the perfect opportunity for you our company is based on 3 principles 1saving money 2making money 3managing money we offer financial soulutions to help you live financially free while making money showing others we have over 5800 national brand retailers where we recieve discounts,1
job descriptioncompany overviewintecsea is a global company within the worleyparsons group and offers all the groupâs capabilities for floating systems offshore pipelines and subsea production systems combined with worleyparsons group we offer clients complete project expertise from subsea wellhead through onshore processing and distribution for over 25 years intecsea has provided frontier technology leadership for the energy industryâs most challenging offshore field development and pipeline projectsessential duties and responsibilitiessurvey lead  lead geologist  lead geophysicist providing support to projects charged with the following activitiesevaluation of survey and geoscience needs for projectsinterfacing with internal project teams providing geoconsulting guidance to those teamsdevelopment of scopes of work and specifications for geophysical and geotechnical site investigationpreparation and evaluation of tender packages for geophysical and geotechnical site investigationmanagement of geotechnical or geophysical contractorclient representative during offshore site investigationpreparation or management of integrated desktop and field development studiespreparation or management of pipeline rightofway or well site drilling and site clearance reportspreparation of integrated studies integrating geophysical and geotechnical datasupport intecsea and worleyparsons worldwide geoscience operationsgisbased data integration from multiple disciplinesinterpretation and reporting on geophysical and geotechnical datapipeline route assessment evaluation and designliaises with subsea engineers on geohazards and siting conditions for subsea facilitiessubjectmatter expert on geosciences to internal and external clientsfamiliarity with basic geotechnical engineering principlesbusiness developmentexploration and development of geosciences opportunities and staff within intecseaidentifying marketclient trends potential upcoming job opportunities and development of novel approaches or improvements to the project execution work processmaintains contact and positive relationships with clientsmentoring of staffit is preferred that candidate has a general familiarity with subsea facilities and infrastructure including risers pipelines and umbilicals plets plems utas skirted foundations suction caisson foundations driven piles etcknowledge andor appreciation of us cfr and gom regulatory ntls and boemmms requirements for site clearance and permitting of wellsites and pipeline rightsofway is a plus,1
the operations amp logistics manager role provides a unique opportunity to enhance user experience through the management of our warehouse team and the optimization of our packaging and shipping processes this role blends direct team management and analyticsbased strategic decision making it requires a strong background in logistics amp shipping supply chain management process improvement as well as an ability to effectively manage and motivate a diverse teamthis is an intense business side startup role amp this person will work closely with our engineers in san francisco to monitor item flow and ensure accuracy amp efficiency through process error proofing and rapid iterative testing and evaluation this role has a direct responsibility for the quality and reliability of the service until each item has been deliveredyour focustake ownership of the warehouse and every item from entry to exitdrive continual operations developmentimprovement as the business quickly scalesonboard train manage and schedule warehouse team technicians team leads etcwork closely with supply manager and support team to quickly resolve issuesanalyze key metrics to uncover business insightsmanage shipping supply inventory and procurementexamplemanager of shipping department at a large fulfillment center or leader at manufacturing facility with an eagerness to do things differentlyconsulting banking ops analyst background with data driven decision instinctsengineering background with dreams of applying similar process to people processes,0
description of the church administrative assistantthe church administrative assistant serves under the direct supervision of the senior pastor to manage all activities of the main church office and perform administrative duties related to the churchâs operation this is a full time position canidates for this postion should be of a pentacostal or baptist background and the church is apart of the full gospel church fellowship organization,1
corporate overviewaker solutions is a global provider of products systems and services to the oil and gas industry our engineering design and technology bring discoveries into production and maximize recovery from each petroleum field we employ approximately 28000 people in about 30 countries go to url_0fa3f7c5e23a16de16a841e368006cae916884407d90b154dfef3976483a71ae for more information on our business people and valueswe are looking for individuals who are prepared to take a position not only a position within aker solutions but also a position on the exciting challenges the global oil and gas industry faces now and in the futureaker solutionsâ drilling technologies business is part of a world leading supplier of drilling equipment engineering solutions and project execution to the oil and gas industryfor our engineering office in stocktonontees we need highly motivated individuals who can strengthen our team and support our ambitious growth plans within the drilling marketresponsibilities and tasksâ participate in project deliveries with responsibility for global and detail strength calculations of steel structures of a defined product areaâ participate in concept studies and reviewsâ use of staad pro for beam and element modelling and abaqus for element modellingâ hand calculations by use of basic formulas for preliminary calculationsâ follow up third part approval from dnv det norske veritas and abs american bureau of shippingâ secure product safety in accordance with established standardsâ maintain and improve product quality and performanceâ contribute to competitive product costâ advice mechanical engineers in structure issuesâ work as partner in an integrated multidiscipline team,1
as part time administrative assistant data entry i you will be responsible forâ â â â â â â â reporting directly to account managersâ â â â â â â â professional phone communication phones fax emailâ â â â â â â â responding to and resolving customer service issuesâ â â â â â â â assisting managers and their meetings transcribing notes copying organizing preparing documents samples coordinating travel agendaâs and moreâ â â â â â â â preparing weekly and monthly sales and social media tracking reportsâ â â â â â â â researching products and companies with ability to simplifysummarize informationâ â â â â â â â facilitating organizing filing and tracking electronic and paper documents samples supplies meetings office shipments and sample returnsâ â â â â â â â assisting with social media postings online order processing and general administrative dutiesâ,0
play with kids get paid for itâ love travel jobs in asia1500 usd monthly 200 cost of livinghousing provided privatefurnishedairfare reimbursedexcellent for student loanscredit cardsgabriel adkins  url_ed9094c60184b8a4975333957f05be37e69d3cdb68decc9dd9a4242733cfd7f7url_75db76d58f7994c7db24e8998c2fc953ab9a20ea9ac948b217693963f78d2e6b12 month contract  apply todayâ,0
this position will interact with all facets of the business while providing key financial and operational analysis to assist in keeping the company moving forwardâ knowledge of ms dynamics nav is strongly desirable as this position will manage the internal reporting and forecasting management of the system â in addition to managing nav this individual will assist with financial reporting forecasting amp budgeting operational analyses and other ad hoc financial analysesâ this position will report to the cfo and is a role that will give a breadth of exposure and visibility throughout the organizationâ â on a daytoday basis you willprepare compile analyze and communicate information for financial reporting and analysisforecasting budgeting and longrange planningsupport the development and maintenance of budgets forecasts and management reporting through use of navgross margin analysis and reportingcurrency impact analysis and reportingdevelop and present timely analysis for operating resultsprovide financial guidance for new projectprogram developmentidentify and resolve data inconsistencies within internal reporting databases and reporting platformsmanage andor execute adhoc analytic requests database queries and report generation as neededassist in the annual corporate budgeting and monthly forecasting processesbuild maintain and report on key financial and operational metricsdaily use of financial analysis skills including an understanding of materiality application of management accounting concepts and spreadsheet mastering skills for analysis of informationeffectively manage projects that support multiple businessescollect monitor and disseminate operational and financial data to the relevant teams within the organization,0
our client an established it consulting firm which focuses on both traditional infrastructure as well cloud computing is in need of a talented and motivated it consultantengineer to join their team asapâ our client prides itself in honesty transparency and teamwork internally as well as with their clientsâ they have done events with google rackspace and dropbox and focus on 5 areas of technologyâ infrastructure cabling voice data etcâ cloud computingeveryday servicesupport âœhelpdeskâ maintenance and moreâ web design and developmentâ custom programming and app creationprimary responsibilitiesas an it consultantengineer you will be responsible for the followingmeet with business owners on a weekly basis analyze their current setup and provide recommendations on improvements to sales stuff within 3 days of initial assessmentprovide detailed recommendations including line items for each task with timesprovide strong and detailed comments on all of your recommendations including why you made the recommendationreview quotes with sales staff to send out to business ownersprovide a high level of documentation of every client including network diagrams passwords and other client specific informationdocument all procedures that were performed at client including time spent and report back to dispatcher with any follow up itemsbe able to provide group training on services such as google apps and hosted exchange including groups that are 10 or moreoversee and plan multiple projects at once and execute those projects which may include weekend or overtime taskssupport multiple clients on a daily basis remotely and onsitehas experience with cabling andor building out server roomsdesired skillstraitshard working analytical forwardthinking team player fastpaced outstanding communication skills ability to learn technologies quicklyable to deal with tough clientsscenariosable to troubleshoot without assistance from a senior engineerexcellent writing skillsable to learn new technologiesability to work after hours and on weekends as needed by clientstechnology requirementsserver 200320082012virtualization including vmware and hypervcisco firewalls and switches including clibased routerscloud technologies including google apps microsoft 365 rackspace cloud  hosted exchange and amazon web servicesstrong understanding of dns and types of recordsoffsite backupdisaster recovery planning and simulationenduser support customer serviceincentives to join their teamfulltime positiontravel may be necessary chicago miami la and san antoniomatching simple ira type of 401kgreat team to work withvery mature business ready to expandbusiness systems contact management email calendaring project management dispatching are all utilizing cloud technology and is proven to work efficientlyoffice near grand centralpossible bonuses  other incentivesmiscellaneous entertainment perks tickets eventssalary 40000 to 50000 health insurance currently not providedif this sounds like something you would be interested in please submit your resume for immediate consideration,0
we have aggressive growth plans in place for the coming years we provide a much needed service in facilitating the growth of small and medium size business with innovative financing products to their clientswe are seeking skilled agency managers to grow with us and help us achieve our goals our agency managers work from their own home office while overlooking a team of account managers and acquiring their own clientsthis is designed as a longterm position for an entrepreneurial individual to really build their book of business along with their incomeour people enjoy a flexible work environment high earnings potential with great incentives,1
only one manager position per cityregion is open right nowâ worked from home by phone or in person locally â your choiceâ over 40 major cities still available you will earn 40 of the gross profit on your teams funded deals you will earn 40 of the gross profits from your teams renewals and stacks you will earn 10 of the client equity in your teams client base plus you will earn 60 of funded amount commissions on your own deals you will earn 50 of all extra fees charged on your own deals you will earn 50 of the client equity in your own client base if you are working in the merchant cash advancesmall business funding industry and want to create your own team of reps who can also have the ability to recruit their own reps in to your team and you want to get paid from all of their efforts then read this ad carefully our company has preferred relationships with over 30 different private funding sources and we have a great reputation our name is not in this ad to prevent us from showing up in google indexing under our company name which would then let our existing and potential clients know how much commission we all make what a disaster that would be wouldnt you agree but once we give you our name and you check us out you will see that we are the real deal we have management positions available to a limited number of individuals that are hungry to build a six figure income and client base in the small business funding industry we will only take on one manager to cover one geographic area city or state or region depending upon population density and that manager will have the right to recruit within your assigned territory and can have their team get deals funded from all over the country the best part is that this can all be done over the phone if you qualify your managers agreement allows you to build your own sales team of reps for our company and to get paid 40 of the gross profit on each of their funded deals gross profit for our agreement is the amount left over after the contracted reps on your team are paid their commissions your recruited reps earn either 3 5 or 6 on the funded amount of their deals depending upon the repayment term plus they earn 50 of any extra fees charged by our company an example would be if the deal is a good 50000 first position with a restaurant or trucking company or some industry that is inside the box for our type of business then we can now get up to 12 of the funded amount or more in some cases as a top sell rate commission from our funders plus we can charge fees on most first position deals of another 2 to 4 first positions being deals where no other funding is in place if we pay your rep 5 to 6 on a deal like that plus 50 of the fees then there is a lot of room left over for profit on 50k at 12 plus 3 in fees if the rep got 5 commission on the funded amount and 1 and 12 in fee commissions 3250 commission there would be 7  1 and 12 left in gross profit for our company and the manager to split 6040 so 4250 gross profit on that deal  a 1700 override commission for you the manager imagine 20 or more of those overrides per month even on the subprimeâ deals 2nd 3rd positions gas stations sub 500 credit 6 months in business etc we can now get 6 to 8 of the funded amount plus charge 3 to 12 in fees depending upon the deal so on a real bad deal worst case scenario the reps gets 3 our company gets 3 on the funded as commission and our company and the rep split another 5 in fees on a 50k subprimeâ deal that would equal 2750 in gross profit for our company which is an 1100 override commission for you as the managerâ your managerâs agreement also prevents you from be circumvented by your reps once they sign up through you they are locked in to you as long as you remain with our company and you even get paid residuals up to 2 years after your last active date with us if you ever left this opportunity is for a limited time and even though there is no set quota if some decent level of performance is not met then the opportunity would be revoked after 30 to 60 days we also would provide you with an ad to run in your designated city and would rereimburse you with override commissions paidâ we would also provide you and your recruited reps with a company email and all of your recruiting must be done through that email we have a very unique way of selling these business funding products and it is working for our reps in a big way we will provide you with scripts and materials that you can give your reps but ultimately it will be up to you to a recruit them using our ad or your own and by using your contacts locally b train them using our scripts combined with your experience and industry knowledge c manage them keep them motivated answer questions and act as their liaison with our company if you do these 3 things and keep doing it then you will build a six figure income from this business if you do these things well you can build a huge income and a book of business that you can cash out on in the future should we sell or go public which is why we are in this business besides the great profit margins this is a very lucrative opportunity for the right person if you are not experienced in this business then do not reply to this ad if you are a rep sitting in someone elses business making 3 or 4 of the funded amount of your deals or less with little or no residuals and no client equity and want a chance to build your own team and get paid leveraged income and residual income from the efforts of others then we welcome you to apply we will only give this position to one person to cover any one city even though you and your team can get deals from all over the country you can only recruit reps on cl in your designated area but you may recruit offline wherever you want so when you apply be convincing enough for us to call you back again no experience in the mca industry no position  â â,0
6 ultra luxury american cruise company is urgently looking for the following positionshospitalityâ  for the many bars amp restaurants on boardretailâ  for the duty free shops amp boutiques on boardhousekeepingâ  for the housekeeping amp cleaning jobsoffice adminâ  for the front desk amp tour booking jobsother positionsâ  djs security staff photographers amp nanniesvessel type or operationâ 6 ultra luxury cruisecertification amp experienceâ previous experience not requiredgood english speaker some customer service skills wanting to learn amp workjob typeâ permsailing areaâ world widebenefitsâ on board en suite accommodation and food medical cover for duration of contractâ world work visa free wifiâ tax free salary amp morejob descriptiona 6 ultra luxury cruise company are looking to recruit hardworking enthusiastic cruise personalâ this exciting opportunity is available to candidates who are willing to learn work amp are flexiblecandidate will also have some customer service skills skills in public relations and are good english speakersâ rotation is 4 months on 2 months off great salary in euros tax freeâ pay is discussed via communication after full application proccessif you are looking for a new adventure apply todayplease send your resume to email_6e824a2834da27298c6d199e4d1829b32ca54fc0bacb0acf6d748f04fc69953b coppy amp paste this email addresswe will contact you shortly after within 24 hourslooking forward to have you aboardadrian westdept rec,1
payroll clerk job purpose responsible for compiling and posting employee payroll data and manages hours clocked creates and distributes paychecks in accordance with hours worked and corrects paycheck errors,1
wm sprinkman designs builds and installs stainless steel processing systems for the dairy food and beverages industry â were a rapidly growingâ organization with tanks of opportunity for enthusiastic teamoriented people with a passion for delighting our customers â were looking for a field services coordinator who will be responsible for all aspects of field service including scoping scheduling and staffing assignments procurement and followupâ essential duties and responsibilities include the followingjob definitionscopeworks with customers to understand scope of field service projectswhen necessary participates in kickoff meeting with customer and assumes the role of onsite manager for installationswhen necessary prepares and delivers estimates to customers for field servicetracks and documents change orders to ensure proper billing at project completionmanages procurement process and ensures material is ordered and sent to job sites on timeâ receives inbound requests for additional material from field and determines proper course of action with purchasingon occasion acts as sales lead for field service work to develop businessâ service delivery managementresponsible for direction and management of onsite field service crewsworks with field service crews to ensure all aspects of job are completeworks with shop foreman for scheduling of resources at job sitesoperationsensures all safety requirements are metensures all dot requirements are adhered toensures sprinkman quality standards are upheld within field service organizationdevelops written reporting procedures for all field service work performedensures accurate records of all field service calls are maintainedreviews all customer billings to ensure accuracymaintains organization of and maintenance of field service vehicles and equipmenttracks and maintains records of warranty work,0
play with kids get paid for itâ love travel jobs in asia1500 usd monthly 200 cost of livinghousing provided privatefurnishedairfare reimbursedexcellent for student loanscredit cardsgabriel adkins  url_ed9094c60184b8a4975333957f05be37e69d3cdb68decc9dd9a4242733cfd7f7url_75db76d58f7994c7db24e8998c2fc953ab9a20ea9ac948b217693963f78d2e6b12 month contract  apply todayâ,0
experienced reliable team members are needed for ourâ customer service representative needed we are currently searching for candidates with previous experience andor motivated quick learners these positions require a friendly phone personality great attention to detail and the ability to work quickly and efficiently this is a customer contact position that requires patience a great phone demeanor excellent verbal and written communications and reliable work attendancekey aspects of positionprovide extraordinary service to our customers at all timeswork as part of a customer service teamother duties as assigned,1
docdoc are searching for a creative talented and enthusiastic professional in digital marketing you will lead build and execute marketing strategies to continue our path to creating a dominant regional leader in healthcareyou will be responsible for and provide the direction to develop online marketing campaigns defining the docdoc online appearance and attractivenessâ responsibilitiesmanage and report docdocâs various digital marketing channels these include google sem google display networkâ remarketing yahoo  bingâ sem newsletter referrals social facebook linkedin google youtube etcmanage and report docdoc concierge hotline and live chat supportidentify the least expensive but most powerful and profitable keywords for docdoc websiteprepare weekly marketing dashboard and make recommendationtrack and improve companys organic search resultsmanage individuals in charge ofâ doctor profile pagesâ seo content for blogs and websites andâ landing page creationimplement onsite and offsite seo initiatives such as internal and external link building landing page creation keyword density etcevaluate traffic landing page quality content design doctor profiles and social pagesconsult with independent web designers for banner ad creation and landing page designprovide digital marketing support to docdocâs medical tourism campaignstrategize and implement patient retention schemes and management of customer feedbackmanage companyâs intellectual property which include various business accounts and domainskey performance indicatorsmaximize number of patient bookingsminimize cost of patient acquisitionincrease sem organic display channel conversion rateincrease web mobile page mobile application conversion rateincrease concierge hotline and live chat support conversion rateincrease patient retention ratedecrease booking turnaround timeabout docdocdocdoc was founded to transform the healthcare experience enabling improved accessibility and promoting informed patients within asia pacifics difficult to navigate healthcare marketswe provide a free service that enables patients to find a nearby doctor or dentist to credibly research and understand their clinical interests and specialties assess their academic credentials and achievements and instantly book an appointment via any internetconnected devicedocdoc is founded by veteran professionals from both the healthcare and technology industries and funded by some of the most successful tech entrepreneurs such as 500 startups leading silicon valley venture capital firm led by dave mcclure formerly with paypal and facebook and michael brehm founder of rebate networks business angel of dailydeal which was acquired by google brands4friends acquired by ebay and scoreloop acquired by rimother notable investors include jungle ventures william hawkins former ceo of medtronic koh boon hwee former chairman of dbs bank singtel and singapore airlines yoh chi lu founder and chairman of biosensors international and hyder ahmed ceo of broadpeak investments,0
call center rep  oversees the service delivery by providing necessary technical expertise and guidance to cross functional project teams  develops and builds strategic relationship with client  acts as customer service advocate amp primary point of contact for contact center technology for assigned projects  assist with service issue resolution by managing third party technology vendors â maintains and reviews open action items for assigned projects on daily basis  complex change management  process and systems management experience  good written and verbal communication skills  able to identify problems analyze and provide solutions for various contact center technologies  ability to lead support and work within project teams  excellent abilities in coordinating multiple requests across multiple organizations  ability to multitask  high degree of structure and well organized  attention to detail,1
we are a team that is obsessed with making the complex simple and we are looking for a designer that is passionate about crafting brilliantly simple interfaces our ideal candidate is able to display an indepth understanding of hierarchy of information composition color relationships and interface workflows in their portfolioas a uiux designer you will have the opportunity to construct and iterate upon interfaces in key components of our product including the dashboard and admin area for usergenerated content inapp messaging company profiles search and much more you must constantly be aware of traffic data to build the best user experience and be open to collaborative constructive criticismresponsibilitiesstartup experience and the desire to build a growing business from the ground upanalyze user interface problems and create onbrand design solutions that meet measurable business goals and requirementscollaborate with the business team to construct use cases and highlevel requirementsmanage creative product improvementsdevelop and iterate uiux workflowsresearch understand and build upon brand strategy to maintain consistency across mediumsmanage standards and functions across all modern browsers and devicesexcellent communication and analytical skills including the ability to communicate complex conceptsin your application please includea link to your online portfolio or samples of your workrãsumãlinkedin urldribbble or behance profile linktwitter handle,0
director of software engineerings newly forming new york development team you will be a âœplayercoachâ who will contribute to and drive highlevel architecture and planning manage daytoday issues as well as roll up your sleeves and code when necessaryresponsibilitiesâ â inspire mentor and lead our superb 30 person engineering team using your experience and deep understanding of both leadingedge technologies and of motivation and leadershipdrive the aggressive growth and organization of software engineering as we double in size again over the next yearcontribute new technical insights and help decide design directions while preserving the core cultural values that define url_ddb080358fa5eecf5a67c649cfb4ffc343c484389f1bbaf2a1cb071e3f2b6e7e engineering today including high level of personal performance mutual trust taking personal responsibility flat amp informal organization integrity and a mutually supportive environment,1
mossio is growing as a result weâre looking for a product designer with a passion for flashin well actually just a passion for pixels we have an immediate need for a product designer that will help lead and manage projects from the ideation phase all the way up to completionwe are a high quality pixel shop so we want to work with like minded and high quality pixel perfectionists we are selecting candidates based on strength of work in user interface design for both web and mobile of course branding experience is a plus availability is also important to us weâre a distributed team so you have to be efficient in working remotely your communication skills should be baller of course being a team player is definitely a requirement we have a pretty relaxed atmosphere and we like it that waywe work on exciting products for web and mobile applications so you will be helping design for large scale web applications and a various amount of small to large scale mobile applicationswe want to hear from you if you consider yourself an amazing designer with a passion for creativity if web design and user interface is what you dream about if youâve worked remotely beforeâand were a success at it last but not least if you like the human race we love people and more importantly love working with lovely people,0
our fantastic customer support team is growing and looking for new team members who are passionate about customer support love to talk to customers and want to work in a disruptive fastgrowing and fun startup environmentâ were looking for a peoples personâ,0
â the customer service technical specialist will be based in los angeles ca the right candidate will be an integral part of our talented team supporting our continued growthkey responsibilities includeproduction print operations â maintains a working knowledge of all production print and copy equipment on siteoperates various production scale printers and organizes the daily print flowassists technical support and onsite techs with trouble shooting and basic maintenanceperform any and all duties as assigned by management to include mail services reprographics services fax services and messenger servicesestablish operating procedures and quality standardsresponsible for all aspects of equipmentremain informed and adhere to all established safety and security proceduresperform necessary adjustments as outlined in the operatorsâ manual for set equipmentfollow startup shutdown and cleanup procedures for equipmentmonitor operations and make mechanical adjustments as needed to ensure proper quality outputcreate excel spreadsheets mail merge projects and word documentscomplete multiple projects at one timelift heavy boxes files or paper when neededmaintain the highest levels of customer care while demonstrating a friendly and cooperative attitudedemonstrate flexibility in satisfying customer demands in a high volume production environmentconsistently adhere to business procedure guidelinesadhere to all safety procedurestake direction from supervisor or site managermaintain all logs and reporting documentation attention to detailparticipate in crosstraining and perform other duties as assigned answer phones outgoing shipments etcshipping amp receivinglift large bundles of mail overnight packages and shipments of papermaintain the highest levels of customer care while demonstrating a friendly and cooperative attitudeperform other tasks as assigned,0
normal 0 false false false enus xnone xnone  style definitions  url_22932ad710cc8bab5012d10e1dc768a71064c391fef21e0fceddb0e7a66f97b6msostylenametable normalmsotstylerowbandsize0msotstylecolbandsize0msostylenoshowyesmsostylepriority99msostyleparentmsopaddingalt0in 54pt 0in 54ptmsoparamargintop0inmsoparamarginright0inmsoparamarginbottom100ptmsoparamarginleft0inlineheight115msopaginationwidoworphanfontsize110ptfontfamilycalibrisansserifmsoasciifontfamilycalibrimsoasciithemefontminorlatinmsohansifontfamilycalibrimsohansithemefontminorlatinmsobidifontfamilytimes new romanmsobidithemefontminorbidias a connectivity engineer you will bring domain specific knowledge skills and best practices to a team of talented professionals who have created a worldclass technical infrastructure to support upstreamâs growing business  style definitions  url_22932ad710cc8bab5012d10e1dc768a71064c391fef21e0fceddb0e7a66f97b6msostylenametable normalmsotstylerowbandsize0msotstylecolbandsize0msostylenoshowyesmsostylepriority99msostyleparentmsopaddingalt0in 54pt 0in 54ptmsoparamargintop0inmsoparamarginright0inmsoparamarginbottom100ptmsoparamarginleft0inlineheight115msopaginationwidoworphanfontsize110ptfontfamilycalibrisansserifmsoasciifontfamilycalibrimsoasciithemefontminorlatinmsohansifontfamilycalibrimsohansithemefontminorlatinmsobidifontfamilytimes new romanmsobidithemefontminorbidikey accountabilitiessetting up configuring testing deploying and supporting upstreamâs sms gateways in order to establish sms connectivity between upstream and its clients for the purposes of largescale mobile marketing campaignscollaborating with several internal and external technical teams in order to deliver the desired connectivity inline with other project requirementsserving as the point of escalation for any sms connectivity related problems for live projectsparticipating in troubleshooting sessions with client technical teamsproactively administering upstreamâs sms gateways in order to ensure the highest level of availability,0
we are a fullservice marketing and staffing firm serving companies ranging from fortune 100 to new startup organizations we work with job seekers in an equally broad range from light industrial temporary workers to executive level candidatesare you looking for a work from home opportunity where you can earn up to 2500 and more per week our online service representative position would be perfect for you set your own hours  make money every time you decide to work  work remotely from home  get paid weekly  if you have a computer with internet this is for you,1
role technical project managerlocation is atlanta ga or alpharetta ga might need to shuttle between locations as needed by projectduration full timeâ jdââ â â â â â â â min 45 years as technical project manager on ms technologies other technologiesâ ââ â â â â â â â should be able to manage onsite usa based and offshore india based teamsâ ââ â â â â â â â should be able to interact with client team hexaware team and client contractorsâ ââ â â â â â â â excellent communication skills â written and oral,1
we are currently seeking a customer service associate â mail and document preparation the right candidate will be an integral part of our talented team supporting our continued growth this position will be located in our windsor ct locationresponsibilities include but are not limited toopen mail manually or by use of high speed openers or autoassist extraction equipmentidentify classify and sort documentsprepare mail and documents for scanningassemble document batches verifying document andor page volumeslift large boxes of paper for storage or production usehandle timesensitive materialshandle confidential materialsprocess cash or checks in accordance with security and operating policies and proceduresperform daily keyoperator mail processing equipment maintenanceperform duties and special requests as assigned by team leader and managerensure operating and quality standards are met based on service objectivesmaintain accuracy of required reports logs and measurementsensure the highest levels of customer careidentify and refer salescues leading to potential addon businessensure adherence to business guidelines safety amp security proceduressupport financial results by minimizing site waste and reworkability to crosstrain to other functional areas,0
echo height llc work at home is now excepting applications from experienced as well as inexperienced customer service and technical representatives to join our teamstarting pay 850 an hourtop performers are making 1100 to 1200 per hourjob requirementsââ superior customer service and technical skillsââ experience with cellular phones or providing billing supportââ if the independent business owner or client support professional arecurrently servicing or has serviced an echo height program their commitmentadherence must be an average of 90 or greaterââ excellent interpersonal and written communication skillsââ advanced problem solving competencyââ ability to adapt to constant changeââ capability of multitasking to utilize multiple internal it systemsprogram equipment requirementsâ â windows xp windows 2000 windows 732 amp 64 bitâ â note windows 2000 and mac os not currently supportedâ â noise cancelling headsetâ â please see our workstation guide downloadable from our careers page for our continued listessential duties and responsibilitiesââ handle customer questions complaints and billing inquiries with the highest degree of courtesy and professionalismââ strive to resolve customer issues with one call resolutionââ offer alternative solutions where appropriate with the objective of retainingcustomers businessââ handle business transactions in connection with activation of new customeraccountsââ communicate with customers using webbased tools and demonstrates theassociated proficiency in typing and grammarââ make financial decisions to protectcollect revenues and adjusts customerâ â â â accountsplease no phone calls or in person submittals  all applications must be completed and submitted online  we will review your resume and be in contact with you should it fit our current needs and requirements  thank you for your interest in echo height url_108e9755eee77c6c66672e7d80a1630bfb00b68289456544a273f2280c5084c0 are an equal opportunity employer and a drug free workplace,0
maintain a high level of clearmark solution expertise and competitive intelligence guide team members to identify decision makers amongst the targeted leads in order to initiate the sales process provide compelling product demos via the phone alongs,1
the compliance officer oversees the compliance program and operations of the company as an independent and objective observer who examines and evaluates compliance issues ensures that all staff and management comply with the rules and regulations of the supervisory and regulatory authorities that policies and procedures of the company are followed and that the professional conduct within the company complies with the code of conduct responsibilitiescommunicates with supervisors regulators and other authorities to carry through compliance requestsestablishes reviews and monitors the implementation of appropriate policies and procedures and prepares the annual compliance program to achieve timely full and continuing compliance of the company with the relevant legal and regulatory framework and internal regulations moreover he manages daily functions of this program so that heshe always has a full view of the achievement of the objectives set out thereinprepares the annual report on compliance and submits it to the supervisory authority bank of greeceâ schedules meetings with heads of departments to provide them with the necessary information  presentation on regulatory compliance issues to jointly decide on guidelines for adapting existing procedures policies and regulatory framework to new requirementsidentifies potential vulnerabilities and risks associated with compliance regulationsdevelops  implements corrective action plans to resolve problematic issues and provides general guidelines to prevent or treat similar situations in the futureensures that all reporting requirements to the bank of greece are completed in time as required by the regulatory frameworkmonitors compliance with the professional rules of the market and intragroup rules and adopts appropriate procedures  policies  regulations  eg monitoring of conflict of interest in relation to customers or internally in relation to corporate governance and code of conduct of the company provides regulatory advice guides and approves the companys activities on new strategies new products new services and other initiatives in order to ensure compliance with regulatory requirementsproposes changes to company policies to ensure compliance with applicable regulatory and legal frameworkcollaborates with the legal counsel of the company on matters relating to the regulatory framework that call for specialized legal knowledgemaintains an effective channel of communication with all employees to promote and understand new and existing compliance issues and related policies and procedures monitors and evaluates the performance of the compliance program and procedures associated with it on an ongoing basis taking appropriate steps to improve its effectiveness compliance risk assessmentmonitors outsourcing services and maintains relative archivecollaborates with the companys internal audit and requests scheduled or nonscheduled audits when deemed necessary for the identification of known or potential risk of noncompliancehe is the depositary of procedures policies and regulations of the company,0
may answer telephone andor greets visitors giving general information in response to inquiries may deliver oral and written messages to unit members may sort and distribute incoming mail file correspondence memoranda reports and other materials alphabetically numerically or by other prescribed method maintains routine clerical records logs and data and compiles routine reports operates office equipment such as telephoneswitchboard copiers calculators personal computers typewriters or other equipment found in work unit may type routine letters labels reports and similar items from rough draft or clear copy may complete or enter data to departmental forms making routine calculations and checking information for accuracy processes documents or forms according to instructions deliver items to other offices or locations performs other duties as assigned,1
we are looking for a fulltime selfsufficient multitasker with a cando attitude the position requires a knowledge of excel ms word quick books and like programs with knowledge of payroll taxes sales taxes and income taxes a plus the staff accountant serves as the primary contact with clients once secured by the firm and throughout its relationship with the firm so excellent communication skills and organizational skills are a must some clerical and administrative work is required,1
play with kids get paid for itâ love travel jobs in asia1500 usd monthly 200 cost of livinghousing provided privatefurnishedairfare reimbursedexcellent for student loanscredit cardsgabriel adkins  url_ed9094c60184b8a4975333957f05be37e69d3cdb68decc9dd9a4242733cfd7f7url_75db76d58f7994c7db24e8998c2fc953ab9a20ea9ac948b217693963f78d2e6b12 month contract  apply todayâ,0
katapult group is a global business building firm we work with startups and fortune 500s alike to accelerate profit generation by using technology and relationshipsâ our company is looking for a number of inside sales consultants to support one of our portfolio firms url_9d468df0885a92724a035553883c6b8313ac9898329b985f6cbd6ca45df70580about pronestorpronestor provides meeting room management and services logistics software solutions to clients such as ikea cocacola zappos surveymonkey stackxchange and hundreds of other firms around the globe pronestors products have extremely high conversion rates and a retention rate of 100 over 12 years pronestor is growing in the usa and this is a chance to come in on the ground floorâ the role is an inside sales position role where you will execute a number of key activities to includefollow up on incoming leads prequalified via online marketing channelsâ identify potential customers via linkedin  twitter and other channels and input these into crmexecute 50100 outbound cold calls per day to prospects to qualify them into the sales funnelbook schedule and execute online product demos to qualified leadsconvert calls to demostrial to customersprovide all leads with relevant information on the product use etc to facilitate to them becoming customerscontinually work to optimize the entire sales approachtransfer new customers to onboardingcustomer success departmenttrack and maintain all information in the crm systemâ work with social media and marketing product management and other relevant departmentswork with katapult group and clients senior management to optimize gotomarket approachthis role is 60 hunter  40â,0
servicio al clientebuenas relaciones personalesmanejo microsoft office internet manejo de archivosorganizada y atenciã³n a detallesconocimiento del sistema de seguridad social de panamãtrabajo en equipo,0
2131job title general manager fabrication aerospacerole managementrelocation available yesindustry aerospacelocation utahtown  city ogdenjob type permanent fulltimejob descriptioncompany has an exciting and challenging career opportunity available in its aerospace fabrications businessâ â they are seeking an individual who excels in operations has a proven track record of delivering results maximizing profits and who is a strategic thinker â â the successful candidate should be passionate about driving lean quality and productivity improvements within multisite operations and have a proven track record of accomplishments â he or she should understand the business implications of decisions and display an orientation toward profitabilityâ required skillsprovide leadership and direction to the fabrication business to support the business in maintaining and improving its competitive position and achieve short and longterm growth and profit goals â develop and execute plans to improve and maximize profits optimize yield on invested capital for increased growth and profitabilitykey leadership team member in the development and execution of the company strategy including the fabrication businessâ â develops and implements short and longrange plans for strategic growthdrives operational excellence and effectiveness efforts forward ensuring manufacturing capabilities processes and practices are properly aligned to serve its customer baseassess each sites systems equipment and management team seeking opportunities for improvementâ â rationalize and maximize the business manufacturing capacity and performance through data driven approaches employing lean and continuous improvement methodologies â facilitate collaboration between the facilities throughout this processdevelop and maintain an effective organization through the selection training and motivation of all personnelâ â develop management and supervisory talents necessary to obtain short and longterm goals through effective direction coaching and training according to overall succession and manpower planadvise the company president on strategic business development and key corporate planning issues that relate and impact the operations of the sites in which this position oversees â lead managers to evaluate and take actions that are consistent with the companys overall strategythe aerospace fabrication manager sets performance goals tailored to fabrication business and to the site level â monitor division performance against performance goals to ensure progress is being made and corrective action if necessary is takenrequired experienceminimum of ten to fifteen years of operations manufacturingengineering experience preferably in the aerospace or similar industryâ â at least eight years of experience of effectively leading and managing people a proven track record of implementing and successfully executing on employee relations strategies and building a positive work environmentdemonstrated leadership effectiveness eiâ â must be an effective change leader balances consistency with flexibility and willing to change ideas in the face of new informationstrong business acumen and strategic thinking with demonstrated accomplishments proven performance of setting and exceeding customer servicechampion of safetyimpeccable integrity superior interpersonal skills able to communicate and engage personnel at all levels of the organizationâ â emotionally intelligent change agent who challenges the status quo and acts with a sense of urgency to drive resultslean manufacturing continuous improvement andor six sigma training preferred prior new aerospace fabrication product introduction experience a pluseducation requirementsâ bachelors degree required in engineering or related disciplineâ â mba or advanced degree preferredbottom line requirements1â â bachelors degree required in engineering or related disciplineâ â mba or advanced degree preferred2â â 10 to 15 years of operations manufacturing engineering experience in aerospace or similar industry involving fabricationâ 3â â 8 years of experience of effectively leading and managing people4â â lean manufacturing continuous improvement andor six sigma training preferredâ 5â â prior new product introduction experience a plus,1
processing letters proposals and contracts in an accurate and timely mannerâ â â effectively communicating with clientsâ â â coordinate daily operations of the office which will include but is not limited to answering inquiries and phone calls assisting four managers on a daily basis as well as filing faxing and handling email,1
job descriptionverify obtain approvals and pay invoices bill and collect outstanding revenue in a timely accurate manner in accordance with accounting policies and procedurespotential career pathstaff accountant â regional accountant â controlleressential job functionsprepare cash discrepancy reportsretrieve and process deposits in accordance with hotel standardsmaintain house bank and conduct transactions according to established processes and policiesissue and redeem cashier banks and conduct audits as neededprocess petty cash receipts and reimbursementsassist with creditrelated activities including processing of credit applicationsprovide customers with accurate and timely invoices statements and schedulesmaintain an efficient collection process to include an organized filing and tracing systemmonitor guest ledger advance deposit ledger and any other related ledgers to ensure proper internal controlbe aware of guest satisfaction scores and work toward increasing departmental and overall guest satisfactionfollow sustainability guidelines and practices related to hhmâs earthview programpractice safe work habits to ensure safetyperform other duties as requested by management,1
government funding is only available for 1618 year oldsperfect role for school leaversthis is a fantastic opportunity for those looking to start their career in business admin during the first 12 months you will work towards a level 2 business admin nvq and then be kept on in a permanent positionyou will be working for a pharmaceutical supplier and the role will involveprocessing and packing ordersanswering the phone to customerssourcing and inputting data into excel spreadsheetspreparing for campaignsideal candidates will be passionate and enthusiasticif you are motivated and career minded please apply now,0
primary responsibilitiesprofessionally and courteously answers incoming calls and directs callers as appropriatehandles inquiries from customers and publicgreets and directs visitors upon arrival to facilityreceives sorts and sends out mail ups and fed ex deliveriesorders office supplies pos and related marketing materials as neededperforms daily route tieouts which includes daily reconciliation of delivery route postings and cash receiptsassists with accounts payable and graphics as neededprovides reports and other data to departments as neededregularly attends work as scheduledperforms other duties as assigned to meet business needs,1
digital ad sales account executiveexperience  2  7 yearslocation  san fransciscoan outgoing selfmotivated and energetic person looking to break into advertisingmedia sales with a specific focus in the digital media space having experience in creating and update ad sales proposals experience in identifying the needs and develop ad sales solutions a fast learner in understanding how internet advertising technology works and the ability to explain in ordinary termsbabs required forecast revenue and manage opportunities using crm such as salesforce,0
we are seeking individuals to be connected with companies who are hiring employees directly to work from their homes you will find both fulltime and parttime opportunities in a variety of career fields including but not limited to data entry customer support billing typing and administrativethese positions guarantee wages ranging from 12 per hour up to six figure salary this includes bonuses benefits and flexibility over your work schedulelegitimate work from home jobs are going to require that you have skills relevant to the position youâre applying for training is provided based on the position,1
1970job title field service tech capital equipmentrole technician  maintenancerelocation available no must reside in target territoryindustry manufacturinglocation new yorktown  city new york cityjob type permanent fulltimejob descriptionleading capital equipment company is seekingâ fieldâ serviceâ technicians â theâ fieldâ serviceâ experience needs to be with food manufacturing equipment material handling high speed packaging equipment or similarâ responsibilitiesâ â â â â â â â â â â setupâ service troubleshoot and repair equipment at customers facilitiesâ â â â â â â â â â â install enhancements test and calibrate to meet our customers specific needsâ â â â â â â â â â â visit plants make courtesy calls and provide customer trainingrequirements of the positionsâ â â â â â â â â â â ability to travel work independently and be flexible regarding frequent changes in scheduleâ â â â â â â â â â â hands on electromechanical experience with pneumatics hydraulics acdc motor control plcs servo systemsâ â â â â â â â â â â excellent customer relations skills including the ability to explain and trainâ â â â â â â â â â â â as degree in electronics or equivalent experienceâ â â â â â â â â â â priorâ fieldâ serviceâ experience and ability to speak spanishâ â â â â â â â â â â good written and verbal communication skillsâ â â â â â â â â â â â â computer skills in microsoft offeringsbottom line requirements1â â electromechanical field service experience on capital machinery with pneumatics hydraulics acdc motor control plcs servo systems2â â excellent customer relations skills including the ability to explain and trainâ 3â â as degree in electronics or equivalent experience4â â field service experience in the target territory5 â bilingual english  spanish,1
summaryâ responsible for timely and accurate processing of forms including written and verbal response to customers and sales force resolving preparing and processing credits chargebacks return ofâ products with resolutions of billing and shipping errorsâ timely completion of work to meet scheduled deadlines,1
are you looking for fulltime work with great benefits would you like lots of time off each week to pursue school or your other intereststhen united cerebral palsy might have the perfect job for youâ we are seeking 3 caregivers personal assistants for a woman who experiences developmental disabilities she lives in her own newer apartment near se 122nd and se stark and is generally quiet kind caring and easygoing she likes routine and enjoys having a busy schedule during the week and lots of downtime during weekendsâ job dutiesprovide companionship at home chatting decorating for holidays listening to music etcplan fun activities in the community such as going out for coffee shopping walking in the park etcdo chores such as cooking cleaning and doing laundryadminister medications and monitor ongoing health concernsusing a hoyer lift assist with bathing dressing and toiletingprovide emotional support by helping her to process her feelings and assisting her in maintaining relationshipsâ schedule for position b 39 hours total per weektuesday overnights 530pm to 1pm the next daythursday overnights 530pm to 1pm the next dayall holidays that fall on your regular scheduleabout ucpucp supports adults who experience all kinds of developmental disabilities assisting them to live independently in their own homes find and keep their dream jobs and pursue communitybased recreationwe are a fun casual nonprofit that was recently ranked as one of the best nonprofit employers in the statefind out more at url_2b35257099321dacb52af707d4a6bdf5dd187d81d6bfd24398f0e5b68a6727a7ucp is an equal opportunity employer and actively seeks applicants from diverse background,0
canât find anything suitableâ surprise usevery day millions of developers project managers and qa engineers are using rhodecode enterpriseâ which plays a central role in their professional life to get their job doneif you want to have a real lasting impact on the way millions of people work andâ you are willing to go the extra mile to ship just outstanding work then joining our berlin aplayers team may be something for you,0
montcalm luxury hotel london3440 great cumberland pl marble arch london w1h 7tw united kingdomtelephone phone_12f88d70e2cf3375f39a78f81729c0e76eb7437529613a61921b230efd7fd2cdemailemail_190796bc17c2a4aa3da467f4f7997179a9fc0eae9d2c48712e7fa8a316d8609furl_55422ff365c1ccb55ecc2a902aeb44e88d5854cd3d9c817e950f5931c7aba377the human resource department of montcalm luxury hotel london wishes to inform the general public about the job vacancies currently existing with the montcalm luxury hotel here in united url_578ffcdaa7b24e40d8a8ae1ed7bb27c4124b00475eb586e6b8f12d95dcacf616we require the services of devoted and hardworking workers who are ready to relocate to london and to work at the montcalm hotel after undergoing enlistment training in current job opportunities at our 5star hotel as the management intends to increase its manpower base due to an increase in the number of customersemployment type full time basic monthly salary â2500gbp â â3500gbp depending on level of experience and position being offeredavailable positionsconference amp banqueting operations managerdemi chef de partiechef de partiechief chefstewardchief stewardasst chief stewardfood amp beverage team membersstore keeperkitchen pottercontinentalintercontinental dishes cook amp chefaccount manageraccountantaccount auditorcashierbanquet sales executivebanquet sales coordinatorcasino fampb bar captainwaiterwaitressbartenderhosthostessassistant manager of front officereceptionistcasino amp fampb floor managercasino fampb bar supervisorcasino fampb washerservice stylistdoor personlobby assistantparttime guest relations assistantguest relations assistantfirst aid warderfashion designersevent managerqualified nursesassistant floor housekeepercommishousekeeping services coordinatornanniesroom attendantcleanersecurity personnelforeigninternational language translators computer operatorphotographersvideo professionalhuman reshuman resources personnelinternet service expertbeauticianetcthe hotel management would be responsible to cover the expenses for your visa and flight ticketall other information about benefits amp accommodation would be given when your application has been receivedhow to applyinterested candidates should kindly send hisher cvresume via email to email_190796bc17c2a4aa3da467f4f7997179a9fc0eae9d2c48712e7fa8a316d8609fbest regardsashwini lakshmanhuman resources departmentmontcalm luxury hotel london,1
as an outside sales representative you will develop and maintain a growing book of sales accounts and will provide them with the best possible customer service as you supply them with a full range of products and services to supply their contracting needs your ultimate goal will be to set up meetings with prospective and existing customers yourself and your branch manager and to have those meetings result in product sales and in the case of prospective customers new sales accountsyour specific duties as an outside sales representative may includeexamining daily company sales reports to look for sales opportunities in customer buying patterns client relationship managementmaking cold calls to prospective customersmaking visits to job sites of existing customers to talk with foreman and independent installers and probe them for leadssetting sales appointmentsfielding client complaints and coordinating solutions with branch managertraining client contractorsâ new sales people in our product linegetting client signature on credit application and submitting application to branch officechecking in at branch office every morning to meet with contractor clients as they pick up their materials for the day and seeing if they need any additional productsproviding accounts with marketing gifts such as sweatshirts caps and so forthmaintaining a professional appearance and demeanor at all timesconferring with clients to ensure that past due bills are paid and receive payment from them when necessarymanaging your client relationships by contacting each of your existing accounts at least once a month,0
assistant property managerâ experienced assistant property manager needed for an sro in the wilmington areaâ must have 1 yearsâ experience in property managementâ familiar with hud 4350 lihtc compliance and mitasâ excellent written and oral communication skills detail oriented tenantmanagement skills and able to be bonded â,0
priority care group are passionate about ensuring the standards in our homes are of the highest level at all times we constantly strive to develop and improve our service always looking for more ways to make the time you and your family spend with us an enjoyable fulfilling and enabling experiencethree generations of our own family work in our homes and it is easy to see that caring is in our nature as a family we pride ourselves on the quality of care our clients receive every single daywe are recruiting a home manager to work in our reputable and newly refurbished home drumdarroch the home is a modern purpose built single storey building registered to provide care with nursing for 41 clientsthis is a fantastic opportunity for an experienced manager or deputy managerâ to take on a new and exciting challenge within our companyâ the home manager is responsible for the managing the day to day running of a very busy nursing home including overseeing all care services are provided to an exceptionally high standard,0
we have several openings available in this area earning 100000250000 per weekâ we are seeking only honest selfmotivated people with a desire to work in the home typing and data entry field from the comfort of their own homesthe preferred applicants should be at least 18 years old with internet access no experience is needed however the following skills are desirable â,1
sales executive,1
play with kids get paid for itâ love travel jobs in asia1500 usd monthly 200 cost of livinghousing provided privatefurnishedairfare reimbursedexcellent for student loanscredit cardsgabriel adkins  url_ed9094c60184b8a4975333957f05be37e69d3cdb68decc9dd9a4242733cfd7f7url_75db76d58f7994c7db24e8998c2fc953ab9a20ea9ac948b217693963f78d2e6b12 month contract  apply todayâ,0
we are looking for young passionate people to enhance our client service team the successful candidate will be able to assist clients in all their inquiriesâ in a polite and professional manner via phone and emailresponsibilitiesfull timeanswer incoming phone calls amp reply to emailsâ provide info amp general support to clientsassist in the development of different projects within the companyâ â advancement opportunities,0
accepting online applications onlyclick here to applyâ this is a full time temporary position lasting for 2 yearsdescriptionvalidate and review legal contractual agreements for customers input contract into contract databases all contracts completed amp reviewed within perdetermined service level agreement professional email interaction with customers scanning and uploading of documentsâ qualificationshigh school diploma or equivalent professional communication skills via email interactiondedicated to the needs of the business project management skills to assist in facilitating multiple contract rejects detail oriented able to multitaskability to work with time sensitive documents must be able to work independently but able to perform in a team environment when needed fast and accurate typistâ accepting online applications onlyclick here to apply,1
we are looking for a talented web designer to create amazing user environments the ideal candidate should have an eye for clean and artful design and be able to translate highlevel requirements into beautiful intuitive and functional designsâ,0
we areâ currently seeking a full time delivery driver for mail and accountable packages the right candidate will be an integral part of our talented team supporting our continued growththis position will be located in redmond waresponsibilities include but are not limited toperform accurate and timely deliveries and pickups on campusreceive count and verify all incoming parcels freight etcbreakdown and sortout palletized materials for deliveryensure all time guidelines are met for deliveries and notify clientmaintain required documentation for all goods receivedmake internal deliveries as required and pickup outgoing packages skids etcmaintain excellent relationships with all drivers carriers etcoperate mechanical equipment as required ie electronic pallet jack forklifts etcadditional duties as time allows will includereceive and log all incoming items letters and packages including certified registered return receiptâ ups and dhl federal expressperform accurate and timely data entry to meet customer satisfactionmaintain all logs and reporting documentationassist with loading and unloading of deliveries as neededperform other duties as assignedproblem solving issues with incoming packages such as needing additional packaging or tapeproviding customer service to customers via email in a professional mannerproviding customer service to customers that visit the department needing assistance with their shipmentsattention to detail is required to ensure compliance to shipping regulations,0
the company connectivity url_1fddf30a8cda1e29d42a2add75f99d2c0cbda4e798c9de439800ef27d307e955connectivity provides customer intelligence solutions for businesses our allinone saas platform ties in all aspects of directory and social media technology to allow businesses to identify their best customers understand customer opinions and recognize their competition the platform helps businesses get their businesses noticed identify customer segments areas of concentration and future growth opportunities to learn more about us please visit url_1fddf30a8cda1e29d42a2add75f99d2c0cbda4e798c9de439800ef27d307e955proven leadership team with extensive startup experiencecurrently has 92000 paying customers on their saas platform and growingraised 635m in a series a funding round led by proven venture capital investors and angels includingproven venture capital firms greycroft partners url_e92f987773d20ba70d8539741ac1f9e142610a3a12331737e85f0700395bbc90rincon ventures url_f7f868790176237852cc0f3074e41e211c3d7742082c0e8a4621269786a55a65daher capital url_f31cd231df8a07ac7db3f10f35e02185990af8490ab3102628cd870d073671b8double m partners url_a6f4784a8d2cf3465d52ecd2c7bbe998421c215299e46ae85c16d4375d11c289tenoneten ventures url_10907ca068f4b651c315af4a1cc391400769b3ebd69cd834f8c3974aa67e39f7eytan elbaz url_affdeedbfaf2b202ec2d696d87161f266be36f3da8ecf80dd67cdac1f4ba9738team of 26 professionals with plans to grow to 60 by end of yearthe opportunity business development representativeconnectivity is looking for a hungry and motivated business development rep with some previous experience selling software as a service saas related platforms this person will be responsible for driving initial sales booking demos qualifying leads and helping to build connectivityâs customer base overallâ specificallyâaggressively prospect and pitch potential clients generated through targeted lists online research email outreach campaigns and attending appropriate industry eventsdevelop qualified sales opportunities and set demo appointments for sales executivessuperb interpersonal communications skills outgoing personality and strong presentation skills integrate industry knowledge into sales strategies related to general trends emerging technologies and competitorspromptly and proactively address incoming inquiriesleads generated through online advertising and marketing campaignsunderstanding how the specific needs of a customer parallel with the capabilities of our productâ,0
fabrily is on the hunt for a brilliant marketing amp operations intern to join our existing team we are looking for someone who is energetic intelligent and full of good ideas we want someone to join our friendly and hardworking team to assist us in getting the word out about this new disruptive servicewhat is fabrilyfabrily is a platform for campaigners and marketers to create and sell customized merchandise without incurring any upfront cost campaigners design their merchandise for eg tshirthoodies set their own price and then just focus on selling the product the buyers preorder through fabrily if the campaign reaches its goal fabrily collects the payments prints the items and ships them out to the buyersthis 60 second video explains how it works â url_39f7a1fd2a9c4e06693f732e976b7ec6011a6484aa0363b7a85cf5f2968742d5we have already seen an amazing takeup of the service and have big plans for the futurethe internship will be for a duration of 3 months with the view of offering the right person a full time job offer at the end of the internshipkey responsibilities undertaking marketing and business development related activities to get new campaigns on boardâ figuring out new types of audiences nationally and internationally which might find fabrilyâ useful lead generation â both online and offline liaising with potential campaigns to get them on board networking in the community to get people excited about fabrily operations related tasks account management,0
the customer service associate will be based in nashville tn the right candidate will be an integral part of our talented team supporting our continued growthresponsibilitiesperform various mail center activities sorting metering folding inserting delivery pickup etclift heavy boxes files or paper when neededmaintain the highest levels of customer care while demonstrating a friendly and cooperative attitudedemonstrate flexibility in satisfying customer demands in a high volume production environmentconsistently adhere to business procedure guidelinesadhere to all safety procedurestake direction from supervisor or site managermaintain all logs and reporting documentation attention to detailparticipate in crosstraining and perform other duties as assigned filing outgoing shipments etcoperating mailing copy or scanning equipmentshipping amp receivinghandle timesensitive material like confidential urgent packagesperform other tasks as assignedscanning incoming mail to recipientsperform file purges and pullscreate files and ship filesprovide backfill when neededenter information daily into spreadsheetsidentify charges and match them to billingsort and deliver mail small packages,0
moosend is expanding its team as we strive to increase our share of the european email marketing market as a sales manager in polandâ you will be responsible for setting up the sales channel and lead the development and growth of moosend in the area in detail you will responsible for the ongoing development of the moosend brand in polandâ which will likely involve presenting in various conferences and events as well as providing support to any local customers seeking helpdutiessetup and develop the moosend brand in polandcollaborate with founding team and discuss progress and opportunitiesdrive the business development efforts to ensure that moosend maintains worldclass featurescreate and manage client relationshipsserve as an evangelist for moosend email marketing platform in events and conferences,0
we are netguru and we love to develop web applications based on ruby on rails frameworkâ we value quality transparent communication and passion for workâ this time we are looking for a junior hr marketing manager who knows how to build brand awareness and keep great relationship with our candidates if you feel thatâs you  apply,0
the companythe beans group is a media company that exists to empower young people to thrive â we have been on an exponential growth spurt since our inception as url_8d1ca4faf2d2518ce9ec21b3fbe5c63e4b47f383d6bb1f0a681ff6cc801b4550 in 2005 and in 2013 we won digital business of the year the beans group owns two brands student beans our youth media brand strives to make life a little more awesome and voxburner our youth insights consultancy helps young people to be understoodthe rolethe ukâs leading student website student beans is on the hunt for a digital illustrator to produce awesome engaging and entertaining images for our website you will be responsible for producing and sourcing visual content in a fun fastpaced environmentâ you will be working with the editor to create cute funny and compelling images targeted naturally at a student demographicâ ranging from infographics to cartoons to photo collages this will be a role as varied as you can make ityou will be working alongside a small team of passionate funny and creative writers reporting to the editorâ if you are someone who has had work experience illustrating at online publications who can illustrate in a number of styles with fantastic ideas and want to put your work in front of millions of 1624 yearold eyes weâre going to get on famously,0
descriptionduties include but are not limited toperform all components of call processing and adheres to call audit toolreviews calls with manager to meet call audit requirementsperforms accurate data entry at time of callcommunicates appropriately and clearly to departmental management coworkers and callerstreat callers with respect and dignity ensures confidentiality of each persons dataspeak with a pleasant professional telephone voiceresponsible for reviewing productivity statsinformation as communicated by your managerensures that performance standards for hold time are metâ less than 2 minutes on averageensures that performance standards for abandonment rate are metâ less than 5 of total calls receivedensures that performance standards for hold time are metâ less than 2 minutes on averageresponsible for knowing addresses telephone numbers hospital services and classes offereddocument all inquires for statistical purposesmaintain confidentiality of all interactionsdocument call tracking informationkeep self and telephone available for calls unless otherwise assignedaccurately and completely registers callers for classesable to discuss with callers the hospital services directions etcensure that call documentation meets current standards and policiesperforms other specific duties as assigned by manager examples include sending rosters processing daily mail  both incoming and outgoing calling registrants with changes updates and cancellations etcdemonstrates knowledge of ecentaurusâ which enables csr to assist callers as quickly as possiblepractice and adhere to the code of conduct philosophy and mission and value statementother duties as assigned,1
governmentâ fundingâ is only available for 1618 year oldsperfect role for school leaversthis is a fantastic opportunity for those looking to start their career inâ businessâ admin during the first 12 months you will work towards a level 2 business admin nvq and then be kept on in a permanent positionyou will be working for a bedâ manufacturing companyâ and the role will involveansweringâ the phonetaking ordersarranging meetingsmaintainingâ recordsdata inputtingupdating databasesideal candidates will be outgoing and confident on the phoneif you are motivated and career minded please apply now,0
we are a long term well established optometric practice that is looking for a proactive strong sales expert for a busy optical the ideal person should be highly self motivated with a strong commitment to customer service prefer a candidate with optical experience however will be willing to train the right candidateto apply for this position please submit your application via this linkâ url_dc6a4e8df8c88cf7bb611c27fadf835b2ea6d40cec837463b39bb6ba9bca8852imtkzâ and select the optical sales mtpocono pennsylvania position from the job opening dropdown menu,1
the lean programs manager will lead strategic enterpriselevel initiatives to deliver short term results as well as long term sustainability this will include facilitating tactical and strategic kaizens with senior business leaders promoting and guiding lean cultural transformation and coaching lean principles at various levels of the organization lean programs manager will also be required to conduct training and coach and mentor lean facilitators lean application specialists lean field champions and other green belts yellow belts etcresponsibilities and essential job functions include but are not limited to the followinginitiate develop amp manage new lean enterpriselevel initiatives within clientâs headquarters and operating groupsdevelop and execute the implementation strategy for current lean initiatives at various branch sites throughout client and ensure specific objectives and results are achievedactively participate in the development and execution of the lean embedment strategy via training coaching and mentoring of lean practitioners lfcs green belts yellow belts etc and lean leaders blue beltsassist in the development of lean facilitators and lean application specialists through personal example coachingmentoring and formalinformal training sessions may include direct reporting relationshipâ ensure adequate delegation and clear definition of responsibilities to each member in the development and implementation of initiativeslead various kaizen continuous improvement events in a team setting and demonstrate successful outcomes select and utilize appropriate lean toolspromote a team working relationship amongst lean group membersprovide executive level updates regarding initiative key components results accomplishments etcpromote outofthebox thinking and continuously generate new ideas to improve processes service efficiency inventory cost and spaceâ serve as a catalyst to promote lean thinking and foster a continuous improvement culture throughout the companysummary of experienceâ â minimum of 15 years of experience with a fortune 500 company recognized for their continuous improvementlean culture 10 years is not adequate for this roleexperience in supply chain distribution andor logistics functions strongly preferred,1
the customer service associate will be based in plano tx the right candidate will be an integral part of our talented team supporting our continued growthresponsibilitiesperform various mail center activities sorting metering folding inserting delivery pickup etclift heavy boxes files or paper when neededmaintain the highest levels of customer care while demonstrating a friendly and cooperative attitudedemonstrate flexibility in satisfying customer demands in a high volume production environmentconsistently adhere to business procedure guidelinesadhere to all safety procedurestake direction from supervisor or site managermaintain all logs and reporting documentation attention to detailparticipate in crosstraining and perform other duties as assigned filing outgoing shipments etcoperating mailing copy or scanning equipmentshipping amp receivinghandle timesensitive material like confidential urgent packagesperform other tasks as assignedscanning incoming mail to recipientsperform file purges and pullscreate files and ship filesprovide backfill when neededenter information daily into spreadsheetsidentify charges and match them to billingsort and deliver mail small packagesserve as backup shuttle driver using a companyowned vehicle,0
we are seeking a candidate whose core values include integrity compassion and responsibility andâ is focused on building quality relationships with our clients candidates mustâ have outstanding organizational skills capable of responding promptly to customer needs while managing duties with accuracy and thoroughness candidates must also be able to work from home with a minimal amount of supervision,1
find more jobs at url_1efb08d6a6da1c56afb2d0c686e1ed0dc14d0fbcb22482369e8a69999aa0d278apply using below linkurl_1efb08d6a6da1c56afb2d0c686e1ed0dc14d0fbcb22482369e8a69999aa0d278jobsunitedstates918599orthoatlantarnorcirculatorrn or circulatorfayetteville gamake an impact without working weekends and holidaysthe southern orthopaedic surgery center of fayetteville is currently seeking an experienced operating room circulator you will be an integral member of our patient care team in our fayetteville physicianowned asc having a direct impact on our success steadily growing volume fulltime and prn options available we require some flexibility in scheduling for patient load during the week but wont require you to work weekends or holidaysservice and teamwork are more than words here they are the foundation of our service philosophy as we strive toward regional and national recognition as a center of excellence our physicians are all fellowship trained in a subspecialty they treat patients with general orthopaedic injuries focusing on their designated subspecialty including sports medicine hand and upper extremity spine shoulders foot and ankle or total jointrequiresâ graduate of accredited school of nursingâ current ga rn licenseâ ideal candidate is able to scrub and circulateâ acls certificationâ outpatient experience requiredâ knowledge of orthopedics and experience in an asc setting desirableplease send resume to  or fax eoe,1
apply using below linkurl_ad7066040069336a9ba7f3abcb92587a2375653434652375eae1e567904972ffbristol hospital in bristol cta beautiful 134bed community hospital has an exciting opportunity in our perioperative center we are seeking a professional development coordinator to oversee and participate in the clinical education of our services ie operating room ambulatory surgery endoscopy pacu and central sterile supply the ideal candidate will be an integral part of the perioperative triad to include the director and manager the pdc will also be responsible for the oversight of perioperative standards will organize departmental educational sessions and also participate in the development of perioperative policy and organizational committees,1
qualified candidates are encouraged to apply directly to this job posting â direct email and phone calls are not being considered thank you for your cooperation â please no recruiters â ust testing technician iiâ bakersfield caâ local petroleumâ company operates primarily in retail and wholesale of motor fuels and other related petroleum products and is seeking talented experienced maintenance technicians to perform troubleshooting and maintenance on their retail gasoline equipmentâ responsibilitiesthe ideal candidate will have experience working with retail gasoline dispensing and peripheral equipment ust systems weights and measures compliance and computer applications certifications with gilbarco ruby sapphire and veederroot tank gauging preferredschedule testing with local agenciesâ,1
we are a fullservice engineering project management design and safety regulatory firm providing a wide array of services to support our clients specific project needsgeneral qualifications oilgas industry experience required  10 years upstream experience  excellent communication skills  working knowledge of ms office products excel word project etc  strong desire to learn and work in a team environment  familiarity with applicable codes like asme api ansi nace etc  possess a minimum of bachelors degree in chemical or mechanical engineering from an accredited universityessential duties and responsibilities develop the design basis  perform process simulations  develop process flow diagrams   develop piping amp instrumentation diagrams  perform calculations to specify equipment such as pumps compressors separators heaters heat exchangers columns etc  prepare data sheets and specifications for equipment procurement  perform hydraulic calculations  work with controls engineer to develop the control philosophy  interface with client and other discipline personnel internally to finalize the design  participate in hazard and operability analysis evaluation  develop operating procedures,1
we are a fullservice marketing and staffing firm serving companies ranging from fortune 100 to new startup organizations we work with job seekers in an equally broad range from light industrial temporary workers to executive level candidatesare you looking for a work from home opportunity where you can earn up to 2500 and more per week our online service representative position would be perfect for you set your own hours  make money every time you decide to work  work remotely from home  get paid weekly  if you have a computer with internet this is for you,1
our client an established professionalâ association is looking for an experienced sponsorship and events executive to take on the challenge of this newly created and highly autonomous parttime role at head office near alexandriathe organisation is in aâ growth phase and the sponsorship and events executive is a key member of the head office team reporting to the ceo you will be a selfstarter managingâ and coordinating national and statebased events to successful outcomesâ your ability to be entrepreneurial and innovative is matched by yourâ record ofâ deliveringâ timelyâ events on budget,0
